"RelativePath","OriginalSha256","PlannedSha256","Changes","Deduplicated"
"_待确认\27_1000\基础篇\概率\C28 随机变量的数字特征\1-MCQ\1000-XG-TD34290-Q003.md","5ecb4b91fcb2834a797fbfcee946ab9d38a3c5ebdd62c2796130f04a18c4b0c3","d1778b9eced1a3e42137cf9f4c3d200136ac15975a636a1c1732fe9056b3a488","1","0"
"_待确认\27_1000\基础篇\概率\C28 随机变量的数字特征\1-MCQ\1000-XG-TD34290-Q004.md","8ab887c0c076f9c95a8f5936bad4db135ab5ae804bca32ea0bac4da2e1c05be4","f659bd2766db78547d5a67603210fca039171848e0ded0885b1dcc10ceb92de2","1","0"
"_待确认\27_1000\基础篇\概率\C28 随机变量的数字特征\1-MCQ\1000-XG-TD34290-Q005.md","60e30b5f75a3886240c87620386e64667056abc6b49924b25302ede181c54091","27bf495efd179c227f24f5d9ca7bb0ef484c9d0e26a2c97ac23f6929eb0cfe15","1","0"
"_待确认\27_1000\基础篇\概率\C28 随机变量的数字特征\1-MCQ\1000-XG-TD34290-Q010.md","204a0950fcb9a2c9a4887cd108996448d51554bd09414d186206e3d37f1c3ae9","6188a775cb343426a7aa0b6634192e06a0a270ebd19d77b77652cae759080746","1","0"
"_待确认\27_1000\基础篇\概率\C28 随机变量的数字特征\1-MCQ\1000-XG-TD34290-Q011.md","0a9a1b13461734c15dff54a41244ac28d4718680085b0448a3adbc9cf7720142","0ab55beec98c357632a91d3f521a4cb0752b80e30940be63cfd94ba426800a4e","1","0"
"_待确认\27_1000\基础篇\概率\C28 随机变量的数字特征\1-MCQ\1000-XG-TD34290-Q012.md","d3826979b9769afd8db98cbb60a6c0893310b2c46a6cdec69e29787e53754041","b9d2d9808262f8660586b24acb4b0535c07949ece4219b435cf70d1d7ef910b4","1","0"
"_待确认\27_1000\基础篇\概率\C28 随机变量的数字特征\1-MCQ\1000-XG-TD34290-Q013.md","9c2be7e3e626ab37c48b4352b1aff2ab52178d3314f52d374968757a3dd167f5","2a4db6e2075e7ae2116e30e0615bd6e1e628562687fc0ce1c41b52ec286bfc2e","1","0"
"_待确认\27_1000\基础篇\概率\C28 随机变量的数字特征\1-MCQ\1000-XG-TD34290-Q014.md","63c9ea0884d631986636abf5e4b3b890b46bc5bb466ad25c450dfdcf94f5b447","8f1d1d9c9c0aaf2bef7edeaaf63cec5a178da540e0cef3cb5117ed440cec6575","1","0"
"_待确认\27_1000\基础篇\概率\C28 随机变量的数字特征\1-MCQ\1000-XG-TD34290-Q015.md","05a17c6f68858e111685cbaadafd7378ac6bcbb6ed8e4d7065e3e591b6cbc601","fbaedf8e73998175480ade866b7f51535c25af555260ce5960fcf47ff2321de0","1","0"
"_待确认\27_1000\基础篇\概率\C28 随机变量的数字特征\1-MCQ\1000-XG-TD34290-Q016.md","9393c180fd813b87312ff6385d5b35d3d15d16229c6d60fdfbfbf977e6aa1c4a","7edc8f9b21ef4574ccb200c691f474759dd3f2b745f2cdc18122fa5955b44289","1","0"
"_待确认\27_1000\基础篇\概率\C28 随机变量的数字特征\1-MCQ\1000-XG-TD34290-Q017.md","dd2a3e755f500a582e82f62529d1785af08321b24dc4e39bd1713f0021a69d67","7d644a34f900e4a50b5509b73e5e4ba64ad61c684e688fd06c4949d38e0e61e8","1","0"
"_待确认\27_1000\基础篇\概率\C28 随机变量的数字特征\1-MCQ\1000-XG-TD34290-Q018.md","489f89e7f3e9fb69195fddba030420ef74fe7b3ce662c05d99b1eb874ffe142f","4945c24285161d6499232e1338a9c6d056a6b393b69944bd60b9347bfdd75e69","1","0"
"_待确认\27_1000\基础篇\概率\C28 随机变量的数字特征\2-FIB\1000-XG-TD34290-Q001.md","184dc6ec02a317604e91f199808480c9f40e556f742c6d1a157aafa560a0570b","9e00f9dd6b3ca6a69f1998114af5c68ee56389e4a21f9f109b7861a7fc49db2e","1","0"
"_待确认\27_1000\基础篇\概率\C28 随机变量的数字特征\2-FIB\1000-XG-TD34290-Q002.md","a8d399d24d13a249e131b72f4773a2623eaec89fa550ad96f429f3ff7a0faeff","fe427088287123efab5ce21d9f0875e90dab577bbd6ecbd08f186f1d3e39fa5f","1","0"
"_待确认\27_1000\基础篇\概率\C28 随机变量的数字特征\2-FIB\1000-XG-TD34290-Q006.md","55166c137dffed6665bc31ad7398562dbb7dac347b8f030f7580ede7be530b40","64fa83bfc75dcb8a1690d51b4edc8c6ed851089fe49810d3edd8cb86d6fc8337","1","0"
"_待确认\27_1000\基础篇\概率\C28 随机变量的数字特征\2-FIB\1000-XG-TD34290-Q007.md","51953a9e149d82a525ef5717d9bf9e31a567d47cd562c3615a5384dcd9a886e7","03857649cbd0595432a04ad40308b9b8dd64fc7df2d8e33026efa1ad13678536","1","0"
"_待确认\27_1000\基础篇\概率\C28 随机变量的数字特征\2-FIB\1000-XG-TD34290-Q019.md","b1dafa98e8876aff929d0d0b57ea3be71a1e2cf6218340241dbe6ad40d7e9fac","c4d15a0710dbf058aef6ace653f0241ebd982ff721d50eccad10a81332b240d7","1","0"
"_待确认\27_1000\基础篇\概率\C28 随机变量的数字特征\3-FRQ\1000-XG-TD34290-Q008.md","24c4175e9b460b10eaed10291d58cde8c59178099fdf69c671bf1238a8c41fb1","31aaaa5d349ff4145e74ee77e8a2bdc4c3dfa80c85998bc6da2fc9ee1c34ad71","1","0"
"_待确认\27_1000\基础篇\概率\C28 随机变量的数字特征\3-FRQ\1000-XG-TD34290-Q009.md","3bf30b7828096e577cbc125b840db9a558b6c72e1c1b0fb3ffb218ba18e2419e","972aa5971b6d9908075d20e8f9ecbf9cea0a305156c9a2f0cb8dca22c31ec168","1","0"
"_待确认\27_1000\基础篇\概率\C28 随机变量的数字特征\3-FRQ\1000-XG-TD34290-Q020.md","f04859e8a6607d6629093390232715accf8b3f60123aa52cabed79a4125afe46","4c6a4e31d2ff41fe983c7c395fba98f611e5fa310bd8e616b14b7f5280d93d6e","1","0"
"_待确认\27_1000\基础篇\概率\C28 随机变量的数字特征\3-FRQ\1000-XG-TD34290-Q021.md","e05dd9945e8db8b299b604a7a4f06afe4597e99dfae0da5b652b0e4fff6ea409","e74484d731c8aa59ac3b23fb423e9df717d58e8893041726d45a70f588f71020","1","0"
"_待确认\27_1000\基础篇\概率\C29 大数定律与中心极限定理\1-MCQ\1000-XG-TC25828-Q003.md","187965fcb3f8e88c73535603d73615b8c93e546ba0a7834f5def91711ba3fccd","f48dc254125c4ee1348cb19caf356ca1fc8651430cdde4ee46147fd8aa5302a3","1","0"
"_待确认\27_1000\基础篇\概率\C29 大数定律与中心极限定理\1-MCQ\1000-XG-TC25828-Q004.md","8425de2d99c9b208708b192232fd0a42d154a97753a7cd42a16573d9e0cddb83","620a15a175f81e5f24417916647a92e921d318eefb6836e03d5e4a27a761f230","1","0"
"_待确认\27_1000\基础篇\概率\C29 大数定律与中心极限定理\1-MCQ\1000-XG-TC25828-Q005.md","dc77fce6d820e145d869394fd0405eebd87698fd7f070a529b4104370d368a1f","b6d051149e465e3eb443256b6f0832054410efb284935d58f81c722c69aa0b89","1","0"
"_待确认\27_1000\基础篇\概率\C29 大数定律与中心极限定理\2-FIB\1000-XG-TC25828-Q001.md","cc37319728b5fb75b9e911a9bfb1fa81287f9946dbf48542290740053283d119","64e0a7aed6773da598984d69cff91edf427341cacd61609925ea5151e1e9ff05","1","0"
"_待确认\27_1000\基础篇\概率\C29 大数定律与中心极限定理\2-FIB\1000-XG-TC25828-Q002.md","9e7fdbae9805a545a6002d5a5fa57451098d3a4111330ccdb15642fa17f60103","4f452009c1c42ca03dea501963016ad904ff9b26b2f9e741b62320f7c9efc637","1","0"
"_待确认\27_1000\基础篇\概率\C29 大数定律与中心极限定理\2-FIB\1000-XG-TC25828-Q006.md","8d858350de34d5adae4a2f2c3006e272d6a8cb70473c0f4d653cb0b2b3183edd","5957d94db08250aec072ab6e750a3bb1aa731a018ceb9f3cd196c9dd54d60690","1","0"
"_待确认\27_1000\基础篇\概率\C29 大数定律与中心极限定理\2-FIB\1000-XG-TC25828-Q007.md","1033593032d5be019f78330e59ed1b8430a53262bb0842bc8f8d73cfda4c4fe8","c5e8e902c0c2140350ba5f9ce24f25238e74781ad500b86de94e49e2a8b6f54e","1","0"
"_待确认\27_1000\基础篇\概率\C29 大数定律与中心极限定理\2-FIB\1000-XG-TC25828-Q008.md","bd2716906f4f6231391cff7a48028361fe6d3e19b5853e0adbafc717580a917e","7bbec60b46084f4ea06c9ca5524e3a9ba70ee6b4ef4ee7e649437751d46f2e4a","1","0"
"_待确认\27_1000\基础篇\概率\C30 数理统计\1-MCQ\1000-XG-TA9276F-Q003.md","67a9f3f648796dfe6d8076d5e51eedec751d3415f78af3912f9b12decf59b205","90f1b0529177fb4db8525766b62e3f3efd7a42580e748487d3f945cec4971194","1","0"
"_待确认\27_1000\基础篇\概率\C30 数理统计\1-MCQ\1000-XG-TA9276F-Q004.md","c1faa5da2e45d7b615c782935e8ffeab0e5bfee34f69fd74211d73159b9d282c","08909e95408062bd7f3bb73c251ab2f5e2aafa0cb83bc5f3ae8849965f99990d","1","0"
"_待确认\27_1000\基础篇\概率\C30 数理统计\1-MCQ\1000-XG-TA9276F-Q005.md","82e3a72609fd90286554a63f194b6d5c22a84e0235b320fa8207f305ec7ab8f8","2841ee468f2e16eb68e5acc610d3887274e354e27b9cb5468d9eb8db7507e830","1","0"
"_待确认\27_1000\基础篇\概率\C30 数理统计\1-MCQ\1000-XG-TA9276F-Q006.md","5511b6ca845f76ce1d4d41a6f04b3c8613516b35345c3716b97f70c3498daf4b","f02c65a8140091fbd6b6689fbc276794799d4d326542fc8051ca718910706a27","1","0"
"_待确认\27_1000\基础篇\概率\C30 数理统计\1-MCQ\1000-XG-TA9276F-Q007.md","ee49ef387a732ba6b75cb34bb65c94068b04ce893b817555e1a339c9297dca23","f75659736f37d7c82ba08b51bc0d1ced0a4fe1bd0ffae5c0bb9cda5d6b43164f","1","0"
"_待确认\27_1000\基础篇\概率\C30 数理统计\1-MCQ\1000-XG-TA9276F-Q014.md","6e0d49f8f0ffc4fae8872af9b086840a68e118ba1ebde42a112c2af35f06aced","b53e7b08c8208e2b2e4754e2f258a739433e5f9582efbc0c4a3a55bcedffa044","1","0"
"_待确认\27_1000\基础篇\概率\C30 数理统计\1-MCQ\1000-XG-TA9276F-Q016.md","616e26de7ddba02852a79f7d8054d7e8680ebf71670c6740000979a4737364a1","efd3e583919a014cef68252f241ba33845aca46caf7f208046d9b8f9910f2d01","1","0"
"_待确认\27_1000\基础篇\概率\C30 数理统计\1-MCQ\1000-XG-TA9276F-Q017.md","8f356b1eae4df4d5e62d0a8b114b390c56df5aa80873846def05423d436ce310","860e79fbd8efc8e98bcbc7e19d5f94b5df776b74204bdb2a96400fb94a290537","1","0"
"_待确认\27_1000\基础篇\概率\C30 数理统计\1-MCQ\1000-XG-TA9276F-Q018.md","3b827f1d1dbffbe5cc465b2a345bc42aab02e32d06882a59f3b3853a76a44aa8","93041287713da98a8b7fbbeb57ca066b976ea0f15ad8f5cdf0b2c6750f07cf02","1","0"
"_待确认\27_1000\基础篇\概率\C30 数理统计\1-MCQ\1000-XG-TA9276F-Q021.md","2269c0c3a6f3649c6583aefd29b6c23de673ff5254151d4dfd0a53ac91f7d503","bb2d49c6cd4b8ba0cd13f31a0cb59f3430055801b6ef7fa3a421f2e67ec0a626","1","0"
"_待确认\27_1000\基础篇\概率\C30 数理统计\1-MCQ\1000-XG-TA9276F-Q022.md","d08b8fb27c07d4719c73fe16abe79237d7c5e8d4cc957c504f91ffbe5098becb","780fd6a73b45f102b46222bf022b8a20fd059b331bcf7606a115d6e0985212e0","1","0"
"_待确认\27_1000\基础篇\概率\C30 数理统计\1-MCQ\1000-XG-TA9276F-Q023.md","eeb42b720cc58a141242e404393c3ae0a27710dec5a1b3242fc73f66ec7a5a5a","064a0c938ff95363b42e56471eb67c7a9d6f8a5ca613b2e1ebdc22cf44a9874f","1","0"
"_待确认\27_1000\基础篇\概率\C30 数理统计\2-FIB\1000-XG-TA9276F-Q009.md","fba26d7302e459075614598e0098c5e749a7d382fe86500c8a4cbd7d7dea1f43","fad7198b3f3089ab741b00a509eaa16c40cb00b8f37f47b14917e2d6c3dbbc71","1","0"
"_待确认\27_1000\基础篇\概率\C30 数理统计\2-FIB\1000-XG-TA9276F-Q010.md","1684649ecabeb002c5c37dd6900426f2671ecd72a1eec49e85e28276a66edfcc","83d4b808a48122b65f2524e52626b406985612493ab2dcfd130d4ee12ffa6123","1","0"
"_待确认\27_1000\基础篇\概率\C30 数理统计\2-FIB\1000-XG-TA9276F-Q011.md","5644a4ea164b89eabe9daf26bb5049c12e5716f5fe0a7999f9854082c0a28d82","e7693692a8f8fbca53b22d3b0a54009c72e902b65ec435c2dc307072d1e5c062","1","0"
"_待确认\27_1000\基础篇\概率\C30 数理统计\2-FIB\1000-XG-TA9276F-Q019.md","e4fefdd2a5b0ffb1497c4ed1b0da8537ad8245678e707ad35ad665d0b9282c92","5b15d6befa32c3c9ea32943bacd2e4a2284a0f3b572ad29942a52416d5cd1a58","1","0"
"_待确认\27_1000\基础篇\概率\C30 数理统计\3-FRQ\1000-XG-TA9276F-Q001.md","887c6d4c7e4e54ac2b3c1edd4159337916ebd4ede4a7a2ad60e95c811ea0fec0","3d8db7847ce92e90ee83f53f9138c17c0b6fa46819118463510660998aa193c3","1","0"
"_待确认\27_1000\基础篇\概率\C30 数理统计\3-FRQ\1000-XG-TA9276F-Q002.md","8b4f570edf081d6efebfa86435557432fe3edc29e7bb4bb343f0b3d84703db40","d6e25a124dc1613cd33b0d578d6a951f4ba4c3aaf1b7a363134388e3a29830fc","1","0"
"_待确认\27_1000\基础篇\概率\C30 数理统计\3-FRQ\1000-XG-TA9276F-Q008.md","b51380b6f5e78141fe370c12d7d64e40a8f8764c0f0af16c16015f0482b378ff","4cd06a67df9d8799f8c19c2f80b84626dde9ed81fb7e4ed62f34938f3e9b8c72","1","0"
"_待确认\27_1000\基础篇\概率\C30 数理统计\3-FRQ\1000-XG-TA9276F-Q012.md","ae896485a927b98bcd106e4a5580af805b0f17c9202a648337d051a410879d87","c3a655e7772faf6ae6c9f1ab2fa75f64a6681a6734b7f291ceef40048cb96357","1","0"
"_待确认\27_1000\基础篇\概率\C30 数理统计\3-FRQ\1000-XG-TA9276F-Q013.md","c2e34c1b3094e9df67e68013221b06b07d51d8a55d3c4007d1d80f47a9007cf3","9cb913e89d1bcbc8f881d1b9311128051894306637c9594e3e5ee05500880fb2","1","0"
"_待确认\27_1000\基础篇\概率\C30 数理统计\3-FRQ\1000-XG-TA9276F-Q015.md","1b5feebc7706cfe6ec12900a12b65942691363b81be1eaa379007d088fae6de9","16e24ea380e5f23bdad20a8f99a9c8db47be754c882ba47e4ae5bfee7f7d93f2","1","0"
"_待确认\27_1000\基础篇\概率\C30 数理统计\3-FRQ\1000-XG-TA9276F-Q020.md","ec8b2be3b9a4f187f04ad118abb98104cb0fdf1f9d820d9d644c6b76500d3222","f4793543d50e3a2602107c44ffb19964835594d63d2af5813253953fb9a2b36e","1","0"
"_待确认\27_1000\基础篇\概率\C30 数理统计\3-FRQ\1000-XG-TA9276F-Q024.md","9760f5887b6d80084d4975a1c4a8ef68527582b8b3c8bf665fb2c4cf1ff662a4","56bbef06e04da5559670bedc31a8164c9d3df1918f2fcc734bae87eeed9cfb93","1","0"
"_待确认\27_1000\强化篇\概率\C25 随机事件和概率\1-MCQ\1000-XG-TAC0A76-Q001.md","8ea0fb02c8b4cbf9ca469a9a6a9a1c6e5d396c2efff2ce44b24f92c261c3522d","4eb160a6f6ffc587af0e2d91341960d942db9ed518019da03bc01882c3bb6d84","1","0"
"_待确认\27_1000\强化篇\概率\C25 随机事件和概率\1-MCQ\1000-XG-TAC0A76-Q002.md","ba83fc63a9c818a4b10899b64a920f08d3e4ff1f466e8179de0fb0a8566cc2f1","ce0de27f33af58b6acb3f2872a9b9458b42133ec81c4dbb1c2434a89adfcbb5d","1","0"
"_待确认\27_1000\强化篇\概率\C25 随机事件和概率\1-MCQ\1000-XG-TAC0A76-Q003.md","d4590c538ccc449208033ef87211b9b4d893556b609da9a346f217cf0d94c680","5220b889f79cae302ee0ca2fcd4de46ddc526f75c341e2e2164d0414799ded2e","1","0"
"_待确认\27_1000\强化篇\概率\C25 随机事件和概率\1-MCQ\1000-XG-TAC0A76-Q004.md","8c375f8d524263ecd7f9b08faacce30f4013e7cd207caaf753110afdc3253810","2a1b44649d5cfda806d0cff42ee91c480f02e4bab41c647504fc02cd3c7ed6fa","1","0"
"_待确认\27_1000\强化篇\概率\C25 随机事件和概率\2-FIB\1000-XG-TAC0A76-Q005.md","1b681c95c9d67d86de8378fb54c86046cc36c602caf7a05b250c61863850323f","2ba03d37dbbad3c1cf515ce5506905be2c68665df478540e653afab8820515c9","1","0"
"_待确认\27_1000\强化篇\概率\C25 随机事件和概率\3-FRQ\1000-XG-TAC0A76-Q006.md","0d2ec7193bdb597ed9502671b2a034b72bbfd754aabf07e149d67d95559c3e1f","a3d5e69506b26631054252f80f732baacc8542c85b9058f22103b0fa98197d26","1","0"
"_待确认\27_1000\强化篇\概率\C26 一维随机变量函数的分布\1-MCQ\1000-XG-TD64F7A-Q001.md","d2b75b2c6f83725264b076d501703761a99afd95348644d2abbade82e9171cb2","128c6bb9153981e0eee9793f00d16830691469883a33d690dc5faa1ac2e507f9","1","0"
"_待确认\27_1000\强化篇\概率\C26 一维随机变量函数的分布\1-MCQ\1000-XG-TD64F7A-Q002.md","0d2ae9685e293f4ed2e0f55861b856f6506a533ceed288d90cb64536a676eb8c","3a9121586d68c28e47ab6698ad59242c13a0b3671172d202d3747bb08481f410","1","0"
"_待确认\27_1000\强化篇\概率\C26 一维随机变量函数的分布\2-FIB\1000-XG-TD64F7A-Q004.md","fc57eeaa664713db316614f2dca02c3e687b1305bd1830012b5e778b45f8affe","e9e1f7e0cc0c2fbec76f14696376a837acae4207844328e740cee790a45a1ef7","1","0"
"_待确认\27_1000\强化篇\概率\C26 一维随机变量函数的分布\2-FIB\1000-XG-TD64F7A-Q005.md","1fe41530e2102ebad4aa683a9d5e3883a89005f2ca239c6bf54ba85b3ade3e14","9861f9f718227248e504b55f603ddb970e5df6c72450c22cb4b900d4d05acf2d","1","0"
"_待确认\27_1000\强化篇\概率\C26 一维随机变量函数的分布\3-FRQ\1000-XG-TD64F7A-Q003.md","dd46de96f32ae95bbd624699c68d595b0137e94e178f567afb1963cd813b103a","0ede38d2c2cdd4bee2a3f0df54eea63d1504ddc1ffeeeda242d4eeac4459e1ab","1","0"
"_待确认\27_1000\强化篇\概率\C26 一维随机变量函数的分布\3-FRQ\1000-XG-TD64F7A-Q006.md","51aec2e4ad092a638e14ce8e5b29a4cf4fef05a33f9b5703e78fe6dbbbe8a3d7","c942b3f312e45fbb20a399b32e80c664c0ee9d42daa76262155e618c4776b929","1","0"
"_待确认\27_1000\强化篇\概率\C26 一维随机变量函数的分布\3-FRQ\1000-XG-TD64F7A-Q007.md","c3398bd558c5ef2a0a975cc3edc18c2dcb50f1bb671a562d34a44b769d8ad665","24e55dc268d4e8bb57934cd979498e9360fde2d329be4320c9c1f5cc41f2d969","1","0"
"_待确认\27_1000\强化篇\概率\C26 一维随机变量及其分布\1-MCQ\1000-XG-T966BE5-Q001.md","93d359a4076cd30fe1f853717dda2faaf78f0686812e48cde988714398fb4c80","35ebda706c7155df9b6736b941e45893b23caa37a53cc8311c3082721de64efa","1","0"
"_待确认\27_1000\强化篇\概率\C27 多维随机变量函数的分布\1-MCQ\1000-XG-TBC25B3-Q001.md","2296f01f6dfd7aa552bafe802b68252e6f235eeec8f8ca4bd6fdd0cc738e9738","74e11f2d88add9db7cf515634d184f2caa9a6b0268ff48f1722996a8f2c5c327","1","0"
"_待确认\27_1000\强化篇\概率\C27 多维随机变量函数的分布\1-MCQ\1000-XG-TBC25B3-Q003.md","4bab1d2d80256cd5365f7bb18ca136166a9826e737c10526ca551d88f2237183","0ff500e65a240c77a66e8fccfe2aeb1e4c0e07515fc64dc4db0ff8ff2fff93ab","1","0"
"_待确认\27_1000\强化篇\概率\C27 多维随机变量函数的分布\1-MCQ\1000-XG-TBC25B3-Q004.md","29c7f9b0d99ca22d05e739f896166a7ae0968cbcbaccd9e2b8d805708530fd1a","31c84b2fe95bab9119b29f7df77acb14e150430ca548a9550b6167dfef4a0180","1","0"
"_待确认\27_1000\强化篇\概率\C27 多维随机变量函数的分布\2-FIB\1000-XG-TBC25B3-Q005.md","1b55d676a635e86539fa3382456d048f6b9e7c9f8ad00edbe6447c3c8f51d28b","1262afce3e05f2debe93417d9008d4169dbd75733a4d34a409b231e861096df4","1","0"
"_待确认\27_1000\强化篇\概率\C27 多维随机变量函数的分布\3-FRQ\1000-XG-TBC25B3-Q002.md","a61bec74a3017cbe28d392f36634e77b33590e94fd53c6cb3b7d8e2f27f2cfa7","955ab8b8e2df484428341b1d6ca7a60795dcb3f6732a9b03878a57d8abb93e56","1","0"
"_待确认\27_1000\强化篇\概率\C27 多维随机变量函数的分布\3-FRQ\1000-XG-TBC25B3-Q006.md","6e98294113e6d24c18979c25f770252fe6f8c625e77d3289287674a6cc85b267","9385b17ed4bc5b08a562b0251dc16dc2d35671301f7d25f5882eff74209580f8","1","0"
"_待确认\27_1000\强化篇\概率\C27 多维随机变量函数的分布\3-FRQ\1000-XG-TBC25B3-Q007.md","0210b43d23cb718069cc27772c9e8f85fc4c022933b54440607e767a74ab41df","22f5b21f32d4222c7e9759da1bd2db4834d3ee3091cccf4122cdde4dff6d2d24","1","0"
"_待确认\27_1000\强化篇\概率\C27 多维随机变量函数的分布\3-FRQ\1000-XG-TBC25B3-Q008.md","d7d493836fca928b75374894abe793933e6bdf260be34ed240254237435e3ebf","3d5b1c3a0492a6e6b1211dccc1cb0c7bbcb0dd83bab05fd63dc22697c84ef1a1","1","0"
"_待确认\27_1000\强化篇\概率\C27 多维随机变量函数的分布\3-FRQ\1000-XG-TBC25B3-Q009.md","8f0ca1513f4f9f346e6e24faa82c950a25eeaed8af8c60fa0f798734b0c6f366","d4bd8947b0d818b52b40978fdc0d0d7fcf415d123cb7ba10778d84c6ed2f29a5","1","0"
"_待确认\27_1000\强化篇\概率\C27 多维随机变量函数的分布\3-FRQ\1000-XG-TBC25B3-Q010.md","c80b369590e37b9b5347f3ac62a0d2df39914ee0253d84c6b2d542588ea3301f","e55ee53aeb042e9e76c080f6625a6bf3d2e30475f11cb1081d368b723110369b","1","0"
"_待确认\27_1000\强化篇\概率\C27 多维随机变量函数的分布\3-FRQ\1000-XG-TBC25B3-Q011.md","77b509b1fe6563e4772f50cde3e62011469a6a11283f9dbcd41b30a51f10ceec","0a1eac7a53680ab1e596aacbbc3d13ec1427f0c13aa1f82c507fb8ec338d2460","1","0"
"_待确认\27_1000\强化篇\概率\C27 多维随机变量函数的分布\3-FRQ\1000-XG-TBC25B3-Q012.md","3112a8f9c12b38d7e1d4583f6adb60a07ee1ff6069a2ee62ee4bd4c537f76b9c","7282d0890867bfc1b388feeb68d856a299d28c7ea50528929cb960bb232790e8","1","0"
"_待确认\27_1000\强化篇\概率\C27 多维随机变量及其分布\1-MCQ\1000-XG-T793562-Q001.md","379cb744cc3cba7db921a1b816e035d02e2bce6b68624957b85b9f3614bb099b","332f7bdbc9b678b64673b1c2385ba1769bc2edf56c2c42d5207bc6ee8f4fe2e2","1","0"
"_待确认\27_1000\强化篇\概率\C27 多维随机变量及其分布\1-MCQ\1000-XG-T793562-Q002.md","da9061c3dbb3602d0bafb73901e1df2556f1cd8393818337ddf50a39b7ded856","59fe8b569328dd23ac5b5a23d3e860cb63e6079cd80ed29eaf20ce6de25e5f72","1","0"
"_待确认\27_1000\强化篇\概率\C27 多维随机变量及其分布\2-FIB\1000-XG-T793562-Q004.md","28c21c74fe863ed1622eab910fa52a7966e3152dfef4ca5d55e8b9a1cbdf3f8d","2c5e7a8e8d7660ba330d517f566e0a5086b78d8224cd321d11010c88121c22ed","1","0"
"_待确认\27_1000\强化篇\概率\C27 多维随机变量及其分布\3-FRQ\1000-XG-T793562-Q003.md","484a398d5025758413aadb7f42626042fc25da9f1ab449ffc6ce8e1f6f11149c","cd5699aa73bed88de1851bc4c34b1a46b62da5568835db3024e0f5cfc2b7dc4b","1","0"
"_待确认\27_1000\强化篇\概率\C27 多维随机变量及其分布\3-FRQ\1000-XG-T793562-Q005.md","0be4e666acc8937b844db5f02c8033a22e1877e8aec1cfaf5b2516a9aa2ef685","ae11cc22a1ca299e3a11636c8292294a992315c5693853699f09a85dcb4ec5ea","1","0"
"_待确认\27_1000\强化篇\概率\C27 多维随机变量及其分布\3-FRQ\1000-XG-T793562-Q006.md","b112302d29eb77cac5c8f803c21e1d2c1b6f7be3accf26648dbafccbe706bbe2","f70e5c8064e42f9967c061fdae74785de99201d119897e013d404baa0f8fff4a","1","0"
"_待确认\27_1000\强化篇\概率\C27 多维随机变量及其分布\3-FRQ\1000-XG-T793562-Q007.md","540487c9a174cfbfbc6dc9e9eafd09592f962714fbdda16407ea1db1c1520784","93d132e32ff4d771a1c0cec9825505b2d9a855eb5a6b6f8a062c04bc6f140dd3","1","0"
"_待确认\27_1000\强化篇\概率\C28 数字特征\1-MCQ\1000-XG-T4830A4-Q001.md","a6f5820dec0bd391412b69b1d10e2c3e94f443c2cc5f276c7e16aeee7544440a","d05977cca94c57633ff0992ba717f371cbb4e1dbdf298e9a1208a18bbd5e91ee","1","0"
"_待确认\27_1000\强化篇\概率\C28 数字特征\1-MCQ\1000-XG-T4830A4-Q002.md","18271822a57fc641599b44b1bdf819d466581cd00acc170e85dce4058725d649","534737c71000e126d40bbba06dde49ff1fc9afba0d24f0fb58bd6d7364232195","1","0"
"_待确认\27_1000\强化篇\概率\C28 数字特征\1-MCQ\1000-XG-T4830A4-Q003.md","2693ec8c29e6b068cd3aac740bc9ff4abfe1dce649926f5542bf3f6bb8c23b79","a16377377d1c20e2762f2126a73e4fce22418e2e3a82f3e7981c3abe4a527c25","1","0"
"_待确认\27_1000\强化篇\概率\C28 数字特征\1-MCQ\1000-XG-T4830A4-Q007.md","a45918df569beb9872bb873de1aaf7165870bf6abca83be2d5d71192d0589049","14ff4979421ed68e93939fe1797894d7be34964562d4f2dd5dc42a474808447a","1","0"
"_待确认\27_1000\强化篇\概率\C28 数字特征\1-MCQ\1000-XG-T4830A4-Q015.md","eef12fc83963a87505eb31f9baeb52b9360230033b66ab3aba17d2528cabcb01","4c0132abc79b8b971a51335009accdfbcbe0731178998c7b3b1d64bbd311cef2","1","0"
"_待确认\27_1000\强化篇\概率\C28 数字特征\1-MCQ\1000-XG-T4830A4-Q016.md","247253b85310d46c31f47bcd301410788f764810820a562d6170417ea4d76bfd","343c8e756d9f84c6a27cff55a1e0adedae7d9e0b8c0d548a87a3f0ea0e0ce8fd","1","0"
"_待确认\27_1000\强化篇\概率\C28 数字特征\1-MCQ\1000-XG-T4830A4-Q017.md","459b678b8afae6198a76b5c62a9e6dc798f6f850b81cfa6a960ce18cd99508c6","5e6614466f3f7eaa56ee6bbcd0f66d4e931073253deb7160d218132bfeeb4c0c","1","0"
"_待确认\27_1000\强化篇\概率\C28 数字特征\1-MCQ\1000-XG-T4830A4-Q018.md","30304723f81aeaa4ab718a7b19dfbe82b26a31927df9b154c0aea0318365efe7","65f04d18fb91844d9665b772ba3c0a0826e8d0bf777d5f018b7c3ef0178ff053","1","0"
"_待确认\27_1000\强化篇\概率\C28 数字特征\2-FIB\1000-XG-T4830A4-Q004.md","4741e8530ac03667a1c982b6c7cb899ea3dde1704bea1dd780e7c29ac5f3ac61","18986d8ec226265cf0620c44de693e48c172862424a285b973a247c24d8fe102","1","0"
"_待确认\27_1000\强化篇\概率\C28 数字特征\2-FIB\1000-XG-T4830A4-Q005.md","3e60462a49f609d725ba093a1e2ef064c21ccb73a1a19f4af6990ecce596940a","a5daa9a8c41507ca6b4eb19a23c4e3f94a0500aff0c2673e0bc7fdfe71333e85","1","0"
"_待确认\27_1000\强化篇\概率\C28 数字特征\2-FIB\1000-XG-T4830A4-Q006.md","70dbddfabefa6ac8c755cf5352d3decefb84a32954a6e4c35798daf3c465fa2a","c722d903a2274de82e9aa0b6b5e040e7e4ff1b80fa3ea0b9c41487e74038812c","1","0"
"_待确认\27_1000\强化篇\概率\C28 数字特征\2-FIB\1000-XG-T4830A4-Q008.md","9c05cc288f10562b2269a0a32514d53bf8b0aeb401d8292f3c1cf4dec507a590","0083af730e51a40f7cca318695c2aeeaa02d4bbb229f8c2b4fd798ec5090d040","1","0"
"_待确认\27_1000\强化篇\概率\C28 数字特征\2-FIB\1000-XG-T4830A4-Q009.md","42c2658f773c8031a601d650460fb2ab8392d29fe59fdb5fdb2498d1e949cd43","4eb68e585db8fcae826aba9e3816f4d57a75f77a2b3787295d68094d2f6573c0","1","0"
"_待确认\27_1000\强化篇\概率\C28 数字特征\2-FIB\1000-XG-T4830A4-Q010.md","1d01bcf227cc935e3fa3f68fbf1e077506e049d0e389a02249e5282277360c18","da95b3892312b8436a77630508b1f11015ffa39567a9cfe27946796e9c9d653f","1","0"
"_待确认\27_1000\强化篇\概率\C28 数字特征\2-FIB\1000-XG-T4830A4-Q013.md","2f3df4190b2f8f9c4fb5e42c35833e4cf0d6437e76690bf0682a0dbec3cd2f35","785b0fd20da637b2039daf781b4459a1aa53a78d993dfbc560f73d0fd28d5520","1","0"
"_待确认\27_1000\强化篇\概率\C28 数字特征\3-FRQ\1000-XG-T4830A4-Q011.md","f7d9a315f97ded5383ebfe54776a09f3f8cba09b3184f4a64447696a5d37615d","72b8d8a54c46c2d02ec7f1858339199ab55efbaf84a63d1baa5e3b89d9e74492","1","0"
"_待确认\27_1000\强化篇\概率\C28 数字特征\3-FRQ\1000-XG-T4830A4-Q012.md","59a08780c7d4328a589e39ff0f70bb11da83e3d3ef5a135b3f5012aa9867f64b","d67072ddd38af460eac6f751dead4b4e4a5e4a63ce19c244a31c94039e96625e","1","0"
"_待确认\27_1000\强化篇\概率\C28 数字特征\3-FRQ\1000-XG-T4830A4-Q014.md","3f5b1a5526fe09aeafdd3601991300deb7b0f3e7542ef8d0b929e1493b650d65","64aa8aec7afa899c2922d28de6c24f3d7a86829be9f8756be906cb200c1124c5","1","0"
"_待确认\27_1000\强化篇\概率\C28 数字特征\3-FRQ\1000-XG-T4830A4-Q019.md","5601c026a288e49c65ab371b9ff98b81d14ed1492b3a7249243ab27b0a2e43c1","36ac44ad42bad61656a152633334bc9b80c2080db7fa2def6c743537569f791c","1","0"
"_待确认\27_1000\强化篇\概率\C28 数字特征\3-FRQ\1000-XG-T4830A4-Q020.md","2ac0335c2dffb9b2b5dddd49fe49c2f1d7e688f6e3cbf6152d8b49617f7f1e98","9fc521076758dbc617880d9de884db30081f0465954dd2b3771a19f58ea85a3a","1","0"
"_待确认\27_1000\强化篇\概率\C28 数字特征\3-FRQ\1000-XG-T4830A4-Q021.md","7bfb0eba96a53cc8bf043d35f9a5ce2132e9210a8c3613733885b30a58424bc1","e552980dd6fc8b598fc47f2c601fb2e04efe836e62aab16c23887435a1866276","1","0"
"_待确认\27_1000\强化篇\概率\C29 大数定律与中心极限定理\1-MCQ\1000-XG-T1D8119-Q003.md","49fd5628ae42b5a5a4cb3504a5a603b0f7102326145701fcb06f1048a6461a87","8dccdf69db189fa05bacd54a099974c6dcd968fb8b6b82b7a0b88479df3d700a","1","0"
"_待确认\27_1000\强化篇\概率\C29 大数定律与中心极限定理\2-FIB\1000-XG-T1D8119-Q002.md","249f28bc5e472a0830873b934c9ce45b867c75f3c16293dd21646b288f3501a7","0e5282579aa8344ea6c46401fe01676490027e9213d0a1ca404a204b3cf4129a","1","0"
"_待确认\27_1000\强化篇\概率\C29 大数定律与中心极限定理\3-FRQ\1000-XG-T1D8119-Q001.md","82ca7222b84624f59406eeeabb28703355f2b631be69a4ac0e6099c5a0d49b85","8bf890cc4e65739fecc0615f62502cc93360cba0de4fe9b7835105664fd437e9","1","0"
"_待确认\27_1000\强化篇\概率\C29 大数定律与中心极限定理\3-FRQ\1000-XG-T1D8119-Q004.md","0eb567a617a43d5274a5d995d9e18b71937da7b08d875779c10ad376f8b5a917","294258c5a3b9d42c5b3fc0e07dc3023ec55a4d31e165742be1018c0a83ff497a","1","0"
"_待确认\27_1000\强化篇\概率\C30 参数估计与假设检验\1-MCQ\1000-XG-T14CAB2-Q002.md","899b674ba5fd03b89df4909b40dd2b4a3fbab73c1e8ec84fd0dd14fc69254b52","2ce9c514e0d5b4c695ee06748ed4edae2bd99ae1faad0c4096893f7be32c0ce3","1","0"
"_待确认\27_1000\强化篇\概率\C30 参数估计与假设检验\1-MCQ\1000-XG-T14CAB2-Q003.md","7d1773b064bc8d9150fb13e8e8fb4a48b853a43d05a3fa6caad58f2e0589af48","e502793239cd1a9a4827843acd2b7e19b6d5b00afc4d85043cbec8dc1b24471d","1","0"
"_待确认\27_1000\强化篇\概率\C30 参数估计与假设检验\1-MCQ\1000-XG-T14CAB2-Q022.md","c5e011f9f9bd8c9544afbef4fb0123e154818a30ca5adb32fbe47474543fb6ff","2c55d58f14572efa36da15a49fa9deb1f3cd5ac2b02ba78a90066a69ea698b27","1","0"
"_待确认\27_1000\强化篇\概率\C30 参数估计与假设检验\1-MCQ\1000-XG-T14CAB2-Q023.md","32997b0961ca23eebb67daa5f23f858a05f95fe176ff5b24c6478314ceda4e22","20689ab78f36beaf891ee508bb326487f0748c084984092e4e6a237113c58b44","1","0"
"_待确认\27_1000\强化篇\概率\C30 参数估计与假设检验\1-MCQ\1000-XG-T14CAB2-Q024.md","756d9aa3201876dca3d845b5f00d223908de511c42b741cb7be96990be827374","57cb996a730232bf30f3ed84044133cc48d78696a3d78880e4e8df7ae7806f45","1","0"
"_待确认\27_1000\强化篇\概率\C30 参数估计与假设检验\1-MCQ\1000-XG-T14CAB2-Q025.md","8f51d21dace21fe0fd250c3a4495c8533696dc3871acd974f0e94a5418089d4c","0943e0871ca3f0dde741226e2a15fb0f1f7ff67047db261cd96ff905487d26d4","1","0"
"_待确认\27_1000\强化篇\概率\C30 参数估计与假设检验\1-MCQ\1000-XG-T14CAB2-Q026.md","09074564e8912d9e733d1d24edeb8c22d44e3902e90a49976e8339df25328441","8f28cb13c120f949b5b408fa3263265ae6aa2ca218be7355ab9b10b62240d232","1","0"
"_待确认\27_1000\强化篇\概率\C30 参数估计与假设检验\1-MCQ\1000-XG-T14CAB2-Q027.md","8e603e94a1f81f10ea5b38142610c44667d511e34f44c9ba4580f5b177246c9f","aa64a7c7fc5920017a258cbde97af2cc60ab3c627943b7b159f7bab4c49c645a","1","0"
"_待确认\27_1000\强化篇\概率\C30 参数估计与假设检验\1-MCQ\1000-XG-T14CAB2-Q029.md","02f2f527b23def63a5e2da39387b56592f447cd5c9e8db4a46f23c69821385fa","a60592bc2ae8f0d249a9765586bca651e8191f905d6204d487dea5441db55128","1","0"
"_待确认\27_1000\强化篇\概率\C30 参数估计与假设检验\1-MCQ\1000-XG-T14CAB2-Q030.md","55f7eaa66b852daf627050645be9b2daa2baac55237b738d4b1e89225d45573d","d54f38087a4bbdd7584a6732bf8be33dc66a33eafc764a81c50e44d798b1a9cb","1","0"
"_待确认\27_1000\强化篇\概率\C30 参数估计与假设检验\2-FIB\1000-XG-T14CAB2-Q004.md","da8903bdab0b5fd22925372a3d1d4692ffc7921a96ab865b6953f763a19a34d9","80cdb6d5b51d7b827c4c62d762fa68801a6716983c52c94c080c56fb4bfa7a4b","1","0"
"_待确认\27_1000\强化篇\概率\C30 参数估计与假设检验\2-FIB\1000-XG-T14CAB2-Q005.md","7e6f4d51c57af041e888f1b7c0ef041b6c6120282ba0b712b14d3fd32802224d","350a05cca60f2a22e2a737c3c12de78e9cd0e5e375a58cea0e81d2a3286c4e43","1","0"
"_待确认\27_1000\强化篇\概率\C30 参数估计与假设检验\2-FIB\1000-XG-T14CAB2-Q006.md","080999a28128f14e136d156cc0a2a3d63939eadc511ac3e6f4d261e9f886152c","75f1dfb130335e52e8802614d704328111961c1ead3dcea529bfb31031b266c5","1","0"
"_待确认\27_1000\强化篇\概率\C30 参数估计与假设检验\2-FIB\1000-XG-T14CAB2-Q007.md","382b6aac4c458be7befc6fc0653656b3df90fbe60dc4a3c596e180f77c9f45f3","7aed98c0f4ece672dda46e2ec25677a11760b27927b2f960dfbd34a9e4858cfa","1","0"
"_待确认\27_1000\强化篇\概率\C30 参数估计与假设检验\3-FRQ\1000-XG-T14CAB2-Q001.md","d770f1bed1a3365a4c5df84e0ef18d5a97509c5cfec6c8049135863c31cd5d66","3d125a463f1dff1c8259418df705617d22a8430ac6cd766876f9fabc8f1bdc7e","1","0"
"_待确认\27_1000\强化篇\概率\C30 参数估计与假设检验\3-FRQ\1000-XG-T14CAB2-Q008.md","7ddb6e3f14cd99a355982abd1bb3ff8d73de53b16bf04bca90436ae6e549e054","3c60957f458a08f29c698eb404a2ac1f06b9194860512334b237c8f1b89f8772","1","0"
"_待确认\27_1000\强化篇\概率\C30 参数估计与假设检验\3-FRQ\1000-XG-T14CAB2-Q009.md","3117beae433058064b9553a62bf00f404adcfed2e1e8378e091e4b3baa291d32","14e0d5b8a1b93ae55da43d9f9d4a5333d7240f2ffdb08b0c60e2b34608112fe0","1","0"
"_待确认\27_1000\强化篇\概率\C30 参数估计与假设检验\3-FRQ\1000-XG-T14CAB2-Q010.md","c80ac5491260692eaad6ebf06ea9e4b22f8eb42353aeed906eddb67bb59339b3","6649461e324b704f28acad8ac9b2f632e8e21442ff59f27245a3252cb1ab46bd","1","0"
"_待确认\27_1000\强化篇\概率\C30 参数估计与假设检验\3-FRQ\1000-XG-T14CAB2-Q011.md","bfdac09ca7ecf46f69fc72d17d34ba7a31b91521e72385209293995d5f376fe9","85ebd290a00ad640a59ac7c77e52fc0c1216422907caa37a9ceea27e9318dd44","1","0"
"_待确认\27_1000\强化篇\概率\C30 参数估计与假设检验\3-FRQ\1000-XG-T14CAB2-Q012.md","a93f19f547f7c038960a48a8107af1102405ed6928a1648cbd2b10efa631bf88","72cc1d4a0ed6189b92bad6db429e8f344efedd42d891020741fb83bc190897cf","1","0"
"_待确认\27_1000\强化篇\概率\C30 参数估计与假设检验\3-FRQ\1000-XG-T14CAB2-Q013.md","ee002c3a1a359f998517fe123a61d3446a9098db1c94dd6b6c8091b0d36650f6","ca06caed569824f90ffdf770263a7f81029792e3ac4b5f8ce53ed5c7e609ed2a","1","0"
"_待确认\27_1000\强化篇\概率\C30 参数估计与假设检验\3-FRQ\1000-XG-T14CAB2-Q014.md","b42af906edacef4c30fd41e454ad92c6eb650d9e71703b5e12d4394fd088aa85","b1dbd21f83dda1575097eb299a9056f4cbc2b0766b874211ed44d35717ba021f","1","0"
"_待确认\27_1000\强化篇\概率\C30 参数估计与假设检验\3-FRQ\1000-XG-T14CAB2-Q015.md","163fe1828d47d5dc73e8591f74e9fa74fc60b472fc3f930ff47b6f78ba84d7a3","466f9d06121d2c5c963d689d28bbb1941d33e5123165ec6b1d85688fcf506148","1","0"
"_待确认\27_1000\强化篇\概率\C30 参数估计与假设检验\3-FRQ\1000-XG-T14CAB2-Q016.md","a0bc9aaac69d9ee213eac7195c7025f5b821593c50c9fa6d5264c2a45e4a07c7","84d6e33bdc8faa7fa46ccdf7ab0d144bdd02eba805ecb16bbca9df621944fc66","1","0"
"_待确认\27_1000\强化篇\概率\C30 参数估计与假设检验\3-FRQ\1000-XG-T14CAB2-Q017.md","dddd6a112d15010217a6f87fd948bf5c24dc8789e873a52d299f2ec0a9417ae1","89e6b42307c8a27300d07592fe6185fcd7d885e9fc3e83f0144463d702ad061c","1","0"
"_待确认\27_1000\强化篇\概率\C30 参数估计与假设检验\3-FRQ\1000-XG-T14CAB2-Q018.md","4593a8bc67ba459f8a0bd18b77767c180e99230deb84d9f39cfd942e32ea96dc","278802d22b52a5c4a521c38deb069558a3400d425697bbd633d8b655f33b5284","1","0"
"_待确认\27_1000\强化篇\概率\C30 参数估计与假设检验\3-FRQ\1000-XG-T14CAB2-Q019.md","045eb0f9f57ecba65961aad9a29337a741045b679253b3ff1531a9ab6708bc16","0dbb417f9f6c0ecb41d2db25fa3b10d5d4a9707b5ceffbb4eedcf8ddccffb230","1","0"
"_待确认\27_1000\强化篇\概率\C30 参数估计与假设检验\3-FRQ\1000-XG-T14CAB2-Q020.md","51965cfd6fc75c109e665d7389253b4c6fa482f180f17ae90494e141129292e6","8d310f050ae216e43d3faf93bb8371b12839fec4eff654596e62702843ea295e","1","0"
"_待确认\27_1000\强化篇\概率\C30 参数估计与假设检验\3-FRQ\1000-XG-T14CAB2-Q021.md","3f545a1772ddaac93a3992488eca3105767471a3c482374518cb42eae428b5fa","a88a6e15f391f10587419e581849da2c6d1f064bb88497755a83bd7c2d0720fa","1","0"
"_待确认\27_1000\强化篇\概率\C30 参数估计与假设检验\3-FRQ\1000-XG-T14CAB2-Q028.md","c51fe7f6b53eb0780adc24c68cc271513b076dfe913607dd3a883f7181a0836f","86ca1607f4b4ad5250100553262043334e4005b13075239e580f266105776b01","1","0"
"_待确认\27_1000\强化篇\概率\C30 统计量及其分布\1-MCQ\1000-XG-T375BE8-Q001.md","faf11ecf22c62ce5739028fa2c0ea73ef385ee07d5f58f952324f5b1be3fd2ae","8caf58ed7d07fb96329ddec31d3867167328ce7ae90a7929a085b88fcabc073b","1","0"
"_待确认\27_1000\强化篇\概率\C30 统计量及其分布\1-MCQ\1000-XG-T375BE8-Q002.md","290f55db6a2b3bae8c88c2e00e461561e2d506abe4ab36a92e86a3f356bac9e8","27e04955fd380dc0a8f33c810aaba8d2879e3c2cd2f62bd21de42e4cf0398dcb","1","0"
"_待确认\27_1000\强化篇\概率\C30 统计量及其分布\3-FRQ\1000-XG-T375BE8-Q003.md","7f84ab3317f13bc75eb4a3d2742835cdbf3c12ce1ea3e455601260ff795477d5","a21d9a12ac702a0c9d68e05484284fb3ba917d12cd91557480070c9bd07a0bf8","1","0"
"_待确认\27_1000\强化篇\概率\C30 统计量及其分布\3-FRQ\1000-XG-T375BE8-Q004.md","225031cb87f73b54f94080d5e88108327f5d4495523b0a9aac49d2d0cb5f4080","697ec457b822445f184614ed5c45042d0faef38efb9db4a626a3d9053eb4d9c5","1","0"
"_待确认\27_1000\强化篇\线代\C19 余子式和代数余子式的计算\1-MCQ\1000-XG-TED803E-Q001.md","b622d5f024f8cd11a9709b9554e3d1c86a065f21d57e1b0e58111c28fb5ec214","bd2623abff77c336bb181709a82d45c89c4c8a709d59cece87e7bf91ed5f4365","1","0"
"_待确认\27_1000\强化篇\线代\C19 余子式和代数余子式的计算\2-FIB\1000-XG-TED803E-Q002.md","cb3283ab153451ced61421c46974ba0fd2456ed0fd1598075e73079c5593999b","bec65ad0bdb443428947e8f57132f9dce21a80beef6a62da44c4ef217858244d","1","0"
"_待确认\27_1000\强化篇\线代\C19 余子式和代数余子式的计算\2-FIB\1000-XG-TED803E-Q003.md","9b9ee992d35458a71c8ce483c1d24d91ab13f75cc8f629f2482d60f9e9ff4086","666c2150c49832b455d94f607a1907f4ba88e6a98eccdcd96e8a86c939a7e838","1","0"
"_待确认\27_1000\强化篇\线代\C19 余子式和代数余子式的计算\2-FIB\1000-XG-TED803E-Q004.md","829db1f1c0dffe66814b5f3a00f0c0c1c204a80011bec81c860831dc04819ae5","2026102924b68c9ec13cbbba6c05c28e9982d532a3f3167ea70f9ed20ef0bc60","1","0"
"_待确认\27_1000\强化篇\线代\C19 行列式\3-FRQ\1000-XG-T99EA3A-Q001.md","c0b2c2fa3e032f6bbf398f8c1b946ba75a3d42c8e62accf9e58e2a439db4279f","e9c38a6844cd2499ba50cdd59b47001d8ff2c3a15c13c49324b70bb2a0af0a69","1","0"
"_待确认\27_1000\强化篇\线代\C19 行列式\3-FRQ\1000-XG-T99EA3A-Q002.md","72781842ae536fd3829b1f905c5c1133f14a9cc869b6941784246e7bf3a6018a","1677b66e65272c81a835dd927e1803fdc2c604cfe47605f73dbd1a85204ed07f","1","0"
"_待确认\27_1000\强化篇\线代\C20 矩阵的秩\1-MCQ\1000-XG-T54D811-Q001.md","e127ed92f81ef95999dc532ca753ca35f52e97543f2464a771fe7903d14f294e","18fd8ede50c95873de43d96353fd669c801ed5ad0e1bbde8b04b46aae0e621be","1","0"
"_待确认\27_1000\强化篇\线代\C20 矩阵的秩\1-MCQ\1000-XG-T54D811-Q002.md","ef2eb36913071dff2c79685368d6350fe94a8d8006da2fe4ef03075c209c2d85","de3b6d66ae1ec9086636ed6b56ff7b3fdf53c14c589e95763abc4fa3d4d94090","1","0"
"_待确认\27_1000\强化篇\线代\C20 矩阵的秩\1-MCQ\1000-XG-T54D811-Q004.md","2e8b82fa94587ed127bfa8b812e380c9ecc74eec61e85d4e2290d5fdaa105ef6","cd70770be4aeed56f751ece3c456199421a060b5e91c44825f328f3fd789fd52","1","0"
"_待确认\27_1000\强化篇\线代\C20 矩阵的秩\1-MCQ\1000-XG-T54D811-Q006.md","86742ebe25f20798418d8449b94853b99c858d56a1f7a65678e8be231cd34ba0","e7353591b53f5dbb863e1967fd0bf305fe053a90b4ea120ece12a2bfbe7d5dd9","1","0"
"_待确认\27_1000\强化篇\线代\C20 矩阵的秩\1-MCQ\1000-XG-T54D811-Q007.md","bb1dc1aa4735d67ee8babc1bbf33dc452163c7a178b58ac2d6652ae2ccae1ef2","b810bb3fbea680d14a696c44c27c664edd9061a59c831d34c5189ef618495bd7","1","0"
"_待确认\27_1000\强化篇\线代\C20 矩阵的秩\1-MCQ\1000-XG-T54D811-Q008.md","822992efbd1762efdfe7997a3a2416b22126f217070115ad86c8c2839de8378b","705e15c86662ed93a52cb3f8c0d1f90ea2138c3ccaa6c6d0efc292149f3d8669","1","0"
"_待确认\27_1000\强化篇\线代\C20 矩阵的秩\3-FRQ\1000-XG-T54D811-Q003.md","81a60a6ed947618050730ba8fbdb713545fdc9555dee6c5847235f116be1acc8","c9c53b77dabc697649206276a7bb71f80fc8913d3babe3bf0f16b6a7b205bdc2","1","0"
"_待确认\27_1000\强化篇\线代\C20 矩阵的秩\3-FRQ\1000-XG-T54D811-Q005.md","06d634cd063b2303a3f210609c45f4532a0e32d0628f77f9f29714eabc23e2ae","420a4a6307d349542ae2190b1e36c13d957d805cc2807b51c8fcbb5298a83e8a","1","0"
"_待确认\27_1000\强化篇\线代\C20 矩阵运算\1-MCQ\1000-XG-T8C3201-Q001.md","9de79a65938c7b571985f11f1fbcb5175eb6bc12e66638f35fe638d847aacdf7","0d24599facd01911c7cbb18fb4e69c1a243dd9eac3b9d62766eb2864c66b54dc","1","0"
"_待确认\27_1000\强化篇\线代\C20 矩阵运算\1-MCQ\1000-XG-T8C3201-Q006.md","4f41a77d332f7301b25c968bc6bb9799611d71de4b30c75b62b630ce574afe2c","161fde79a5a15def246d4fa7950633167aa6d9f301d88f8bdef5d588940aad10","1","0"
"_待确认\27_1000\强化篇\线代\C20 矩阵运算\1-MCQ\1000-XG-T8C3201-Q007.md","8a66e86dad7d075635578b09f3fed0d629788675d5ab3c0698367a45fdaa3bbc","28c36bed67e0e8dbab5d17d333ec2da8ce8f117d60c092224fdcbc35d5236108","1","0"
"_待确认\27_1000\强化篇\线代\C20 矩阵运算\2-FIB\1000-XG-T8C3201-Q002.md","79ce91c44b0bfce8ea2eef0b2d479f410e4e5a2edb9629b7d33f05b5960d5321","edca3f974c1bc2cf04728ee0ef2faae53e9f33259f2bb3f0170e367f1f50a697","1","0"
"_待确认\27_1000\强化篇\线代\C20 矩阵运算\2-FIB\1000-XG-T8C3201-Q003.md","833536da1eb6006398a2975f10672f4a913ca75a755c8ffb85133c175802e93e","399185470c918dcac3f3a57ce5b0f207d3d189ceea4373c0b404b7ae337288fa","1","0"
"_待确认\27_1000\强化篇\线代\C20 矩阵运算\2-FIB\1000-XG-T8C3201-Q004.md","af67c521f0894f6321ec6362197a58f1144ef1f663269c472cfca889c838d5e4","1a5634c710f59a3b6ccf3a5c8522d829c68fe30df3e9903ff60e581e8617f0e2","1","0"
"_待确认\27_1000\强化篇\线代\C20 矩阵运算\2-FIB\1000-XG-T8C3201-Q005.md","684e6c7c6f63d470216007e213465a109506a00fd5617d3d6c32582a7d4b4ddc","488ea411206925762a4c86bb0ac9a5bf6c1bf46105df09e54421cf0ce9697fca","1","0"
"_待确认\27_1000\强化篇\线代\C20 矩阵运算\3-FRQ\1000-XG-T8C3201-Q008.md","95db9f0a4c2d4beee68688c8ba216d751d3aef2daf5512b7fd86704cd28bc7b1","76cd7479297815efacaf50772808415e4b7f9c86623ab26ab20bc5b36f88787c","1","0"
"_待确认\27_1000\强化篇\线代\C20 矩阵运算\3-FRQ\1000-XG-T8C3201-Q009.md","98c2edbd2e32fbbefa8ca4c75ef38832b1f68a1f23c0c413ad17c61d6b6e3dfd","587e160e396b541cd63d08191df311f0e7372dadb77bcdce48cd645453353e64","1","0"
"_待确认\27_1000\强化篇\线代\C20 矩阵运算\3-FRQ\1000-XG-T8C3201-Q010.md","de4f78d10d5646bea7fceb268ec6025e56864b439f3291ccb9c59addb6523712","1ba421242028d2ca9075522704fa0a39f7f580ad95e2f86368451ff840c9b0cb","1","0"
"_待确认\27_1000\强化篇\线代\C21 向量组\1-MCQ\1000-XG-T06DA31-Q001.md","a44541a94fe00c7bf42e169cb396831133fa3d709ae20e6a274b7d129ae572ef","de03ad266625fde5456da392ab700dde3a3ec36944a7ef21642b4ad6709de1a5","1","0"
"_待确认\27_1000\强化篇\线代\C21 向量组\1-MCQ\1000-XG-T06DA31-Q002.md","771a7906cc6747f6adde7dcea01e1cf64aaa01f2cb6fdd293fa7ab75eb749eb5","2098c5b1b71e504003ac9df56fb50907a68041064cdf52f7edf087a26339d6f2","1","0"
"_待确认\27_1000\强化篇\线代\C21 向量组\1-MCQ\1000-XG-T06DA31-Q004.md","71be905ce385a1ef8faae27859f8c53ff847cded3b6b463a080516bc48aaf006","894abfe111456eb5f5c7c470f5bb4e68dc5b85549ab660a145115bd856c69869","1","0"
"_待确认\27_1000\强化篇\线代\C21 向量组\1-MCQ\1000-XG-T06DA31-Q008.md","907220e2475b2b680fb66fabe1d8c1cca13274e8f3efcaab64d46feeaff120e7","01acf997678fc6264ad257553865110a5218405e1a430fd220c762aada04a5a9","1","0"
"_待确认\27_1000\强化篇\线代\C21 向量组\1-MCQ\1000-XG-T06DA31-Q010.md","341ff50504fb40f68c75bf75e752485130fcc533b88368129c6eee66715dea47","4c9cd5feb579bba172f7379713eda400ab323206437118bb42918a1eaf083470","1","0"
"_待确认\27_1000\强化篇\线代\C21 向量组\2-FIB\1000-XG-T06DA31-Q003.md","7a1ec33c9855ab9ea5e85e8af7c0b3e3e415d5a6723f3bf576bd1898d9b33335","4a02ef39ed2b32fdf214609fcf7ef5ad4e72a07e695712ada7cf7c39f0f309e9","1","0"
"_待确认\27_1000\强化篇\线代\C21 向量组\2-FIB\1000-XG-T06DA31-Q009.md","3931de295b1a0a79d14cfd2cdc8c001b1f0cdbb4ee088fa2d041307d74baa21f","899edd9318ce8644b19ee53e4bb7ba5dc6ad822c9d7fdf0e18798ccf018c4939","1","0"
"_待确认\27_1000\强化篇\线代\C21 向量组\2-FIB\1000-XG-T06DA31-Q011.md","3df7fb9d6bd34c54bdeedd73e3836b75fee0cfa697eb0df59f200fbb696fd00e","bfa47a48bacf8148a9bb4a32b0d2ac50d950c1ee34d0b774bdc26c4aeae2fbbe","1","0"
"_待确认\27_1000\强化篇\线代\C21 向量组\3-FRQ\1000-XG-T06DA31-Q005.md","b62b2b0277f7fef514d0ee9dedc395c3a0be3f308e78a176a865f99895fe7db7","032ed3509af1e406601f2fdae20d97a78c2fcc0ead80edc30dcc41bdc75e1e06","1","0"
"_待确认\27_1000\强化篇\线代\C21 向量组\3-FRQ\1000-XG-T06DA31-Q006.md","f51aa68baeccfb310124e708c2a52f58c322490b243496efdb4bfa4f858239b9","5705384e3c7559fbc92e8e5956613309cc32f15dedc9cad55fbf17165d31003f","1","0"
"_待确认\27_1000\强化篇\线代\C21 向量组\3-FRQ\1000-XG-T06DA31-Q007.md","fb05f447bf5982cfc81238992e8ba503e28cc63bef3647ad348db433489c97ef","75e7c72be0470f1a046aa8c4995a11bab71d16e35ea0f3258e24f252289e8d73","1","0"
"_待确认\27_1000\强化篇\线代\C22 线性方程组\1-MCQ\1000-XG-T3DD767-Q001.md","c5617c4b2d6fe1646a145745ac679756043d5a7ceacdcd17989a66dfb4811e67","fbc088fedec5695d203fc3794df04cc9e64da5bbb29671918449ddaf416895d5","1","0"
"_待确认\27_1000\强化篇\线代\C22 线性方程组\1-MCQ\1000-XG-T3DD767-Q004.md","5b5baa74e2c66ca79577e7009f5c123b3fc7714f0b0cd4e718f365e29fb0e568","8580e5d1fbdc932cb0712ea60d9182fe706a848567aa324e01a1a1b1a88c6ca6","1","0"
"_待确认\27_1000\强化篇\线代\C22 线性方程组\1-MCQ\1000-XG-T3DD767-Q007.md","bceb80d4088fbab03665d2442164a3cd2ad64034a03bf96434b9187d95f9d7f1","10680c0db62b450ff913879a281549ca336d4926979d7947037c2909695bac70","1","0"
"_待确认\27_1000\强化篇\线代\C22 线性方程组\1-MCQ\1000-XG-T3DD767-Q008.md","442e85e111a9ccbb08bdb35c7157353640050d703e2f374260b620414551f8bc","f685a9f3710c6bb015cf0362a502513553873d640077300ca8e60deeee2826e8","1","0"
"_待确认\27_1000\强化篇\线代\C22 线性方程组\1-MCQ\1000-XG-T3DD767-Q009.md","92a77493236c4a92a988705c5d07cddbd1c5ac53be6a589de9ee2bc742c4aecc","f6250da081d806adac8b5d5032abcf1ab78e0d9283be01ae1e6a56e05d278212","1","0"
"_待确认\27_1000\强化篇\线代\C22 线性方程组\1-MCQ\1000-XG-T3DD767-Q014.md","d7b7df1fe325be4ef247207004c816d3a25d1c3b4f40a4cd620c24858dba5f2a","c916a0d21c39bf481321c7aaa3edad502305c407be11c6aaa7b63db35363f4fd","1","0"
"_待确认\27_1000\强化篇\线代\C22 线性方程组\1-MCQ\1000-XG-T3DD767-Q015.md","d29e7a8895af62acde69616034e84f687673de3a8620c1168b21e5896e8eaafe","f69329af9323fd9cbfecb505e92c76f51bb5f7115de8c19432039d3bdad07cb9","1","0"
"_待确认\27_1000\强化篇\线代\C22 线性方程组\2-FIB\1000-XG-T3DD767-Q002.md","7b3601af81b72bfed974586446f21938c21da11c00bc38db80c90328ca1ba7e1","a7a2e0d1cedca364b83f6dded915c326970e622ef19dce157cbc9b797e670342","1","0"
"_待确认\27_1000\强化篇\线代\C22 线性方程组\2-FIB\1000-XG-T3DD767-Q005.md","d85df955943acb3b000fad329d84c2af99ae05f22d55c17fa485104c3c74defe","89fb94b43f2378d451a7fff7167bb002fec0828d9a9d23095a7a1aadeca2c426","1","0"
"_待确认\27_1000\强化篇\线代\C22 线性方程组\3-FRQ\1000-XG-T3DD767-Q003.md","ec88ff276510238c889a4e273e77bf7d546c926409045ef531aecf7c522561a7","f64ddc2a8a6fba0344fbb88995966ffdcd850be394426e85adee80ddcbf24439","1","0"
"_待确认\27_1000\强化篇\线代\C22 线性方程组\3-FRQ\1000-XG-T3DD767-Q006.md","9172e63cf77a332f2e65888c74604fdbdc4eefc733189a41425d97109bf0e904","a75e7ece62637d591e12e54b863916ec57c2bd130f9ba432e63b3914bc76ab8d","1","0"
"_待确认\27_1000\强化篇\线代\C22 线性方程组\3-FRQ\1000-XG-T3DD767-Q010.md","a1800997f4312412b941bb463013cd934877fedd750de69c821461b70f258d26","ea212edad5b611f2a8846939255c6812c8acdc069c0080328c0191d7b691184e","1","0"
"_待确认\27_1000\强化篇\线代\C22 线性方程组\3-FRQ\1000-XG-T3DD767-Q011.md","00c13a17bd4f7e90d0530c40d643fff8e18cfc9770909ea7b46c0a1ef837a5d8","7c879db518b8beeb9be91f59b38102c3d53de93c5bc419ab4e35c16d84da0c30","1","0"
"_待确认\27_1000\强化篇\线代\C22 线性方程组\3-FRQ\1000-XG-T3DD767-Q012.md","8bd01517b7c8f24a7eddfb89c4c76913c9164f39a1792eb582c13c2dd9869259","0e31064a4af799a419e37f329cd20bc4f013f8ca659f8252e40a00b05b10afac","1","0"
"_待确认\27_1000\强化篇\线代\C22 线性方程组\3-FRQ\1000-XG-T3DD767-Q013.md","04ba7c25741c575c2af7824e3e7cd006b6d44d1568883db1282a5844f06a40b3","c796ed47af4f626efa7d36d51d926fbdac8acfa99cf3b7247ab84f0948b338c2","1","0"
"_待确认\27_1000\强化篇\线代\C23 特征值与特征向量\1-MCQ\1000-XG-TE43DC7-Q001.md","61352b277c16cdf8bddc7ff971c99af7a41df40668e7b8d0b99a62d06af27d19","fe82ce04b9a3a7a055e3e6c8186b0535488077e8df8557fd0a88a70913c6dd36","1","0"
"_待确认\27_1000\强化篇\线代\C23 特征值与特征向量\1-MCQ\1000-XG-TE43DC7-Q002.md","499239b03efb26ed34cb39d194f78bb44b041c3dba2b23862e962f638709deb6","24d948aeae98beeaa63c86c93fc2ebac15a3c79de6fb32df142a8c15b80f05c0","1","0"
"_待确认\27_1000\强化篇\线代\C23 特征值与特征向量\1-MCQ\1000-XG-TE43DC7-Q003.md","a2d8d21b5cf71023b6e2a1c0f2cb525d71e7d930c5bba17a1a29883b34b1a38c","7a6ae69aeaeaaa902ae14ffafd3a26460b9b408708df02c63a641f502fca0394","1","0"
"_待确认\27_1000\强化篇\线代\C23 特征值与特征向量\1-MCQ\1000-XG-TE43DC7-Q004.md","f85f219b0d0c6b2d874ac346fe716fd1122fb73773532f28246b23cd90b99758","8f08a3b641bfbf63e59497d37c5b7a175cdf36e286b6e5829946022d156cb5ce","1","0"
"_待确认\27_1000\强化篇\线代\C23 特征值与特征向量\2-FIB\1000-XG-TE43DC7-Q005.md","0214f10f1d052832bbfeb2a67174a86bab1c5dcb5d7fc141371a2203dee8e9e7","56dd4d9209741e33cef99af2dbc332a4918c0e4f6233a6f0259fba5408bc1ecb","1","0"
"_待确认\27_1000\强化篇\线代\C23 特征值与特征向量\2-FIB\1000-XG-TE43DC7-Q007.md","be7101b5d100b0f2decc7f2863da282c78f96afb2f5c3311737d98581a3fc287","91040bf00be36bdb827055151016aa2f6789872f7fbc04f1a1a9b79d051f16a6","1","0"
"_待确认\27_1000\强化篇\线代\C23 特征值与特征向量\3-FRQ\1000-XG-TE43DC7-Q006.md","674b3d2f43b46bf365aa82bafbbc8f602a41f71923f33f2ffd10e7c2f377a960","61bfa2cf5f942439ba66ad4a4328bfa79cfc77d263ec0ef5727862a31e3a0aaa","1","0"
"_待确认\27_1000\强化篇\线代\C23 相似理论\1-MCQ\1000-XG-T1F981B-Q001.md","3675d6f462bd8480671cb0de4ecde9de696956ab8676f8fbaa847b20aae82f3c","a33b3cf7163b5cfa629983f6a08fcdfdf38e66b24432c811ed412341d7871a49","1","0"
"_待确认\27_1000\强化篇\线代\C23 相似理论\1-MCQ\1000-XG-T1F981B-Q002.md","c151a714aded8e94570ba22432630d299279ed15ab40a6292d450736303310ad","a74920803b87f3a369a08a4a15e7e48bd53995f3f04abc4df8a922220414f512","1","0"
"_待确认\27_1000\强化篇\线代\C23 相似理论\1-MCQ\1000-XG-T1F981B-Q003.md","21c12d438cb1f8a08e82aa8d10260e4ad36aad89a29a07a840464671bdd627f5","3bc965dc97f3c9977c7126f79e54b36ccf57834b684913597770be8698f74ef6","1","0"
"_待确认\27_1000\强化篇\线代\C23 相似理论\1-MCQ\1000-XG-T1F981B-Q011.md","3c97237107ad693c3abf6e554cfaf2ce6da2c74103993cce9621bbbc1a93a52d","4a08a609f0218102c642a3d6569fb530eea5ef0874295ba9b97a92ab7ffcd390","1","0"
"_待确认\27_1000\强化篇\线代\C23 相似理论\1-MCQ\1000-XG-T1F981B-Q013.md","1d308267a05a477c2cc53b4de66104dad8cf50deef2e481cec25047e9d2d994d","ea86325378ce4ac136f548e768a9cfeced599d28065ccf45911e8be0a8b46ff4","1","0"
"_待确认\27_1000\强化篇\线代\C23 相似理论\1-MCQ\1000-XG-T1F981B-Q014.md","6bc42c48b7f4b994cf6bd68558abcef007763d939b4db79a7cc4501155fa60f5","7cdd95afa1986f9bbe50b94ae52dcf1b9e4c45eb5bc259cfc3cea8b8fe278258","1","0"
"_待确认\27_1000\强化篇\线代\C23 相似理论\1-MCQ\1000-XG-T1F981B-Q015.md","0eaeb964e38fdb275eb6679d7b18bc606dfaeaaeb9746464496721651f14ac41","52f5f5f9593392635e6114725230d431b216eb0590a36b9690d611d557b9b385","1","0"
"_待确认\27_1000\强化篇\线代\C23 相似理论\2-FIB\1000-XG-T1F981B-Q004.md","cad6b0e64d00db292011c7a42c8546b82d01bed406677cc0587b9819db559662","4bfcdac1358b6400824c3d2e2d7bf1bd599040690dea92f7bd95478c5fbc8778","1","0"
"_待确认\27_1000\强化篇\线代\C23 相似理论\2-FIB\1000-XG-T1F981B-Q016.md","46ad1a2a5d171b9a557161d45903c872337c97d9f2fd55c221774394c5525658","1a0f0d07b00b0722fbce29a6c675e6395ae83822316498799aa35d53a9631f1a","1","0"
"_待确认\27_1000\强化篇\线代\C23 相似理论\3-FRQ\1000-XG-T1F981B-Q005.md","491c211fb4a5de2d0ecefb69a4a6fb23f3afdfcbcc2d59ceb1622689fcd2b677","50338de20ce2e1137b51d7973247fcb506076f369bc70e962eff660c5392f449","1","0"
"_待确认\27_1000\强化篇\线代\C23 相似理论\3-FRQ\1000-XG-T1F981B-Q006.md","6e120948483c8312ba0aa818f26d4e425b8259a3240481e6aae46a63b956aece","2a9f97b0d8cf86651934183c098e183a08d33ce2ddbe40895abd7fb67dc700fe","1","0"
"_待确认\27_1000\强化篇\线代\C23 相似理论\3-FRQ\1000-XG-T1F981B-Q007.md","c63b0f126297b51259b98cfac5e7e7af074ba3fdf0b55a7a384a3b80bfbf52d7","2dbb63b302dae5f111793a8311fb0461bb12870537c31484022fad333b45bc21","1","0"
"_待确认\27_1000\强化篇\线代\C23 相似理论\3-FRQ\1000-XG-T1F981B-Q008.md","58ff855a9299377c542e7734b55bca621570d839b14fc982ffe4e2d2d3ab7fd2","ec17f27110f374102f81ee902101bd3cbd2a579df0a5aa9d30f008287abdc961","1","0"
"_待确认\27_1000\强化篇\线代\C23 相似理论\3-FRQ\1000-XG-T1F981B-Q009.md","d9417f34888f76317dc8cd727f7fa2ef50f0dce22024d2b52fc80c014f7480de","22a2f0b8845522881ededea503a9f069de573f218121fe97f075ae8f3d6846a3","1","0"
"_待确认\27_1000\强化篇\线代\C23 相似理论\3-FRQ\1000-XG-T1F981B-Q010.md","cb3faa4a2b737c0e195954c1666deb46a264b0144e000359174311394b1f80e7","f7de0c91d8970e9a66fb6427ff6e07c0a70e1ebb3d9ea16c958c8faf0826fa08","1","0"
"_待确认\27_1000\强化篇\线代\C23 相似理论\3-FRQ\1000-XG-T1F981B-Q012.md","53dc0c636ca962e97a80fe728fbe94524ef25475cdcb497b126e7b7b82517243","a8829584868a7994799fa62edcd2af75de54efcd55fe22a393a61487e205fa38","1","0"
"_待确认\27_1000\强化篇\线代\C23 相似理论\3-FRQ\1000-XG-T1F981B-Q017.md","2630774ecbfad33fa103c4d50af40699fc81ccf75ffa59960c22b2590c0a016d","09299f3af91302a67507d0b042269162ec9a1c8b0b6791c5cf6dc5229334bbf7","1","0"
"_待确认\27_1000\强化篇\线代\C23 相似理论\3-FRQ\1000-XG-T1F981B-Q018.md","9985678979af7469a60322ee0e229ddefa96d161bf8386336ab0b60985e986b9","a4032691a528c4584d4f0b6e59d69318eafcf4d65f6aecf3235bb630589a4633","1","0"
"_待确认\27_1000\强化篇\线代\C23 相似理论\3-FRQ\1000-XG-T1F981B-Q019.md","5c5aec11ae6c4ebe65d5c25d6aec24d21066e059a22cf767d9aaf5aec4d4927d","f986ad9bea22434eb9b1f0b538525e4219e0582617d1ee79a1ccfe36977fc772","1","0"
"_待确认\27_1000\强化篇\线代\C23 相似理论\3-FRQ\1000-XG-T1F981B-Q020.md","b3ade4c45fa8a895ee2bfc3a479fe3241f8332303c3c5f699d29ac414d48e2c0","2c9b61a6e46ba2a8bf1f737e48c254a7cd72f1d49a2a42526b60f77960f76e06","1","0"
"_待确认\27_1000\强化篇\线代\C23 相似理论\3-FRQ\1000-XG-T1F981B-Q021.md","99c19bc64c1a04241aae7d3e690a1e38b8db1f36b376196a41115b1e4ce87bb0","b040ed95c50495a4219b60786a849176f89ea493b86501adb5979f6f4f711c9b","1","0"
"_待确认\27_1000\强化篇\线代\C24 二次型\1-MCQ\1000-XG-TDD1EB4-Q001.md","e7bdcd1b2c7f1fd76bfabc1b998e265b55aab73db551b8b023f5bf82b3d5a233","404abd33f4f45ae1c99922f1af3fb95404cd5f2c4c3c0cc4749d6993dbbe2b9e","1","0"
"_待确认\27_1000\强化篇\线代\C24 二次型\1-MCQ\1000-XG-TDD1EB4-Q004.md","0c565a7e589c62f271fbf0489d71b8287404267a8b96af63da68b3b771b3c644","5beec17ae2e157dc5902a008b3434907e71c79a8a33e1bf43aee12f9a1efd2f4","1","0"
"_待确认\27_1000\强化篇\线代\C24 二次型\1-MCQ\1000-XG-TDD1EB4-Q021.md","ac8c8574de60320ca4e7eaf699dbb8ba463f7502a32a6369d05f77ebfc3005a3","aaecc4f65468d61a3a81e90e69e9f9fb3f3754b9cea54ce5251644f64719a92c","1","0"
"_待确认\27_1000\强化篇\线代\C24 二次型\1-MCQ\1000-XG-TDD1EB4-Q022.md","3299cf2c461f7f9e40e05ae67ec4b764531381800b3bbd2c97bdd0c3435c026c","e42d21c4df4db0bca25e60e9f7dfe278ad27cf2231bc2cb380b53ec76184c844","1","0"
"_待确认\27_1000\强化篇\线代\C24 二次型\1-MCQ\1000-XG-TDD1EB4-Q025.md","2494b2e3523c26ce430997637ae24284f4e95889e7d3eba5355b710083fdab26","09b084f8ad5b3fcb0954d9158797648b0c6176292f0ee11653ab61a50b5de936","1","0"
"_待确认\27_1000\强化篇\线代\C24 二次型\1-MCQ\1000-XG-TDD1EB4-Q026.md","242f02057a111ed1b8e73e228540be5d73a9a394d852acd2e9bb5707c08e67d5","bb2c7ce95d2d8495d70009e05a8563952161af63ee477b7607f129dbb06b042f","1","0"
"_待确认\27_1000\强化篇\线代\C24 二次型\2-FIB\1000-XG-TDD1EB4-Q002.md","ee482c95cfb7588d6b07cb7e08c02979604a1ead10ced2ab76859a7e7c35d2c8","fd7f09b9cd2bdc5ea60eb4b13da484b5bb02ae1dbaaa30e9854f064359eb012e","1","0"
"_待确认\27_1000\强化篇\线代\C24 二次型\2-FIB\1000-XG-TDD1EB4-Q005.md","def0c7dfde2f038c6a4cb0ef033425087e6955f0d2cd35e5197e04cda4de37bc","10eecec670c584fecb294902b9ee647e4feccfe73ace6f75740ef9c015e777fe","1","0"
"_待确认\27_1000\强化篇\线代\C24 二次型\2-FIB\1000-XG-TDD1EB4-Q006.md","5522f48d540d50e39b9173322f873f162a8b9aa9e703929f106f938d414c3023","6e56765bbc360ef719071386dc976c6bd3c00a75b6d999322ed13032f0771d82","1","0"
"_待确认\27_1000\强化篇\线代\C24 二次型\2-FIB\1000-XG-TDD1EB4-Q007.md","fff080d9c9e8ed0146d8520a6f1267af46b234ebc4221d975faa90e1788d02eb","db89da5ae2c8a20f37907155f1b4e6689098fd62c83f0436738b5c0020b7ff8a","1","0"
"_待确认\27_1000\强化篇\线代\C24 二次型\2-FIB\1000-XG-TDD1EB4-Q008.md","ffceee6e2750a05b37fde39cfa4d8996df7699f9fe33b0a50cca0400ef49079e","53b3cee6aaca23ede4dc514e0670bfb18c85036a367750cea1592b76813390ff","1","0"
"_待确认\27_1000\强化篇\线代\C24 二次型\2-FIB\1000-XG-TDD1EB4-Q009.md","e63356b4ffcef5959d18ef0e72da78e98de9c994dea43821c50786387b0e9f67","2b18bbceccfaff8f189fa1fbd0230303091d71c45ae6a5d02754cce8e179ce21","1","0"
"_待确认\27_1000\强化篇\线代\C24 二次型\2-FIB\1000-XG-TDD1EB4-Q010.md","e78ae355b83f1520dc69f8eb84b8c8bf03f6e32671fd174663deccd7c67a9ffc","f1e24c1983274140ef4eb410e9a38edcb49dc3fa7748b9b1ae6579efd3823818","1","0"
"_待确认\27_1000\强化篇\线代\C24 二次型\2-FIB\1000-XG-TDD1EB4-Q027.md","b37bcaaa9f432bcef9b2bde586cccc484fd57feddca30bc612c241dfad1e3046","e08e2a5aff674b4d8c8b34705994c33d2e0296163dc8f0ce5facc4ac4117bd2c","1","0"
"_待确认\27_1000\强化篇\线代\C24 二次型\3-FRQ\1000-XG-TDD1EB4-Q003.md","86c110904a764a483c21e045d17c41e126863c9349a6c3a5697c6be31aeef66a","08674a1ba19d6db9f2d23159d631e2ca2c2b7a0771bc60f6b0a0ec3523a2f8e2","1","0"
"_待确认\27_1000\强化篇\线代\C24 二次型\3-FRQ\1000-XG-TDD1EB4-Q011.md","2139425e2a0dbea3695e28fef97f2bc578e5e2f10abe168f5394ef579eca3e5c","7766ce91bc4fb54331865060d131c44511941a3d33445e8bca4544aa6c28a1ca","1","0"
"_待确认\27_1000\强化篇\线代\C24 二次型\3-FRQ\1000-XG-TDD1EB4-Q012.md","246a87c43a63e966cbbaf6c49f3b3ea30d57918c76e7b3baa26bed9ce1b8e059","113cde04db908c4ffa107f5f502c446e0cfad7ef2f7b7a8a19733449fb614a49","1","0"
"_待确认\27_1000\强化篇\线代\C24 二次型\3-FRQ\1000-XG-TDD1EB4-Q013.md","884ac7978d4b8dac337a72fdc020cd396ed4081ea4c462619c89591ad0e47d47","83fc74e6fbe36696ed6fa72982ab43d4db4af796c03356ff4a330b8d70eb574e","1","0"
"_待确认\27_1000\强化篇\线代\C24 二次型\3-FRQ\1000-XG-TDD1EB4-Q014.md","4dc1d415b703e789b1efb83d5920266a145c7116ad72cf1f619d75b38e1a7cb2","82d6168a591a6f2d78a3f746ab1c798bce9b754035d0315d0eebf11a107e79c9","1","0"
"_待确认\27_1000\强化篇\线代\C24 二次型\3-FRQ\1000-XG-TDD1EB4-Q015.md","164ead2c8fa2f44ed4943e6de875c74b577c985604efb0e17556a55924d95230","bb68e5c350dcb8fe6c2bad6073b0e72a285dbf63255370266f7aa75e96b0cc77","1","0"
"_待确认\27_1000\强化篇\线代\C24 二次型\3-FRQ\1000-XG-TDD1EB4-Q016.md","b30070de0b721752d835929305693cbea487d9139affb586e10bd989c8f0e2cb","5c115f10ba767b5b8fd557acf8705aedbb0a2e1a9a518f292f544328a465e37e","1","0"
"_待确认\27_1000\强化篇\线代\C24 二次型\3-FRQ\1000-XG-TDD1EB4-Q017.md","9450f49da6165d4ea50de90ccab4c4ce519e60675a7486a557eb960d0df493d0","05f7013031cf9edc2ae5bd963318009c6ee381e5a98c3c88fb3509e2234ead7e","1","0"
"_待确认\27_1000\强化篇\线代\C24 二次型\3-FRQ\1000-XG-TDD1EB4-Q018.md","a4dae5af0885eddbb4bbaaa7743f2b58b72d7b20dd281494f78e556284d5397a","30ba848c51e947cba92095f92a83a3dbd81e1b7041327fd3976cf92f43271f6c","1","0"
"_待确认\27_1000\强化篇\线代\C24 二次型\3-FRQ\1000-XG-TDD1EB4-Q019.md","5b207a8e6ce14c5e278cc0c3e77b91a88385b2c577466b36b6b1a366d091b27d","99c368bc00ffaecf9d9e8ddf4b98ac8269eee326f6945f88a120efb66fa12d3d","1","0"
"_待确认\27_1000\强化篇\线代\C24 二次型\3-FRQ\1000-XG-TDD1EB4-Q020.md","fddd2c83f4c1f72dd685b830af540fda0c0dcc292c119177d504e54957b63bf3","c306713d3034abcb816c6976203eba07cd2a954a5a76a6f4daebd3dde3a118d0","1","0"
"_待确认\27_1000\强化篇\线代\C24 二次型\3-FRQ\1000-XG-TDD1EB4-Q023.md","4744bc0dfd0d201c4eb43f4465fec5ced30b4dfe83bd9c8b8b0a922d2ffb032a","510362028e61bd06494a3656ebffb67a4250d5d4129c10026eb90fc2f88a24e8","1","0"
"_待确认\27_1000\强化篇\线代\C24 二次型\3-FRQ\1000-XG-TDD1EB4-Q024.md","eeab883c89a51705fe6bff146b9747f6020d29d8368691e58abc8389fdef2ab0","756f37cfdf59c8a577c0e7c8dd409ed750ca3b3efa49b35f851928c279bc8a24","1","0"
"_待确认\27_1000\综合篇\测试卷一\1-MCQ\1000-XG-TFDD056-Q002.md","381b4676160731d315af867d9398d30f98c6f7a11dd02a4d4165beb122b72cea","0196fdbc0f20f6672a5d83bdf7cc7a649892ae7ba6ff70c7b7744a201633cfc9","1","0"
"_待确认\27_1000\综合篇\测试卷一\1-MCQ\1000-XG-TFDD056-Q003.md","5ac2c4de9c128c3a1f7651145edbae7344d9fe72641657c1837b0fccb7926982","a6860ac78ec432807e2ccabdd50d3b762b28d81916c7bb9c387c81fe69075a76","1","0"
"_待确认\27_1000\综合篇\测试卷一\1-MCQ\1000-XG-TFDD056-Q004.md","d04606d843e1d3193ab17f336d7d97aa4286fecc2698d3d66be48e245286af56","eb9887a91816ac95e4dc92b08b0516b043f14a29bef6c57757092fe16eb68f4f","1","0"
"_待确认\27_1000\综合篇\测试卷一\1-MCQ\1000-XG-TFDD056-Q005.md","f75db06a90e78da05f4698758efe045dfea411700d5a453f952d74fd6f39f51d","31768f385dfaf481ff3c8d0faec5933ccdadd7ae202001940df5aa19e018b790","1","0"
"_待确认\27_1000\综合篇\测试卷一\1-MCQ\1000-XG-TFDD056-Q006.md","ef9abcb7e697173ecb789355fa30bf0ff7494e060c2dcc3841a98aadd4a969c6","e67c670b732467125e56c01625a908ff429eda621a492f94b7effa53393a3004","1","0"
"_待确认\27_1000\综合篇\测试卷一\1-MCQ\1000-XG-TFDD056-Q007.md","c968e8127a53ca76117621b217ae57841519351543e6b54be491cdaa4c43ba37","ec6676fd4edf1192982c82d2f6c4dc44327e5e02f7e842944cb69255cde85bd4","1","0"
"_待确认\27_1000\综合篇\测试卷一\1-MCQ\1000-XG-TFDD056-Q008.md","7afdd93b9a691acd9d57f8ccb55f04e23c783155f8e5ee2a1ee88e422ddb5374","f1161b0320f870514786961d71cd4aee9d0052c432005bb2e9b0c7ed03e0ef1e","1","0"
"_待确认\27_1000\综合篇\测试卷一\1-MCQ\1000-XG-TFDD056-Q009.md","53fe5a2ceee0bf5b2558fc1b2b3d4720f47bcdbd79e9031ab811c24ccfe74306","d3fe36a8f530d94f45301bc8e4ff3f84f08031697908bad7fb6075a63efcc1a2","1","0"
"_待确认\27_1000\综合篇\测试卷一\1-MCQ\1000-XG-TFDD056-Q010.md","3c663c67a55d680e2629da1d5c91729222f243618fc78e6f1b96f10590c05b10","13834e511ad6e87708d648ae16c9617e95819c7417e236cea95e957a1af49afb","1","0"
"_待确认\27_1000\综合篇\测试卷一\2-FIB\1000-XG-TFDD056-Q001.md","d709f32c6c4b45c07c8e9a20f2893b59556f3b3e0795893699d1c1352deeaf73","1e9ee3a14a04aee6c82cb88d4be19d260d128289298f7053a8f20669d9fc5351","1","0"
"_待确认\27_1000\综合篇\测试卷一\2-FIB\1000-XG-TFDD056-Q011.md","fb92bb0a5bb83dbde1cfee0356b2215512b06bcd45111d43897fc59700f81845","abe4cf884b37bf3aee4d7c80a614d5381a7c6a00a467f87c159b8ce732b4863f","1","0"
"_待确认\27_1000\综合篇\测试卷一\2-FIB\1000-XG-TFDD056-Q012.md","12ebc2a235c6a99ae2cabf8406a1f94febdbff59866664d13288a5b63fad82cd","2a84a45bfeba9401a92e7eaacc47db4bdf882127ca8f4d1b5ce5ea001d2ed88a","1","0"
"_待确认\27_1000\综合篇\测试卷一\2-FIB\1000-XG-TFDD056-Q013.md","8837bdd1b2b96a652597af7de2ba680549ec30023a65c04e060a567905490d40","90a50e3ce4a8a9c1b53467836a698b2bfa36baffec40a179834caa06aebd2f0c","1","0"
"_待确认\27_1000\综合篇\测试卷一\2-FIB\1000-XG-TFDD056-Q014.md","c5550425bd3afda560f1c7900384c16a1335dc6929727f1398f2b97f03542455","fb8b7de288902d5d6f28195dcd7e2fc024124f4dfd516f25a48a6d3636cac650","1","0"
"_待确认\27_1000\综合篇\测试卷一\2-FIB\1000-XG-TFDD056-Q015.md","dd5f4ce2f31cbf9bcb156dfdaa217207841791844e2e595e717969f3e5a0d60f","889ad362bcd688c60e06c8b23db4962f4bbd584fc2c534adc4c07734b7b5111a","1","0"
"_待确认\27_1000\综合篇\测试卷一\2-FIB\1000-XG-TFDD056-Q016.md","4749383fe7e1c84100a54368559906cc6414eecd65b03858b554d89c90674799","4040cdb2ee2deef8a7118b81ae59212bc74c9091dc114cb7c0510d0044dc4b54","1","0"
"_待确认\27_1000\综合篇\测试卷一\3-FRQ\1000-XG-TFDD056-Q017.md","372f7abbd73c7cac922da44ef98a615c3605b3e585996f01aafe529179f863b1","a2c3240d4e0c703cacdcef4811f12788a0ccfa8efb507e096ba4b602a78a0f9c","1","0"
"_待确认\27_1000\综合篇\测试卷一\3-FRQ\1000-XG-TFDD056-Q018.md","8cc397cba63386751cfbaa8461c1fe210d7fb06be8326b9ba280e8278b8ddf75","85a2185a075ce6dd44660fdfd54937ce20ac8562655271e94c0e2f7741f106cd","1","0"
"_待确认\27_1000\综合篇\测试卷一\3-FRQ\1000-XG-TFDD056-Q019.md","7b92f30a9d4323c08bc177c204b7e0bab05df75b2fb07c5b0517544199e20760","b7ff15c094db85c4745b01723d6e82a41410a22ae0712e25fe50724764cd5203","1","0"
"_待确认\27_1000\综合篇\测试卷一\3-FRQ\1000-XG-TFDD056-Q020.md","d7e789ef585fb9e32761d86ef4fe2abc35b6e5bee073b0d4ec124c8a5e0ec3e9","4018d6dfd0e005ca67584a59560b25daba26180b3e42c3d02d3967ba21d37167","1","0"
"_待确认\27_1000\综合篇\测试卷一\3-FRQ\1000-XG-TFDD056-Q021.md","2cff67f17888bf66d1b3e07c033e6ddafbb8a977dca6ecb671eeccd1ca01ee35","c3ffafc67ecb317bfc10b697285dfe90375de0a013de4461f9eedb6f4242fc17","1","0"
"_待确认\27_1000\综合篇\测试卷一\3-FRQ\1000-XG-TFDD056-Q022.md","eea5644186d149794fa7433fb9d7046f265789b8f463166c4c50c68169f7ee48","47da317b938e968916400d8795977139d100f5910d389784a77c0f3b8f050279","1","0"
"_待确认\27_1000\综合篇\测试卷三\1-MCQ\1000-XG-TC57304-Q001.md","4993ddac3e2e9298c5b77ece4e08ab88be58cd6481768d7c152888484ed4829d","d36520e3cfb92db1d98c1c89d736679add428c7c941c0baa155a1fb8652359ad","1","0"
"_待确认\27_1000\综合篇\测试卷三\1-MCQ\1000-XG-TC57304-Q002.md","1b00cd4c6f89fedc8a5819a45946c3f7920b133f75c1a9df1d65f3aaad23e80f","569b2fdbaa4355e96f90de65ba44a83761003ad8cef5e0287f732c5b3637b4d6","1","0"
"_待确认\27_1000\综合篇\测试卷三\1-MCQ\1000-XG-TC57304-Q003.md","220ca3937d48dbdc7076bc066c933f69ab1abac03dc22e5fb2cfeff2d065d48a","a7f756568981658b1045eade6c988888bcc3ec374b9d5e16607d5da5d7ede767","1","0"
"_待确认\27_1000\综合篇\测试卷三\1-MCQ\1000-XG-TC57304-Q004.md","131063e156e53fa193bc7b5d08ab0472ede97a3f19dc6b69d9015af7f749dfcd","0f28088406cef984420c7a55fb85273e1c6e61786e031a5704c88917a153d389","1","0"
"_待确认\27_1000\综合篇\测试卷三\1-MCQ\1000-XG-TC57304-Q005.md","39e7e77f34a4821261fff6b8fd3ac57334b35717c1fd3aadb6437b2f660c26f1","c6fc4bb50445a29021180ee4a794cd9845ec2314fabcdad9fff63f98bf101d10","1","0"
"_待确认\27_1000\综合篇\测试卷三\1-MCQ\1000-XG-TC57304-Q007.md","e10aadf154195b611cba30ded0b582e5299471936227bcf179f6b5393c5f05a6","8b9f11c959ec657b4fcfb8f8227c927e4a52150d464ebe53966986f94fa11bfc","1","0"
"_待确认\27_1000\综合篇\测试卷三\1-MCQ\1000-XG-TC57304-Q008.md","1679117ad6f26527ecfae2dac04a693ec2114036dec517fd74532d68ec899970","ff220ccb5255bab5fec44361637043a8647578c47ddab790f710a7d608c2bed7","1","0"
"_待确认\27_1000\综合篇\测试卷三\1-MCQ\1000-XG-TC57304-Q009.md","b6c4c222911dbeb817d459cbc5470615b0c5303af842b3127d1e0aa64464636a","caad8c5556a3df671d935cb2c480a072ff03f7571acaa70c7509bc8d04fdaaa3","1","0"
"_待确认\27_1000\综合篇\测试卷三\2-FIB\1000-XG-TC57304-Q010.md","7602c29a73e7fe03e3e15273661856d1d0562381a34138a041f3a703829c15c7","818c362e643cdc567ed7da3b950052b84e7cf30ff5aaaa6faca113ca7ad35dc3","1","0"
"_待确认\27_1000\综合篇\测试卷三\2-FIB\1000-XG-TC57304-Q012.md","f85d99c36dfeeb330adf902aae1fad282c6549b0ac68c423f55bd85a31db879a","8f301002514a9c675e8434d4a77c9f8f05610062463b6494e1a5e2e594ab0712","1","0"
"_待确认\27_1000\综合篇\测试卷三\2-FIB\1000-XG-TC57304-Q013.md","33487f4f0f6ad756976b790ca0b5f730766ca0b0b2d66533e087cc8071fec22f","52009176167bb4fb22fe6228cf38bca200b5297b0c432bf52f38ca228b3f007b","1","0"
"_待确认\27_1000\综合篇\测试卷三\2-FIB\1000-XG-TC57304-Q014.md","76dfad3dc2a489ba92cf147454f093008bda6acd8429dc60bb49a5ff55be17e3","22c0e6e54ca4ac10ec9353685a64b51b72e6ccfe36f721cc94f098afddb297f3","1","0"
"_待确认\27_1000\综合篇\测试卷三\2-FIB\1000-XG-TC57304-Q015.md","3b3d79cc0947144d9ba442c576f638ad4afd92e43bb22df6751315bd0b0c6122","60090aa385898333f179d893338359a182ea29455f5fb1ba463676602b81e427","1","0"
"_待确认\27_1000\综合篇\测试卷三\2-FIB\1000-XG-TC57304-Q016.md","fad695ae821a25225caff11a476fdefd13888b9ceb7506f8c9a8087a21a989a3","94035b30e5cfec5cb2230ff40f6d1113b66008f2c0f5f62d828532799c1dc6e1","1","0"
"_待确认\27_1000\综合篇\测试卷三\3-FRQ\1000-XG-TC57304-Q006.md","819e7f7ba8e7eea64458418871c2b51a9dd1189f3c63281a5acf0e6836f5b779","6b12c7cc0f03984e01821448994c2fbda59e8195fb1a5ff61e9eaec55fcd0435","1","0"
"_待确认\27_1000\综合篇\测试卷三\3-FRQ\1000-XG-TC57304-Q011.md","e39823c263e3a6981435f935733c614035f0a2bd20003b8329da4b7500a95ef6","ec880cb95277d5963628faf1b40899ca913224c53f56965fd8ed60418844aaaa","1","0"
"_待确认\27_1000\综合篇\测试卷三\3-FRQ\1000-XG-TC57304-Q017.md","6e99a1e994af5db95561df4e2dda1bc2034a7e6f25f29873d102d2e09e4d3084","f81394353da100be7911af0bb90b69d79b752b8774eb7888d29801c386030319","1","0"
"_待确认\27_1000\综合篇\测试卷三\3-FRQ\1000-XG-TC57304-Q018.md","af890f8301bc020541adbda11d3491d66c54cf9a22f9a6487dcf93a0f2ac8009","5dfca37198d123549f1e7e43acb05974fcc309da4f57fba10fa587d101aa9968","1","0"
"_待确认\27_1000\综合篇\测试卷三\3-FRQ\1000-XG-TC57304-Q019.md","f52cf8c736f82e28dfeb5779ca6b11f75233be91e2d8a4afdef23fe57a22071f","2ef2a3446a2039bb70b86834001f8e8db49cd415f57a8864ae78985cfaa371d8","1","0"
"_待确认\27_1000\综合篇\测试卷三\3-FRQ\1000-XG-TC57304-Q020.md","d9cd127808ccf6861ec1ea5fb6b295b5d34a3f889db208dac7e5fefe780f566d","577b41ca477bc1d96fc8c6c6ef3b012b0c46928f07b4f31a7fcbc7a5b373a47c","1","0"
"_待确认\27_1000\综合篇\测试卷三\3-FRQ\1000-XG-TC57304-Q021.md","11911d47e5204fd7bcef73fd0ba1d99a7a28942a2c129b5ebeda7fa545b7402a","ec47babca4ba8129693596b557c69946f2a688c85d1276dcdd83bf724d509b93","1","0"
"_待确认\27_1000\综合篇\测试卷三\3-FRQ\1000-XG-TC57304-Q022.md","49be9eb84797ab619e5523a9816fd1b23f5d7b211aceb709cc63c8ec046cd3a6","8d06a608a9f6d5e749c81c8d0f1bc962cbf78698121bf1b9b7d9c6552a798088","1","0"
"_待确认\27_1000\综合篇\测试卷二\1-MCQ\1000-XG-TAFA23A-Q001.md","da84bd798a7c3113a1c280b3ba7d95379823c287f7db2c8c5fd63a7d0a258b5e","f4be67d3aad67cd2b4e3608e3fef93b67bb769a9af8912841c7f94fb5d872968","1","0"
"_待确认\27_1000\综合篇\测试卷二\1-MCQ\1000-XG-TAFA23A-Q002.md","d7efcfacf181e04a75e68de3786544c4415614c26c05faf4e7bf5d7cf2f5fa69","65fb03607854067e21466aaf6d985ce40f29a401166818e82f9b0798c62e038c","1","0"
"_待确认\27_1000\综合篇\测试卷二\3-FRQ\1000-XG-TAFA23A-Q003.md","2ae9bd3898391d628ac1dcf42a958c061359aeb5ac18efceadf2295537cbab52","40d664751d53dc1a3d52e61f8d8e66290ee7b00f6e3535a68460f74401b7d4bb","1","0"
"_待确认\27_1000\综合篇\测试卷四\1-MCQ\1000-XG-T70FEB3-Q001.md","ad1077a0113ed938f612a6b37d31f0f1e87e8aa69b89ae4ac8d8aedee30ef303","b80ea1486f293ee6c452cb3e3455e53dd4db07cfcc746e99be3050237d347820","1","0"
"_待确认\27_1000\综合篇\测试卷四\1-MCQ\1000-XG-T70FEB3-Q002.md","5e2cbbaa37ce431f90b5531c57c9b655ca7effceba7deb37096ff5fd93ca3e4a","43832222d37301806ada5d75f009071f64c666e64859706fe46a0f6fa9a7dca6","1","0"
"_待确认\27_1000\综合篇\测试卷四\1-MCQ\1000-XG-T70FEB3-Q003.md","f8ec6fdc78977aaa2091fd66ad9349eed5d93ea2e95d303441c3c7c7d58bf4a9","d431eb32dd2d455840e31b7e79ced5a34f128637bca2b8c4192e6b3c8d285847","1","0"
"_待确认\27_1000\综合篇\测试卷四\1-MCQ\1000-XG-T70FEB3-Q004.md","1a7691f7e756deb43a468fdc7e7fa9df563b58a2beebadba1234809c442b190a","8495d466bdf8e12c454129e2b0650646672cb45f55909b0e4873fb6d8f050d0c","1","0"
"_待确认\27_1000\综合篇\测试卷四\1-MCQ\1000-XG-T70FEB3-Q005.md","19fcde203154aa498522168175f3a7d4dff4601e38347219a2279c2cbfbb123d","0b7df1f95ec76d301307eb1ed13ac03fd212949d2d6b0da0ef842f87673672ee","1","0"
"_待确认\27_1000\综合篇\测试卷四\1-MCQ\1000-XG-T70FEB3-Q006.md","bf00c3526f148f214ccdc475d37cdbab0818f6ff05ffa094c030df2cd4adfd29","92ef02f8ba9a0b2a4be1e133a51024c4497e24c68c27edea3c330f3ff253edd1","1","0"
"_待确认\27_1000\综合篇\测试卷四\1-MCQ\1000-XG-T70FEB3-Q007.md","9b36b68f69a26942b8009f05f21867b359ed28359708c3cf9958441cc0d72795","e86aa2d9bf667337e951f4bb208fa42a5dc984dd20d8cdcda85aabc729e9ee85","1","0"
"_待确认\27_1000\综合篇\测试卷四\1-MCQ\1000-XG-T70FEB3-Q008.md","5ab2d0ee3cbac20ae26b415144473a27df359599e32822eeea8a8b6783357d4b","f19ceaf8a79580e3d872373969de58e7ebfb184f31ce66496380b3dcbbed4f4c","1","0"
"_待确认\27_1000\综合篇\测试卷四\1-MCQ\1000-XG-T70FEB3-Q010.md","c5795194e3ca1695162b5732aa52c040587bef1ba088c21b655e55060ff006f1","8393416cb61e72053a924fa19fc7fd01648dc8b8e0896c11d4379750cde99f83","1","0"
"_待确认\27_1000\综合篇\测试卷四\2-FIB\1000-XG-T70FEB3-Q009.md","383aaca36efdc7b333f78d071b7c0d59b534f69d3e8600bd1596ea55d94f3b2d","7417f6a8eb230e41692e76044961137efb03ddb08066e403e3cf9b3c47670d39","1","0"
"_待确认\27_1000\综合篇\测试卷四\2-FIB\1000-XG-T70FEB3-Q011.md","2b5504668025822c39954a900753fdc01500c3e6a1026aa847c178784f50a41f","3b0bd4a2145c0bb444bc40420ff1c67fc41b8c2c480c1fbe872a4cb10db23f7a","1","0"
"_待确认\27_1000\综合篇\测试卷四\2-FIB\1000-XG-T70FEB3-Q012.md","92c422d28b6cd470e9af3b82b07336170d1f97b4763760aec2e7e42a9734c487","aa9f260690802f95d5f5009789e31ad77a35945ac0443b015d1eac2e379b9f43","1","0"
"_待确认\27_1000\综合篇\测试卷四\2-FIB\1000-XG-T70FEB3-Q013.md","f49b7d917a0175af4208accad1164c27cee196da1dd14fc9e01cdfde8852e59d","e89379202ca2daf59c03891244d1ac71145f0eb96a1c4302fa943b3b3d05cb14","1","0"
"_待确认\27_1000\综合篇\测试卷四\2-FIB\1000-XG-T70FEB3-Q014.md","5a6f8eb109f00848ae7fd70bebde1f353611b72d85375049b35ef1d2b02479f6","9167f97393321f394880776b13f1bea94b5f9859a22dc51f26816fa036b1c6e2","1","0"
"_待确认\27_1000\综合篇\测试卷四\2-FIB\1000-XG-T70FEB3-Q015.md","fb55beac13c4a9143198bb354289065b7d33ffdca018aa15248775ebbcc4ebde","c826073cb94c76bbf952239323852ce53131cdb4763d0509f8b83aa2c9a855e2","1","0"
"_待确认\27_1000\综合篇\测试卷四\2-FIB\1000-XG-T70FEB3-Q016.md","08b7eca8493da141873b12ba113a79e4b2638e3a9d58a1f4dcadc7066f9eb8a0","d7f7fc678d585fab06dfb2f372ad170c4af6e3fff40f96d85449865e8714a8dc","1","0"
"_待确认\27_1000\综合篇\测试卷四\2-FIB\1000-XG-T70FEB3-Q020.md","2cd2a3fed0098c0975c5ab570b6bb245c38c827c7b2fff4eda4b5fa26e452409","94243211e5f29b1c814e1c0fb8477c9dad374d9d64dc07059ffbc54c20e3196c","1","0"
"_待确认\27_1000\综合篇\测试卷四\3-FRQ\1000-XG-T70FEB3-Q017.md","bcc9c208c569862cc5d52f1d9fbd64c58e95594c7da2247790ead11b75216e3d","f3aa892311660ebb8844b5ecc7222ddfd6e314c4ca08f09f6bf21a1bb4ffd388","1","0"
"_待确认\27_1000\综合篇\测试卷四\3-FRQ\1000-XG-T70FEB3-Q018.md","e4215f59d002cfa76f8f4a5d9abd3c73a1f97767b7a80d285ba0b38b311260cf","3c9fa67cb77892fa1dff78bb057e529b253df332c7330daafe9c3310462471d9","1","0"
"_待确认\27_1000\综合篇\测试卷四\3-FRQ\1000-XG-T70FEB3-Q019.md","e6da7a82d44b683004ed8fb18cb95cf2eee63e02bf7a07aa532abf078a882947","4c2960ddb7e03dd73f0e5135469502102bcbc16956cc617c881396f36999ee94","1","0"
"_待确认\27_1000\综合篇\测试卷四\3-FRQ\1000-XG-T70FEB3-Q021.md","cfcfdd7f696260287a781a87b4b6ec4869924863d6b81b7cb427fff2994caff2","a4e536221989e6e7d999ab3866e80abc480e885005cb9e086d88470cd2246662","1","0"
"_待确认\27_1000\综合篇\测试卷四\3-FRQ\1000-XG-T70FEB3-Q022.md","8b322d1a2f726e29f667191bd7094dddbe55f33fe70ccdc7f641bdae2fd98d56","314cf6aba03070f0107461a496cd60b65af843ad97b39915e542dbf494380c0e","1","0"
"_待确认\27_王道408\03 - OS\1-MCQ\WDOS-2027-MCQ-C01-S01-Q001.md","d53c1aecabf65b141e6e0a0dce93d4ea7ca83f7fa1d36cc741c3fc1b931025ac","a56f1e6310f8eb36809dcb092eac76586d11e2d02e8d0e1d0ab0eec39144bc6f","1","1"
"_待确认\27_王道408\03 - OS\1-MCQ\WDOS-2027-MCQ-C01-S01-Q002.md","fc69b7d075a0da616a720da6abf0f90d5a9ff770ed26bb25d42910aff87e2b42","85104afa1aae8677507fb361228527e9192fb3af287120adf4d30e34906729ef","1","1"
"_待确认\27_王道408\03 - OS\1-MCQ\WDOS-2027-MCQ-C01-S01-Q003.md","5f5b47214621a9f912ceebdd3c7a809fdab5dd889048988479c246d9b4190647","cfd76cfe68b51950b7a1d0a9757d1c8732358c5cc3cdd0834da60ff69649abfe","1","1"
"_待确认\27_王道408\03 - OS\1-MCQ\WDOS-2027-MCQ-C01-S01-Q004.md","ceb690b0721d4acc70395bb4c53ea59151a63dce7adae13cce6e560f9cbd4fde","788cef6701493cceb9c56e27d789a66374ff43297359ece8129360d3ea9c1121","1","1"
"_待确认\27_王道408\03 - OS\1-MCQ\WDOS-2027-MCQ-C01-S01-Q005.md","d9503a09607db8cc9a9c404dc3922cf5ac122616f032b513ef285a8c3cbe7129","7b6d96a9e87526d9b5a75b4e11d6d05e0ff35ac2c14be812cd13fe5abb0f408e","1","0"
"_待确认\27_王道408\03 - OS\1-MCQ\WDOS-2027-MCQ-C01-S01-Q006.md","c666e3606b7f0c6c06aec304824d22bd1a08e70bb38aae97e844e21e8d2ce936","133e7661ef9c4256f2137fbc32fdb5d086019844ea6333c524dfdcaa7a91e52b","1","0"
"_待确认\27_王道408\03 - OS\1-MCQ\WDOS-2027-MCQ-C01-S01-Q007.md","900a37ca80ee61d531b299b972e62cd3813960cf5462226f038b9085f7acda4c","52e37d7294ed430ea4aeee55b983784470547e0dc21fb192ef9eba5f1f3842b1","1","0"
"_待确认\27_王道408\03 - OS\1-MCQ\WDOS-2027-MCQ-C01-S01-Q008.md","8db8857476937460cc78ecba934821eba4615753e10fafa9f68a3621e89f4d24","4e3212d358630d225e841783784117311544e68eefd9a0fe2caed10f5d8c6365","1","0"
"_待确认\27_王道408\03 - OS\1-MCQ\WDOS-2027-MCQ-C01-S01-Q009.md","0e4b717c7b24dc4c88c3e871516801a68eef3515faa08294da41141cd8ac6f3c","296e5588a0c414817cf8f179fe892dbdd55ccd7b7775558757d4d10b08ddd481","1","1"
"_待确认\27_王道408\03 - OS\1-MCQ\WDOS-2027-MCQ-C01-S01-Q010.md","110587c13cb609a847ca18457c88c2bdab2a49af011a2b4b46b7b0ffff28e2fb","2f5aa4d1b48717abd901b69e970df5b002c5486c0084a3acbf2bb7bad37abd1e","1","0"
"_待确认\27_王道408\03 - OS\1-MCQ\WDOS-2027-MCQ-C01-S01-Q011.md","9af5a4dbdabcad77ca1e7331b99b5335e90be5dcadf8846324b45c951eead7b8","eac1311beeb47c958052113ac53e373493905239ab231cdf18d5142d77dd1112","1","0"
"_待确认\27_王道408\03 - OS\1-MCQ\WDOS-2027-MCQ-C01-S02-Q001.md","30aeb462b7068c1b64a80576518afa208ec2ce2136e5b0069731e456fc7508dc","491be7de5345387cf3b8764503989138b8ab0ff23c50ad7399b81550300b022d","1","0"
"_待确认\27_王道408\03 - OS\1-MCQ\WDOS-2027-MCQ-C01-S02-Q002.md","472b4803507882cbb8cd81aeed3827d4a431d078823157fbb395192871a7d6c3","3b73b23ca3cf9b50dad9d62a8c2cc1466529b9f15e7b38b2f7c954edad79b170","1","1"
"_待确认\27_王道408\03 - OS\1-MCQ\WDOS-2027-MCQ-C01-S02-Q003.md","2e70508d4c79d3c626a185febc95bdb63896be7ce31a76966e269cb51bb948b6","4c4b136be2ca856b658fc951e0d0af84c91a2214258c3c4d96c32c81f7e2499f","1","1"
"_待确认\27_王道408\03 - OS\1-MCQ\WDOS-2027-MCQ-C01-S02-Q004.md","cdef4134965d81b411477319eab14d319fb49a97dfc84dab4e5e9185c21cafa5","ad4b070597d7c91eb395ddf2277c78aaf7783b60dfdb791a742ad11d43e1af1f","1","1"
"_待确认\27_王道408\03 - OS\1-MCQ\WDOS-2027-MCQ-C01-S02-Q005.md","5d8db5e0a6625b8b821a08b59b9476cc75a75d5d9f3438ab4f46c58489ba1259","c994b08adef343ba70131e6deb8e248b063ca731de8093a1b1800823f5fd7528","1","1"
"_待确认\27_王道408\03 - OS\1-MCQ\WDOS-2027-MCQ-C01-S02-Q006.md","ab0dcda9ea43266d2bd474fbbdbb0af3abed4b88aca7ea23022de83e9cb5ed9b","dc622c73f42956cae95fe12d38894e0f7dffeb21c85d9aca3b86a3d3b8eab5fb","1","1"
"_待确认\27_王道408\03 - OS\1-MCQ\WDOS-2027-MCQ-C01-S02-Q007.md","5a44b103bf0a20bc914f39b7503cb3109f81c5df1ccc7746ed53e9c38d5e7f31","6c5182dc57546272663c5166e8d4783e476524787fa681d800b6293ff7ba0133","1","1"
"_待确认\27_王道408\03 - OS\1-MCQ\WDOS-2027-MCQ-C01-S02-Q008.md","e54e9ce101caa290a1fd0fcf74cd7c9fda8a600d7933fcc2b0300ab9310cb397","76b6c6a856980181f2af9f63a324cf1334062423ce6a092fd615812051eee390","1","1"
"_待确认\27_王道408\03 - OS\1-MCQ\WDOS-2027-MCQ-C01-S02-Q009.md","da3890b606346791bc92e7a828c077e288f3cb9eb0d0899d63e282669cd72bbb","50933b8227f15a6859a6a60801a2548439ab9be19ca23d339ad93c65c9659f95","1","1"
"_待确认\27_王道408\03 - OS\1-MCQ\WDOS-2027-MCQ-C01-S02-Q010.md","183bff8bfb0219b9bd0debfd61787a7baacbf83c9ede44d1d9cd9e1c8f993c8a","c5767bcd9134cffcbff115bc17218d8c15226353e978bb1c90f5f513e868c188","1","1"
"_待确认\27_王道408\03 - OS\1-MCQ\WDOS-2027-MCQ-C01-S02-Q011.md","71f63a7f3a7c00c6d0c58282a8fc4753f45a2ba822e3b4f95b8fe4ffb65f6e23","1a24c0c01be301d6f49b52217809e27bbb7b870405706dd118734a79a63448c6","1","1"
"_待确认\27_王道408\03 - OS\1-MCQ\WDOS-2027-MCQ-C01-S02-Q012.md","f011a2e6f7305ffab549ed02b16cc6ec0357906ff282e41327c26d6ac3f1aa99","d5e74e02c77d03f0aeecc12f263e21d6d6866797b4e1f1e4305f340c7944aaf3","1","1"
"_待确认\27_王道408\03 - OS\1-MCQ\WDOS-2027-MCQ-C01-S02-Q013.md","fc9bbb67349921222f7a7c5b69b183c26e2ad6f0a6637d38453f791fe15de86a","ab6f00ac64c0ad805ef42865a49a58d0aeeb4dc0309b760166293402ef55ba09","1","1"
"_待确认\27_王道408\03 - OS\1-MCQ\WDOS-2027-MCQ-C01-S02-Q014.md","76c9d3ee37f973da5d9c40b2130d6a3e1ededefaa12f79ce01149042a39db07e","2a34eca31f4462d4ab1f26dec1392e6f8b804b888e8b77c28316f11c15538bcf","1","1"
"_待确认\27_王道408\03 - OS\1-MCQ\WDOS-2027-MCQ-C01-S02-Q015.md","d1a8ab8a1acb8116d2d530c7cd3b2a64ed523e40b9ca2070d6cba290a9f0a9e3","2020bb534eb728d3c472b704f600873cd30a620e54e5acd6dfab4a8e3756fce9","1","1"
"_待确认\27_王道408\03 - OS\1-MCQ\WDOS-2027-MCQ-C01-S02-Q016.md","0da4a643c8f089cadc704ae2a42adb8c82260146a891b0e0676527fe24a64ae0","4e854de407bb23b51153824997a169217b87b27242af39805b55d21729b06dea","1","1"
"_待确认\27_王道408\03 - OS\1-MCQ\WDOS-2027-MCQ-C01-S02-Q017.md","2eff9fac0b5f02d403335d009f5e9cc090fa50a3eb416ee5e03daf0ff75fa09a","3a328d6d490c20c111b8eddcdd99d9add9cff16020ce9a0c00a4336fd74a0590","1","1"
"_待确认\27_王道408\03 - OS\1-MCQ\WDOS-2027-MCQ-C01-S02-Q018.md","e46e51054cbbc77fbb04177e865285401fda93d7eb455495a5e6a62b06796538","1cff8ad456e4c90e7c62a9ee8f46f9d2517359d3d236ab0a64d49eebade80a00","1","1"
"_待确认\27_王道408\03 - OS\1-MCQ\WDOS-2027-MCQ-C01-S02-Q019.md","95d46640b5b46efe99154375459b374805c728ef8771888c64184dade1abd852","e5a3dc563a4300492113282510982a3ac201721b03cd508ed9b7f584f0dbe3cd","1","0"
"_待确认\27_王道408\03 - OS\1-MCQ\WDOS-2027-MCQ-C01-S02-Q020.md","e7489d3fe4a334f86b6e563d3e9c32de62b97cc9beff074528846fc1316ba9ba","de7d5e04ddd438af6f6f781ec9e34368ae58a6bb8519054530d1b996b3619ad6","1","0"
"_待确认\27_王道408\03 - OS\1-MCQ\WDOS-2027-MCQ-C01-S03-Q001.md","7b9b6b86a305a1eed61ebbaead5218159d14b8ac0e195b03c0c41d46cc4b5072","fdd5c47e1bdb47e520910ef316bdb7403343740c539b74deef6e73eed24458c1","1","1"
"_待确认\27_王道408\03 - OS\1-MCQ\WDOS-2027-MCQ-C01-S03-Q002.md","3ec8a26be3c6d20ad37e56acb9dc7fe9bbdef0822da6c832d59eaba51b2e1763","de13a29c2383c74315df787b6a18876462dbef49a3d9fc39682c694f28cc9bd6","1","1"
"_待确认\27_王道408\03 - OS\1-MCQ\WDOS-2027-MCQ-C01-S03-Q003.md","26ef1a60ae444b599521bb9858ef34c37e43514732792e81e2ae70e1d622a3dc","92c38621a49febfe283526512ab6e0e69d972c7253e5d70baeebe9d90a4c2db1","1","0"
"_待确认\27_王道408\03 - OS\1-MCQ\WDOS-2027-MCQ-C01-S03-Q004.md","fcea4dc0421f187f2962ce59134f32ff67c2edc8d9210a9f54fb6acf49ff8a34","30b52f2eb721c5959bd69fb22bba3d602fd10707e00ab0fd351c5d78533363d9","1","0"
"_待确认\27_王道408\03 - OS\1-MCQ\WDOS-2027-MCQ-C01-S03-Q005.md","57cd282640a1a57f5c21d28938cd1f8f1e797d11bc82d57fbc735dc469bd0408","30488c923e98422c53ec3c7a92f995f6f8b5af3eb31bc5c33dcc0b392eeab98b","1","1"
"_待确认\27_王道408\03 - OS\1-MCQ\WDOS-2027-MCQ-C01-S03-Q006.md","e2f4b1ecc8e7f1d81bd1e9516d47a6a5add913c9009db5361ef5fdaeb43caeed","d7c845bf55f5d5491a3747a1fc5bf36063ad82faf6c40bebf3a6492defbe9cef","1","1"
"_待确认\27_王道408\03 - OS\1-MCQ\WDOS-2027-MCQ-C01-S03-Q007.md","0f961ed3f586869c58d7bc369eacc75400b535fc7e5fe461c81ac94ea1624966","3e6b2f09d68247c55f1d71a7452dd55c5f201a2df30665569ce33d66a15d8818","1","0"
"_待确认\27_王道408\03 - OS\1-MCQ\WDOS-2027-MCQ-C01-S03-Q008.md","abf69c8533912808bdd10bce609101fd8ae501f8fc7e2fe84c6b6c99388a6e73","43c630370b144a44040855d1d359735c1d97c24b3e76e02eb0fe9e5797db296b","1","0"
"_待确认\27_王道408\03 - OS\1-MCQ\WDOS-2027-MCQ-C01-S03-Q009.md","1c7d8d50a3e5143a83dff41cdeae396bdcf07718e2b0a82fe2ed433b51d7f9ae","6abd8ed4c7b40a6d0014d89a3ec914457a45e610552fefdc4c462675a037b6bb","1","0"
"_待确认\27_王道408\03 - OS\1-MCQ\WDOS-2027-MCQ-C01-S03-Q010.md","348e48f2ef3494b48064b14b35c2ad3bcb4e01ca3166bcbbc30daf362d7bb47c","a211fcbc09f3186d7c38a3549f8500ad83b2f1272e57557ae62956a42450006c","1","0"
"_待确认\27_王道408\03 - OS\1-MCQ\WDOS-2027-MCQ-C01-S03-Q011.md","ae8fa182dc5d2405af9f442752e58dc3d021cf27fdec2a153cda03d0891e858c","23234a2936ea0e89ad41bdba6ae7b636396de706db5de245bbaa4c3b93eb7b3d","1","0"
"_待确认\27_王道408\03 - OS\1-MCQ\WDOS-2027-MCQ-C01-S03-Q012.md","7d66e6822c90c1ade7cfd5dd4d395cf81daf7a2bbb897638039889b1eb2f989d","3da67188d2bcaf73ff2d7ffc989b4dc178171c64e07f64afb62ca93fed1d7f23","1","0"
"_待确认\27_王道408\03 - OS\1-MCQ\WDOS-2027-MCQ-C01-S03-Q013.md","71fa467010944caffb1f7c900b96621363659dfae682811465346aceead5e99e","78b94ba6370eb71a6d505fb818c015347c37234da83dc5b399e9ea80214a5934","1","0"
"_待确认\27_王道408\03 - OS\1-MCQ\WDOS-2027-MCQ-C01-S03-Q014.md","d8a92acb9a184c29fc1faa7b2578ef6c77879652dcaf836e1b0cacc3a35fab65","c3dba189ff1eba37ef5c55ee41fe44520dcf393639c46b681289ee928f1cb705","1","0"
"_待确认\27_王道408\03 - OS\1-MCQ\WDOS-2027-MCQ-C01-S03-Q015.md","a326ad7dee6cc93bd63c631cc0bcd7d71cbb3ddcae0556bf52ee066a57a9225f","fe96754fb3d6a3db647501adabf776909765e6cc4988c977ff5a51435b3dfafa","1","0"
"_待确认\27_王道408\03 - OS\1-MCQ\WDOS-2027-MCQ-C01-S03-Q016.md","2805f77d5d9b6b81a63f168cf3d95d14e1f9ce57a434fdec9b77d37601ff8b9c","37ddd154ce7220f001e96fab07f3490ebca83b08e35c861e3d7b026708058a8e","2","0"
"_待确认\27_王道408\03 - OS\1-MCQ\WDOS-2027-MCQ-C01-S03-Q017.md","461c858ed05e04e6f27cb787a5e23f3d5626281c4dabea2d1ca92aa964510ecd","aacf83cd10f5b3dbb3533bf733b8d4dc1031b892bbb313a2740741402e432882","1","0"
"_待确认\27_王道408\03 - OS\1-MCQ\WDOS-2027-MCQ-C01-S03-Q018.md","618ac784107a6e369eb2ed1b033b327a76cc114a5ccd19e3da87d1fed6a96c59","509243a6c7a381e4d9971668501c0f4cca18edcedc7124b6a524c594c9426bda","1","0"
"_待确认\27_王道408\03 - OS\1-MCQ\WDOS-2027-MCQ-C01-S03-Q019.md","42520b75901a620b739d06dcf9c4a50c5a3f5c111465781ceb4e6d72c458e5e1","a2278109ce8a4febe3e0288e8c7443085d9ffe4b3251bd69875ed1ee4dddcbaa","1","0"
"_待确认\27_王道408\03 - OS\1-MCQ\WDOS-2027-MCQ-C01-S03-Q020.md","48e2977b52e56fcd0204e85b3b83147daabed8bc913553a1b1510216915e8f9d","33f576c85e55c20500bb22082b06da192f79f4cbe06243601b6f1f66632680cc","1","0"
"_待确认\27_王道408\03 - OS\1-MCQ\WDOS-2027-MCQ-C01-S03-Q021.md","8557de5a45e76fb18f76b0b40ec2b35461432fdbfe00a083b96caf9fa50008cb","0220c214adcdf8494e709f0d73d772a668f9bcc8b51254fec4799ef22c6ec74c","1","0"
"_待确认\27_王道408\03 - OS\1-MCQ\WDOS-2027-MCQ-C01-S03-Q022.md","25fecce5943b4caa31e1bca90b094dfd2208e496441fed625821945c51a7e430","d57ff3623d43c94b2b8839d912f81e16c6b9cbcf50da3bd6948c9358840239a5","1","0"
"_待确认\27_王道408\03 - OS\1-MCQ\WDOS-2027-MCQ-C01-S03-Q023.md","e4c50dc4c08f8ddcc76c8132bb61149d04fc2ff05225ec09b03bf3fac7bc2d05","1883b338e5abf397bab2a841dbce30fe2b6acaf439d842faadd8cc779cd256f3","1","0"
"_待确认\27_王道408\03 - OS\1-MCQ\WDOS-2027-MCQ-C01-S03-Q024.md","ba02c42c00c816e41fe0184249217acfa145d3dc9588eb0bf31e917d415f8b1d","6a55b7f2d5b5bbc9886580e92c9e5378ca625e6e79e244534519d1b6018161b6","1","0"
"_待确认\27_王道408\03 - OS\1-MCQ\WDOS-2027-MCQ-C01-S03-Q025.md","b903f0d97543fc8c3fe4a14559d8ea09052c92f11bb20784c4d3d9f8ac11ae7c","6d77351a5778c6672864903f5d1864d665f68039706eb93b2b5a532d5409a0e7","1","0"
"_待确认\27_王道408\03 - OS\1-MCQ\WDOS-2027-MCQ-C01-S03-Q026.md","bbd8cd3b24457a1fb97b89743a2c53e004ffa069cf746648f538a60b07faefd1","bcd8e03fedf10401a258fee3d4e5a89f5aa354687a16ab8d89caa6d325fa1e07","1","0"
"_待确认\27_王道408\03 - OS\1-MCQ\WDOS-2027-MCQ-C01-S03-Q027.md","e45000d88dbfcc86b4d401ca3fa861db06128c97a9e18c15d019d4bb83ae6312","a02fe02582cb6065cca5c6b9b570233f917fe78e05a092760fa9499231cc23ce","1","0"
"_待确认\27_王道408\03 - OS\1-MCQ\WDOS-2027-MCQ-C01-S03-Q028.md","1b58fa749d36980edea3117c6a156b69641ea3566b119b82dff28d2c6fcf55ee","7e36a872010b98fdfebe95012afb0d84f0b6fa3316ae9e2c4e7bc89fb27955dd","1","0"
"_待确认\27_王道408\03 - OS\1-MCQ\WDOS-2027-MCQ-C01-S03-Q029.md","b361516efff287f8a6158c5d07f361bdb7aca3226e76ca9f36857b801e1cf990","2ac229af2d78a1bdfd2529d8eb246e234b6dce53beb1d8db42f52bd2c3e61a58","2","1"
"_待确认\27_王道408\03 - OS\1-MCQ\WDOS-2027-MCQ-C01-S03-Q030.md","d9d11a0656bfa6aa32b232e39f7b29cc263fd6f4e5bcd86df660a10661b0fd13","aa8c6325dec7171aaeb26f17829ede81cd710d8a102806e778d43524260861c0","1","0"
"_待确认\27_王道408\03 - OS\1-MCQ\WDOS-2027-MCQ-C01-S03-Q032.md","b56826c7bfca128cbcfe95ab4faf0c7aeaea95498ed521a7f4d4fd66925e6e14","b7b7774a748aa590496538639e9a870246e7849f30a5df8b0bfe133ec8746660","1","0"
"_待确认\27_王道408\03 - OS\1-MCQ\WDOS-2027-MCQ-C01-S03-Q033.md","11cd8cbe09d0089326cf89648149767d87c32330933f50108b8b3f35124badfb","b50a35dc3eafad7660c07345fd28c9fb9315ff03ccd071485defcb9d48827525","1","0"
"_待确认\27_王道408\03 - OS\1-MCQ\WDOS-2027-MCQ-C01-S06-Q001.md","879f54db1e0c7176ac340691f78e7258697344597005e1b5469835a0ec38f7a6","b3696b033db5ea21087e5202828700d1baa1c9c9237e341635eb0d2e1be31f7b","1","0"
"_待确认\27_王道408\03 - OS\1-MCQ\WDOS-2027-MCQ-C01-S06-Q002.md","ee1dc7e92558d869b740ae0634b502890da6bfed307cbd0b19bfbbc0d569ba5a","4b22287e5c537d59ce9ec98a381a545c43cc72aa17be5d4cefa0063f0ed1985f","1","0"
"_待确认\27_王道408\03 - OS\1-MCQ\WDOS-2027-MCQ-C01-S06-Q003.md","ae7550cdca9e8f60e414f5c8ff66c98819539a74529e5e2d09eecc674aa94d93","c05e4c32490b4319aa4260a725c0de9075c25f9fbc7681c4254b151eb98eb5ba","1","0"
"_待确认\27_王道408\03 - OS\1-MCQ\WDOS-2027-MCQ-C01-S06-Q004.md","12ade9c837da769948bc5089842bd0f5f9b3e83f19b56a129e5ee77937d31283","c39dd3bfaa7b3b38f922c56cd630ad3ca512d020f41ed425f9c333c2ba45c343","1","1"
"_待确认\27_王道408\03 - OS\1-MCQ\WDOS-2027-MCQ-C01-S06-Q005.md","7802254a8a8f7edc122efe49e6669d40f6334a54b39bb0f2cd715998fcb494dd","3fcbcf50347b6609fd3b4030a3aa6295716cf402e12782b174647c53c743d1a0","1","1"
"_待确认\27_王道408\03 - OS\1-MCQ\WDOS-2027-MCQ-C01-S06-Q006.md","3ab2dc7235f703b090a01ee49d418bed6918f97a2b679c025babdd7a14a1abff","c94473be4eb34ee7a97bdfd2b0faecdf1657b89698a7485e5459adb462d71749","1","1"
"_待确认\27_王道408\03 - OS\1-MCQ\WDOS-2027-MCQ-C01-S06-Q007.md","0e075914f9ac55f28c34af1feabf90d2cf1206f3ff77c1a95b704baab3fe1fd8","6286d170365a08442ecabbde595b9148b194c467043fa3b7cef241dd4b97d97b","1","1"
"_待确认\27_王道408\03 - OS\1-MCQ\WDOS-2027-MCQ-C01-S06-Q008.md","87fedd9536d6106853e65d7f7cf80f6d4f3bc9948a114a5b1704bdab6dcf5766","effda75f830f1711f9b8242d0c03fbad219bd55d7d9d42ad79f062f3ba70e860","1","0"
"_待确认\27_王道408\03 - OS\1-MCQ\WDOS-2027-MCQ-C01-S06-Q009.md","bbd206a8c89a7439a7c475156888afb75b50ca65ccee3bc2e1520a4aa9b4e3c3","08670e56064363cf77515effe7403e96bdf260ccbf81cd2c11b1807ef3dc8a8c","1","1"
"_待确认\27_王道408\03 - OS\1-MCQ\WDOS-2027-MCQ-C01-S06-Q010.md","6f3a46d8afae8962fce9e05af61132d87bf5045d76cde9a7d991e367171fd361","ac7bbfef4eeac6d501be17134c5cc62e108d922526b2ba32626ed67b3affa293","2","0"
"_待确认\27_王道408\03 - OS\1-MCQ\WDOS-2027-MCQ-C01-S06-Q011.md","2964cf86cdcfee65e76075f06758644e0b187e52e35243f7f352a1f755332aee","b9c085e35c29f4e248392933c6bced9efd079834b69666e95b379a732089b63c","1","0"
"_待确认\27_王道408\03 - OS\1-MCQ\WDOS-2027-MCQ-C01-S06-Q012.md","19a856230ed8ed2f566a47b06c1c0457fb5211617ab46f5ffb94cc5cd28f38b9","6e7f7f2c9151f018ff9226a7a71ab9ca234c4676cc415efb3706e076d3b1ee71","1","0"
"_待确认\27_王道408\03 - OS\1-MCQ\WDOS-2027-MCQ-C01-S06-Q013.md","2dca58177704abaaf6c50c1210f3d5947c87122e4362c2b3f3f5b22257b25f87","122c213953af6db994b69b4ae2175b683f336af67fc18716c2d02d28eb9179ed","1","0"
"_待确认\27_王道408\03 - OS\1-MCQ\WDOS-2027-MCQ-C01-S06-Q014.md","201f30a98d9519192a13de957105d13fa4e46ef92d6050889f41eff13faaddd7","bb878907e0e1d9d1f851d34e80aedc4fe00adcf25c6c0ac2ef73453b10258d77","1","0"
"_待确认\27_王道408\03 - OS\1-MCQ\WDOS-2027-MCQ-C01-S06-Q015.md","d6260ce04d9aa5f527252fccd519ee67d2a3e184e56a56590e24c5c72a132275","c418b0687779939c71612be0014e9f1c02475f47d063f285b1deba312b7ad016","1","0"
"_待确认\27_王道408\03 - OS\1-MCQ\WDOS-2027-MCQ-C01-S06-Q016.md","cddaeebd63e6a0e76c6b8427e5d9fb6a363f8b29dce5381032fe2eab428578d9","9ecc1d84314a78f37772357f80a798a7d8cbb1935626cf917cecb316bd988fc2","1","0"
"_待确认\27_王道408\03 - OS\1-MCQ\WDOS-2027-MCQ-C01-S06-Q017.md","5a80709fcd7352d2f5a3ab3d54f6faf9d527fde8bfa45d5d4ef0b0b115345180","4b9b7538189210c70b0ba64f952649afc10d8b204372f8abd7829cb37bbf9d6e","1","0"
"_待确认\27_王道408\03 - OS\1-MCQ\WDOS-2027-MCQ-C01-S06-Q018.md","f3a0c03fe690e1c548ff74b8503ff59058b6fa4b8c07c02b5f357eef5e0b8c69","19347b8169b5b5d4acbeb2ae5df3455f0f965518b9397f614231bfab9ce32b88","1","0"
"_待确认\27_王道408\03 - OS\1-MCQ\WDOS-2027-MCQ-C01-S06-Q019.md","ba39830961ed4d78581d370c9a3bd41e2cc7857b2d66e103c642dc4bc954f3b3","b2807f8058f2705959284e39c2541803f938122d859c9a2ec5081e6d8c0866d2","1","0"
"_待确认\27_王道408\03 - OS\1-MCQ\WDOS-2027-MCQ-C01-S06-Q020.md","e43a6f683c50b2485796fe89dcb141aa2b8616b4ffb59a55838c6a8b71178c47","d888c10de22232784d7cb69116928a5ad130669eeaf5468c76f19777ec7b8a90","1","0"
"_待确认\27_王道408\03 - OS\1-MCQ\WDOS-2027-MCQ-C01-S06-Q021.md","6caf78c532b6136efa7e989f112f3814ddc351eba94898b367c8a22333f17519","0b3e85e35f940f92b88621207bee1a8e8dfe9c6dca54852c4e81a0522de3b2e9","1","1"
"_待确认\27_王道408\03 - OS\1-MCQ\WDOS-2027-MCQ-C01-S06-Q022.md","e40db5d5ab63e74cfb1034910ee8bab74ce291f0b07095710f28bbf0da7959d3","8a9eb3cb2e75f6afd7c5fcab93b3b403bcffe442eda3492c5333c190e1dcda50","1","0"
"_待确认\27_王道408\03 - OS\1-MCQ\WDOS-2027-MCQ-C02-S01-Q001.md","54c13b663f0e5ca35460bba42ca70dde85916769b8e812d8c07830cfe6ca5e70","4b55ba4b3368a583d06d5c93fa45ce06b4885305aa0cb4156ca98673463356e1","1","1"
"_待确认\27_王道408\03 - OS\1-MCQ\WDOS-2027-MCQ-C02-S01-Q002.md","0871157bab89741b369415884834ae11a999a9e442bd6ca579031897bf0b42d6","50fafb0f38abc72f9a30941db2ac84c369a59fdded5f8d4514a79861895dee43","1","1"
"_待确认\27_王道408\03 - OS\1-MCQ\WDOS-2027-MCQ-C02-S01-Q003.md","62c6339540347f4a852e231b40f5d01cfcf83598e365f72c33378604a2f3b71b","c3b48a77266db9bd6f3b7796c65cd690588fde7df42c74d9b5633eb9f4da89bc","1","1"
"_待确认\27_王道408\03 - OS\1-MCQ\WDOS-2027-MCQ-C02-S01-Q004.md","30255a53adff2ab8156ac60308860abdc7e8c3b22ccc06c4b5287c5fbaade3e9","4ab60f9e5fe145e8cadf163c354855353540e7289d4ce90362850aba76cbc04f","1","1"
"_待确认\27_王道408\03 - OS\1-MCQ\WDOS-2027-MCQ-C02-S01-Q005.md","225b300026d3657c0b8a1a22e5c4a4c761a38be6e7181c115733a6ff84c3ffd9","fb704b43e01d2ebbef080666c3c3dfd9b9ea667289c5f7dcf4bdb3e6c2c6145b","1","0"
"_待确认\27_王道408\03 - OS\1-MCQ\WDOS-2027-MCQ-C02-S01-Q007.md","3f46d30fc80b030752bee884edd1de7cb222a4f64435d613736aa73f5d3d4a88","afe0365e32ce5e2e1e28c0c9d9ea454e132e64636eb3507d7a84781917ff3941","1","0"
"_待确认\27_王道408\03 - OS\1-MCQ\WDOS-2027-MCQ-C02-S01-Q008.md","274dd1f6c86f9a6c8a2e57e2d149592f3df312b5e430c622e9d7e1dc5be8ef95","7380ece261a0f365862ade842f642272b8b64bbd2193411ef0ee7b8a780ac265","1","1"
"_待确认\27_王道408\03 - OS\1-MCQ\WDOS-2027-MCQ-C02-S01-Q009.md","13e16403416b7b8a4502bd2d28cbcfbc3cc89f7c4769ef415e15eef6683414de","c0a73a5539ec977336358c3f9aeb6cc12125d4a83b9aeff1b989992f3b69fc88","1","1"
"_待确认\27_王道408\03 - OS\1-MCQ\WDOS-2027-MCQ-C02-S01-Q010.md","4d3becaa40849c70e20f3395fadf31c65687b6bab5379494b78f1101af266c8e","11ae9a6bbbc4f927cddef7b6d1610fb716fc11bcb571000164e3ae71fff8d0e3","1","1"
"_待确认\27_王道408\03 - OS\1-MCQ\WDOS-2027-MCQ-C02-S01-Q011.md","d2e87f07daf2141578ff03d67378601bd9d2557620dad68dfc9743a336590e3f","ca4b21c509d8347b639a8888b173ce2d8dc9566471016caff32aca386b42e047","1","1"
"_待确认\27_王道408\03 - OS\1-MCQ\WDOS-2027-MCQ-C02-S01-Q012.md","a0160999e9dfba3098a6e30287c9c000653bef637617fa8df637424987d6130c","fdbb4f32d163e8eaffa2d8f2706480d403b69ad9cf011bc51a11275ae88a67d1","1","1"
"_待确认\27_王道408\03 - OS\1-MCQ\WDOS-2027-MCQ-C02-S01-Q013.md","38c76a41edc040edbaf07775a700639b457cb4d74952a6bf76b573629b77e619","50c7b2bc7271ec5dc76056e90a17cffc9debb696585629efaf8da1afcd0e98ea","1","1"
"_待确认\27_王道408\03 - OS\1-MCQ\WDOS-2027-MCQ-C02-S01-Q014.md","e8266a6bf045e89a3ae1302df1590106a6602184a0f314c4fe63410fdeacf6de","d840f183b996b2d424c5dd23aca0e866e67d3f806d31dfea2b60cd74e2d5f4dd","1","1"
"_待确认\27_王道408\03 - OS\1-MCQ\WDOS-2027-MCQ-C02-S01-Q015.md","a1f54aa8459bba5c050c8a5ffe6c74ee72b82d8759a2a3d316fd5c01603959da","e8ede6a69833b2535643ac9e23bb8e12f5588a65e4d47214e656bc1e6df06f65","1","1"
"_待确认\27_王道408\03 - OS\1-MCQ\WDOS-2027-MCQ-C02-S01-Q016.md","ddc78df869ed01e805e2e347ce8a9ce5dbec1c8ca5db4a1088039cf40d5cbf2e","38ddd8b1b93de856baa6382f580bd0b4df6e6c48cd1e8618249273ece2b2161a","1","1"
"_待确认\27_王道408\03 - OS\1-MCQ\WDOS-2027-MCQ-C02-S01-Q017.md","da4147d0b40d2ee8fb26b20d023104726c6ab93e7f7ceb67a5304e430fadf7ed","3399c75a9c64fd2ecf9cee9f4fa96f8d649413858a87e7d6552bc3710abd66fe","1","1"
"_待确认\27_王道408\03 - OS\1-MCQ\WDOS-2027-MCQ-C02-S01-Q018.md","201f07324c7b3839b12241f2e146c0705126945aeb450d5cfafbfa3441542858","09f26b8b7975e33a65f60d1509ce03f20bface7050cea88de0e2a5e0eb2a18bf","1","1"
"_待确认\27_王道408\03 - OS\1-MCQ\WDOS-2027-MCQ-C02-S01-Q019.md","080c646778a98db99dbe2a8603fa50198de656254a3c6ebc1e3c78c74020baf5","ff7121a433b772e460932b4a59f9529a7239032c5dfc300a6705e5416b34f9b4","1","1"
"_待确认\27_王道408\03 - OS\1-MCQ\WDOS-2027-MCQ-C02-S01-Q020.md","0828ed334a6388f1ddbc645267761ddb33b199d65b2355c3b1d424e76d92d0fc","e09373f6d32bf7001ccb98de33f4cab99653b2e6f3760d651d03f40f9c210fef","1","1"
"_待确认\27_王道408\03 - OS\1-MCQ\WDOS-2027-MCQ-C02-S01-Q021.md","28a7a6b3b2c468132337d3c825c45247475c707a30f6bd1c08cce1d5f6ae7ab5","795622a5aa65e76fe3ea53de947e3f1fc4bc102242c9324b2a02f13287f6dbba","1","1"
"_待确认\27_王道408\03 - OS\1-MCQ\WDOS-2027-MCQ-C02-S01-Q022.md","22e091fe9fc5758e76d56f81bba3a09c9e41983d3e0dcfc8966ba6fb2bd67ec0","258c550f3eb86a9eea17acf2ab689db8655bb436bffdb237391009115c3a3ab4","1","1"
"_待确认\27_王道408\03 - OS\1-MCQ\WDOS-2027-MCQ-C02-S01-Q023.md","3ca91e0209b07574b7d80a4381c3728c4c8647e57dc2135d7df2ec6441134e12","7c731a5d43441594f12a1f493dea4ad9b0897a1606c9f21636d66c34385dd4a9","1","1"
"_待确认\27_王道408\03 - OS\1-MCQ\WDOS-2027-MCQ-C02-S01-Q024.md","0b07a3f2c90b5c954bbeacb9a1fc7c4478a73e2cb37abb0bd4059aee5c153ae9","393a682bd8d92e4a4e5109b2a2ee129eadda8b5e6d17a0948ec105c236cc6806","1","1"
"_待确认\27_王道408\03 - OS\1-MCQ\WDOS-2027-MCQ-C02-S01-Q025.md","8b351e59037f6c1e974bfbde08f4112a0336405cd980513a616df4cb64e86ba9","322c64c3fe6ef8256ab46499ab7fedfde5147c6bf6dba8dca7bc12aa0df0cb16","1","0"
"_待确认\27_王道408\03 - OS\1-MCQ\WDOS-2027-MCQ-C02-S01-Q026.md","4e2a782d1fc4b0952122ef045885a33a4197b6d9937a2ac6019bc7a9bea8cfa9","aaec7c2e8b1e0583ca91804d426ef9718e17bb0147f11067b7b90cb119ece1c5","1","1"
"_待确认\27_王道408\03 - OS\1-MCQ\WDOS-2027-MCQ-C02-S01-Q027.md","b0b9e0eefe60dd18aa8c419701ec3c4eb66ec6b2b68d773ae7af79dd700ea686","0e25138b5a02c971e21e7033e3ee326a98e0f3cefcfe29d32800c04ecdbeb7d1","1","1"
"_待确认\27_王道408\03 - OS\1-MCQ\WDOS-2027-MCQ-C02-S01-Q029.md","033e08550fdb00f69c1738d2e84ee8d6198130bcbdf8849b0b637a5a002950a7","dce7be82b079f635d5ce7d47a5ae24bd5e5e2156e6788ded12acec0064f2cb7d","1","1"
"_待确认\27_王道408\03 - OS\1-MCQ\WDOS-2027-MCQ-C02-S01-Q030.md","1902e5e43073add3f5c6d8e669093edb937176e8b879d8f32c07f8f5d4954acb","25f9e6b1f961732e2df596d77b0e7d6eea37ad2f9d5592334f169451c27fc47e","1","1"
"_待确认\27_王道408\03 - OS\1-MCQ\WDOS-2027-MCQ-C02-S01-Q031.md","b46c8c98ef6f3ed4137730e7b7c45840b2642d1a4d7d2366272ddf180cbf29ea","1632cb1b1100d1df847d31c2c926750619880cd0117861aff7dae1aede5ae756","1","0"
"_待确认\27_王道408\03 - OS\1-MCQ\WDOS-2027-MCQ-C02-S01-Q032.md","627d1cf369dc6e1184cbe67300ed49d5bb03d4523e173da3c0f34c746a5666e9","d478b33501eff82454ac2db6566fde69d097ffe3196a39aecc6a20e1e63403c0","1","0"
"_待确认\27_王道408\03 - OS\1-MCQ\WDOS-2027-MCQ-C02-S01-Q033.md","25e11aabbf0e77c33846bab81d420ecd85b4441a977b7e3c020e9cfc88c9a7fc","e2baa1877851228f699e9b2ae16f443f5551e6e320da01ff56fff2206c67a22a","1","1"
"_待确认\27_王道408\03 - OS\1-MCQ\WDOS-2027-MCQ-C02-S01-Q034.md","2ad56ad741908745cece79340689b5b8c7e3f4d0202686d2d84d8534e58fe0f7","0d2ffbd86486de1dbc09fc359a1c4160dcb1788f4a57ba8ea5027fcd4281217e","1","0"
"_待确认\27_王道408\03 - OS\1-MCQ\WDOS-2027-MCQ-C02-S01-Q035.md","09b4c2e31f3a45010dbb4a238c0e6aec9954cdb61921c2c02b564ee3f40f7db1","03474a655272006e77b7973909e8d1dd5fe6579505d73f8acbaf4a6c4036fc9a","1","1"
"_待确认\27_王道408\03 - OS\1-MCQ\WDOS-2027-MCQ-C02-S01-Q036.md","ef3e7e7b8fa2943550400ed1b7923f5ea21941dd75ecf7102ff5d8ca1129fc83","de881925732f844b62427f377cdd7a2f018e870e5d15b9b083123ed191bf1032","1","1"
"_待确认\27_王道408\03 - OS\1-MCQ\WDOS-2027-MCQ-C02-S01-Q037.md","67214b1f132b852fcd55c7e4710ad8feee1dde413bdc7e90d56d4f1b65fc85d2","416d8598df51ec6d6b575a731a155d4d1cb29c1ec45c61e27a7a80956c9843c3","1","1"
"_待确认\27_王道408\03 - OS\1-MCQ\WDOS-2027-MCQ-C02-S01-Q038.md","35a53879312d12cf97b5405dbbc949570f7bbedab43294d6d55a92f7f3410712","581660a2b4117f0e6e16799cd2f3fc856b0223e97d9bbd2828397f124bb97c32","1","0"
"_待确认\27_王道408\03 - OS\1-MCQ\WDOS-2027-MCQ-C02-S01-Q039.md","626ba4e2d88a56644df4842f4f8248d7274181a0e6041e6c039d5d645ac92bc8","2d49715900552eece048315fb83105f3d119c2cd67db5d34da703aa9e1dda64c","1","1"
"_待确认\27_王道408\03 - OS\1-MCQ\WDOS-2027-MCQ-C02-S01-Q040.md","49aff397c38c1aa5995f63c85709ed98d700df1263d87b9f21c073e5a244e033","c80a249fc243953b84953ea3477bfee9cff1793ff3a887a6211ad36ac4b71f5d","1","1"
"_待确认\27_王道408\03 - OS\1-MCQ\WDOS-2027-MCQ-C02-S01-Q041.md","0be0a1bfd50023e2cbaed3c9bdb424fe14f7199c0a02a1506651ba9b1ba502f0","63ee8bdb3c1c4d36cb666eb5f89fea8ad73c2ec9fd35ef2d25112cd771e4940a","1","0"
"_待确认\27_王道408\03 - OS\1-MCQ\WDOS-2027-MCQ-C02-S01-Q042.md","a74f7f4d43b4a4ca23384e3dae9b601b32d4e42f4bbc529cf0d17a9fc01f35d5","97a54d7a8215e4f7be6825447159741dc9ee1ea57004481287c8f2c16e7da493","1","1"
"_待确认\27_王道408\03 - OS\1-MCQ\WDOS-2027-MCQ-C02-S01-Q043.md","63042c277a3c136c22e47e058ceccc935f3aeb6f3b49c9bf393b3e8cc57fe987","28b885e9e7de176cc8ada50a65c1736ee523c4f22523e0bca4962d07bde649d9","1","1"
"_待确认\27_王道408\03 - OS\1-MCQ\WDOS-2027-MCQ-C02-S01-Q044.md","9ab8b1d8eb65806804df3682d623b1d26e21e38d453a1bd15f8babce31123536","9cc17875ff0f738965123a65cd0df23c28609440740de9c84ca6d3a7d1dbfa22","1","1"
"_待确认\27_王道408\03 - OS\1-MCQ\WDOS-2027-MCQ-C02-S01-Q045.md","54b75628129e6da6ad5051a80c839c2b9b8a4c2329f7de97816b5e32c372decf","1a8353e551d134e08e1ff9a71e834fe7c2cda13c09013c18e177b3007c94eb69","1","1"
"_待确认\27_王道408\03 - OS\1-MCQ\WDOS-2027-MCQ-C02-S01-Q046.md","721fa766620d7e661090475577b7794415b8029252b2b09178cc30a362a6e451","faad9fc1c1df310879283856d2039476327a4a79f3e5fb2310444ad19949e8a4","1","1"
"_待确认\27_王道408\03 - OS\1-MCQ\WDOS-2027-MCQ-C02-S01-Q047.md","bb5693c2fd22763517babc7a17b0be04a27c0d9c96f17499f9ff3675187981df","13f605bd3f7c21cf252040bbcc51d2682fe5ec64ccf06bff71c9c843074bbbdb","1","1"
"_待确认\27_王道408\03 - OS\1-MCQ\WDOS-2027-MCQ-C02-S01-Q048.md","e928f29231e7004bfdbae0f0218173acbe1d6bf81f02da10f0e504b05b231580","7e20c0851fc7d85df2306acc6a3e2f1ad6c761e920ae32b9c0cc81bb8bfd295f","1","1"
"_待确认\27_王道408\03 - OS\1-MCQ\WDOS-2027-MCQ-C02-S01-Q049.md","35658d99f869f6887692102c2e3205ccc1ae2e62cf435236cf5c1d2e82b6a9e1","daf6216217c98153e1b72c6510165b8eecbb6ed0311c11323e34bb65f51e2e61","1","1"
"_待确认\27_王道408\03 - OS\1-MCQ\WDOS-2027-MCQ-C02-S01-Q050.md","d527be1db65fb9bc8e22898b47fb4235f758ec589cf88364c5a7901a6dcfa279","4b94ae51b94c9d9e53c4e4eebe72ca7dd156aede77b1edcebbcbf6ae15ffc8b2","1","1"
"_待确认\27_王道408\03 - OS\1-MCQ\WDOS-2027-MCQ-C02-S01-Q051.md","442dbf2a6b2e7b9d00f758f8183f12cec9a4d6457418c97ec0c8c20c54ac5ca4","d812b85c68593c4fd89d3242b4633c9fdc307ed69457f87b84f45941e785493c","1","1"
"_待确认\27_王道408\03 - OS\1-MCQ\WDOS-2027-MCQ-C02-S01-Q052.md","3725b70e1e20f491e3e5e492e4c333d8d45d7edbd7af59105a4d859a6d88b895","593a7332aece0c5f1cad1d756c5637435cefa295a71618d96bea73b1efffd536","1","1"
"_待确认\27_王道408\03 - OS\1-MCQ\WDOS-2027-MCQ-C02-S01-Q053.md","082f57b0c577294273458f31394e19a7c9eec4d9db36cd26ee4317dc2f43ec10","cc3ff8e754f16d96717e1ed41724dcb620aa54fc2bbb02c43b762401dace46b6","1","1"
"_待确认\27_王道408\03 - OS\1-MCQ\WDOS-2027-MCQ-C02-S01-Q054.md","666a509fb49c1db840fcd201d5abe519a70840b4704018f17b7b26f1ad0cf858","56c86ab8e02991e15b88d27dc5b261b254422f623dbd100da8642c5bafb01a86","1","1"
"_待确认\27_王道408\03 - OS\1-MCQ\WDOS-2027-MCQ-C02-S01-Q055.md","cffd10643a12fabb65a28aa8f9e089b657a13d4a636f2ac2d305964e9210128c","de10c11574ff1c96b67471f8ae988d7d04c2abadf408fc8fc7dd10736b171ed0","1","1"
"_待确认\27_王道408\03 - OS\1-MCQ\WDOS-2027-MCQ-C02-S01-Q056.md","0fb1d80b069ce12cf7d4f9a16a85ef1405d0bd226194f31ca8f1d4c161aa3c95","e7228a844ed1298afce690a995c1bc37719a636526069f0901d8c78882138ffb","1","1"
"_待确认\27_王道408\03 - OS\1-MCQ\WDOS-2027-MCQ-C02-S01-Q057.md","0878210c8d02627ce019be9f9ab411f2ba495369781c625d22ee646e001910ef","ba2a1634ec2fe55de9654444d0ff18b3f486a457dba5f4accefa65eb1cc64206","1","1"
"_待确认\27_王道408\03 - OS\1-MCQ\WDOS-2027-MCQ-C02-S01-Q058.md","4455b666e1209b9b395c8f158e9dbf4730eaea48ae872a298d0f15159d40c102","a53e426479820c3c22c5707e9caa29e647dc6d063e4ebcb0b9bb0fd1a0af2a05","1","1"
"_待确认\27_王道408\03 - OS\1-MCQ\WDOS-2027-MCQ-C02-S01-Q059.md","ebcc75b272a5ef4a9cdaccb386625f6a4579fd6b52b6f59a089f10b7dc7b5178","c2fdd6fe7944740d1a8f6eabd4efb58c605cf9e752391107ae8dc84c2e4ecca9","1","0"
"_待确认\27_王道408\03 - OS\1-MCQ\WDOS-2027-MCQ-C02-S01-Q060.md","d81e46833bca13b6b4ff85dac38fc193f9f849ff5243c0896fb92860a7bb571a","ef50277c715775dc8d7df01eb8a079f95a3d41ea3fb0a518c3ec5f2f2d7f57b0","1","1"
"_待确认\27_王道408\03 - OS\1-MCQ\WDOS-2027-MCQ-C02-S01-Q061.md","3c5c5dab545579d1605b7c4dc38870ebce2616acffc5abad2a49b37a083f93f5","62ed1068ee5a1810b079ad4de88231ac6f7101a64724434c980bb4a5c20c7280","1","1"
"_待确认\27_王道408\03 - OS\1-MCQ\WDOS-2027-MCQ-C02-S01-Q062.md","3f30076f91b6c86aae6246d810fc8173a9316a03e4c0c85e38790e30e9b493e3","b8817407517a4e186c2d6bf3c3607d7841f099c82050c57a08b66228ae209ac5","1","0"
"_待确认\27_王道408\03 - OS\1-MCQ\WDOS-2027-MCQ-C02-S01-Q063.md","4ad508f971ff7caf7c70a662e35a4318ab5db77ee996c42707318ba8ea8fa1ed","4cc03f8fb924adf10c84c91b738769c7ee30140bbc44954b0701914948faf5c6","1","1"
"_待确认\27_王道408\03 - OS\1-MCQ\WDOS-2027-MCQ-C02-S01-Q064.md","a282fac267a5df8b9d6558ad1511e43bcaf607882dfe6927a4dcdf2a85ce23a9","2a21010e0b277dccd330f036ea40d40250b9e438b35f3adf1e099a9257e472bf","1","1"
"_待确认\27_王道408\03 - OS\1-MCQ\WDOS-2027-MCQ-C02-S01-Q065.md","ccfaea3dc3af7cf945cf27b1c41a22f7b084af6bc606d16b5aead4acbd59bf48","22a6e9f9add63d5271445a65ee573156e07b6fcd8a95b5c1f3b3e655f4bc7a5c","1","1"
"_待确认\27_王道408\03 - OS\1-MCQ\WDOS-2027-MCQ-C02-S01-Q066.md","8ea8edfb2ae7e454a16b8549a90a0ac907c8484b0dcdf43dfebc7e5e3f66186f","95eb83ef6d70b302bb5d4b52f998e1bd1b1481c84535c5ba3c01afbe0a264351","1","1"
"_待确认\27_王道408\03 - OS\1-MCQ\WDOS-2027-MCQ-C02-S01-Q067.md","2df5d2486acb7555c31c40a4bd43731614e878ab7ca21f7d904f2bfb5f11eb84","92fc7be054ec2b43bfc812c1768f1f3ccd9c26060c1b74469b90fc24be82fa13","1","1"
"_待确认\27_王道408\03 - OS\1-MCQ\WDOS-2027-MCQ-C02-S01-Q068.md","b2dd72e38df4472bae0774a82b4557f332eab688f0f46607ca5f370fe9c9dc8b","9326ecddbe8d171324e9a17bf59d039cf0df616f2e7bf8578d487257067ddaa5","1","1"
"_待确认\27_王道408\03 - OS\1-MCQ\WDOS-2027-MCQ-C02-S01-Q069.md","f0a3bd0f9184b5744b21bf1f955c231fc06ca749d42478c805e8b328f3b898d1","5ce1fd4e2095a8c7556a9f9eb9bce8ccca143de16f627d166487ea36d61b3ecb","1","1"
"_待确认\27_王道408\03 - OS\1-MCQ\WDOS-2027-MCQ-C02-S01-Q070.md","73ec2458ab41ead91a1e3490ff2261371e02dd3135c8742f12721df424be8a33","e051084558cd8a0cb55c5ca77182cc53dd6cc8b208610b53fcd88a332db7076f","1","1"
"_待确认\27_王道408\03 - OS\1-MCQ\WDOS-2027-MCQ-C02-S01-Q071.md","2d802b8c555b610e2fc1235b505725bfa305e90399ef6a791f331a4978ccb012","d2e4eeb7a44d0cf82c75255de318abe1a26f268e5f6d4687b019790c6a4e97aa","1","0"
"_待确认\27_王道408\03 - OS\1-MCQ\WDOS-2027-MCQ-C02-S01-Q072.md","a3b1c4f0b836a313b6e026cd3bf6ff5c5ee543fd6e6344777216e71a18234b10","0d9fe17b6ce5819c4aaa62534ec9a598617bcadebceed26defd1c0d5cc57ec86","1","1"
"_待确认\27_王道408\03 - OS\1-MCQ\WDOS-2027-MCQ-C02-S01-Q073.md","8b30d95d6f9b799da34357f1178b15490e1c4fdd55b1d3777aa03ad3b21c7399","b985245ea9d28d3f1223df154a9a79ff7354ee9a5e788495f13856ab4c325639","1","0"
"_待确认\27_王道408\03 - OS\1-MCQ\WDOS-2027-MCQ-C02-S02-Q001.md","ba23ba45b2e23ea1ed1b33fee42890ed4ada5d0b61e8fa46b9879ebcb98e5a62","2b4d633726a332a3874872060b08a00b7cc3cb97f756eb2e64cc70013ef85931","2","1"
"_待确认\27_王道408\03 - OS\1-MCQ\WDOS-2027-MCQ-C02-S02-Q002.md","8c266c114c56ee9160f6b059ab6d0cc4ae71db3c6dd15a1a07d56f99057c993d","532e872a28fb8fa3d8dac93a6df70f856c5d45a0457e7b0930674a747f88065e","1","1"
"_待确认\27_王道408\03 - OS\1-MCQ\WDOS-2027-MCQ-C02-S02-Q003.md","99ad452fadcde3bcef7f3c1acfb43219a203daea3665bad100aa3289a6a9b32c","23d78e63d5d5b516fca3f817df489b077f7927bcbd1b4d3267976d13758e0055","1","0"
"_待确认\27_王道408\03 - OS\1-MCQ\WDOS-2027-MCQ-C02-S02-Q004.md","716f206125b5ba72e39962613563f706a973bdfdce9cda55bb85f681ef95b809","857ef9a83ae036a2ad570b51efa10a9f005cc349b42bcacb25e0a030b37d962c","1","0"
"_待确认\27_王道408\03 - OS\1-MCQ\WDOS-2027-MCQ-C02-S02-Q005.md","ea8f3da1afdbf6eaf038bcb2a996c12b6ef8342b09963afb07f6e3d581968009","48a6dc2ed5bcb6d6d2344ad09cc3d8dc1e7f471b3266638d5f227ec60a5860ce","1","0"
"_待确认\27_王道408\03 - OS\1-MCQ\WDOS-2027-MCQ-C02-S02-Q006.md","f4e2773ad022c78dbd84c3997fb8e78560791447a3875e9bd38312602823adf4","08f501546f51175a4039ac87e6240dd4afb86c90b7186b5bc01198a6b3de3d26","1","0"
"_待确认\27_王道408\03 - OS\1-MCQ\WDOS-2027-MCQ-C02-S02-Q007.md","3d9e13f33ef4ac25c191d784240b6c89e29d0c952fa67e8e6d68dccb4c254f0b","104e55659529b75e07455c01c2e65724f5b5d5b66b0dbd6cb3c9f497048dc248","1","0"
"_待确认\27_王道408\03 - OS\1-MCQ\WDOS-2027-MCQ-C02-S02-Q008.md","eecea39befa3cc5161793f201a9a52a182b44766fd7ddf735ea2f29c5b846fd0","8e130c2405eaa604dfc8b4aa30332843f9778d5a7616e77db18b83c61128abdb","1","1"
"_待确认\27_王道408\03 - OS\1-MCQ\WDOS-2027-MCQ-C02-S02-Q009.md","f990c5bb5fc3ccd69c7e79cee92e1bf543c8a32b732c983c6e8223f029bb56d4","3cffa07c8cda6b5235bc0c6322daa2c7970112252abe2cc1c50f25aeabd79ea4","1","1"
"_待确认\27_王道408\03 - OS\1-MCQ\WDOS-2027-MCQ-C02-S02-Q010.md","4925029a8b4f8d74e76f5a6c4e5a3e9ef4a703f3cff6aa045758196812fa008a","ccec01e831c4254af9e67e3bd638ba4b32dc5163c5bfaf399163b38486da8a0a","1","0"
"_待确认\27_王道408\03 - OS\1-MCQ\WDOS-2027-MCQ-C02-S02-Q011.md","ca19a59c04f3ab0472be2e57e8b6a73fe89db92ce694db7c1240979582a4759a","c67ae2cead45e3f93afaa31fa93be7eaabae936d13c9428aea771152c0e4b921","1","0"
"_待确认\27_王道408\03 - OS\1-MCQ\WDOS-2027-MCQ-C02-S02-Q012.md","4f48fb39f26bc2eed207ff7a261f1ecbf67ffa039810853d1e60362d354f019d","47dcb4210e2a8e48bf00a9a273c6671b12d9e6f5821cb70d2b6e7f72ced7345e","1","0"
"_待确认\27_王道408\03 - OS\1-MCQ\WDOS-2027-MCQ-C02-S02-Q013.md","b410eba1d687cbb89e1b6de1492d9f47fe05c6b16d985f7f6642e4491198b708","7dcee9d119deeb5a2548b4be99f1ba6671daff9d04546a7d17f4d1dcfa0f9a66","1","1"
"_待确认\27_王道408\03 - OS\1-MCQ\WDOS-2027-MCQ-C02-S02-Q014.md","62b1d2f7ec36a566550bf812f6a0e94f2cd3bce12f67bdbe4815d4e39774b66c","d3cd1d32e7e2bef7287aa286d6475f0bc566db3e40b1973faeb44f29336f229b","1","1"
"_待确认\27_王道408\03 - OS\1-MCQ\WDOS-2027-MCQ-C02-S02-Q015.md","907d90d082edd8eb6ee3506b78ce382f6759fb668ef9c479ba2b0e05706489e9","93378348b5ade8032b593a8682a571a1d83cdebd35c14c39776a9bb9d602fbd7","1","0"
"_待确认\27_王道408\03 - OS\1-MCQ\WDOS-2027-MCQ-C02-S02-Q016.md","aa5664a3e04c954d14e2a1d24534b6201e75133d02e77c2785155f6ee33ccc80","9047f3f64b6df7d3062fc0453b3914cd132423dc9367e431186ea9f0b982fa50","1","0"
"_待确认\27_王道408\03 - OS\1-MCQ\WDOS-2027-MCQ-C02-S02-Q017.md","2fae26fad22e9f5ba8a5a1691b0e6ced0051d7bd768bba7e69f4a939efd9756b","1ea40eb2efc9ebd8666ed72f3f8b6206b826b2b210a08c78ae9bb2b5bc4baae8","1","0"
"_待确认\27_王道408\03 - OS\1-MCQ\WDOS-2027-MCQ-C02-S02-Q018.md","2523deed3098842854f4ad052a650ec5bd50af1f2925a349fa50149477eca40d","b3c435ab2aa2fd792c44ccf356e9e128ce488dc647635c015f1898bab971ba73","1","0"
"_待确认\27_王道408\03 - OS\1-MCQ\WDOS-2027-MCQ-C02-S02-Q019.md","ffa6a24462dc0c8a27209c76fdce70b45617bc14c6fd5c04c48bfc7f8676f3d8","e602aae1ec8054d95583a6b7206004c5a96dd93c78eacdc04b48b58f5cd68a2e","1","0"
"_待确认\27_王道408\03 - OS\1-MCQ\WDOS-2027-MCQ-C02-S02-Q020.md","ee3b5c8eddb08e384bf196f1d1833bd9776fac639ec0a41f864a0a4501ccfa5c","3f5da43975d0dec55b49ae24df0c87a7d2614b0aae6669c9b193ee9eb4e52a5b","1","1"
"_待确认\27_王道408\03 - OS\1-MCQ\WDOS-2027-MCQ-C02-S02-Q021.md","6df2e024d309cae438e45ec64b6caa089dc9e442cd8a4d808d7630b2d65fc4d5","9c7411af3a78f75aaf9dbd3045115a4a9b2ae3f56f8f7baa415717357dc7d7d7","1","0"
"_待确认\27_王道408\03 - OS\1-MCQ\WDOS-2027-MCQ-C02-S02-Q022.md","da816311eec0a0e8b8b1485f21b0a3c491b3b56251a37d97cd6c9109157fc82c","a0b628fd3a80336f97f292d520415d820d2c5e5247e5b91d77e971ffb5b6057e","1","0"
"_待确认\27_王道408\03 - OS\1-MCQ\WDOS-2027-MCQ-C02-S02-Q023.md","70f7f907169149f117d5d57c0a3116905b07be38a94ba726063d2cf503f30625","f6c2b12cff360a27a0ac9aaaf1c7c9302563590fb572233dafa8c1c8c347476f","1","1"
"_待确认\27_王道408\03 - OS\1-MCQ\WDOS-2027-MCQ-C02-S02-Q024.md","0094af5bcdb3ec90c0d3d7416620fec3864af37561a816db41061b26e33c2e9f","2cda008e4a4391fac7a1ec9dc4279e9dfa93b1fd0e9449ac4e76f713f62ea239","1","1"
"_待确认\27_王道408\03 - OS\1-MCQ\WDOS-2027-MCQ-C02-S02-Q025.md","c0dbb38894e5490fc98f525593732343b2189524735ca68d4c6a49c5b6ffb1a1","4b58168e7268c45d5049c80040e1469b4b250ea6b371435d29e8305bd8824c6c","1","0"
"_待确认\27_王道408\03 - OS\1-MCQ\WDOS-2027-MCQ-C02-S02-Q026.md","edf7d3be2ad59e42b56f27d31f516628a405747131d5e8fabcc201b7142f6d48","c1357428786a0bc36061c0755f9923a8f18d7f4effd67b09c19929dc0796191b","1","0"
"_待确认\27_王道408\03 - OS\1-MCQ\WDOS-2027-MCQ-C02-S02-Q027.md","f823c9eee613614c9c73fd6d9ff353440821b6434bfdb2649f85a9bb31392ddd","3278b6ea068fbac246c0ef6d233150cbb274988e171723404c8f194e1946b372","1","0"
"_待确认\27_王道408\03 - OS\1-MCQ\WDOS-2027-MCQ-C02-S02-Q028.md","7dfd13c901c25af5caa432f151a203311faea0b39a0d7244af3c71b1263442b1","4a9318ce6253da71b66116f4e4a02e15b1dc42ace5b97b570e8f1fbbf10d6ed3","1","0"
"_待确认\27_王道408\03 - OS\1-MCQ\WDOS-2027-MCQ-C02-S02-Q029.md","63c1b7ec03dddf8787aa69e6174b2edbafd4821912f033cb98cff960ca2fabab","02f1f27bee180bd95703880820e3edeb9bde41f9b7da11c51058c9c47214467d","1","0"
"_待确认\27_王道408\03 - OS\1-MCQ\WDOS-2027-MCQ-C02-S02-Q030.md","4c9219ae9263bb6bd45ca4aa010d274b031e380f360b6ff143c0ef6b8d2eab4e","39bd77ef7dcaf6470b3fc214f992d186e0df91623f839a35cb94d1877aa1ef53","1","0"
"_待确认\27_王道408\03 - OS\1-MCQ\WDOS-2027-MCQ-C02-S02-Q031.md","725074488f93ec0e5ea8ef7565cc3ce9c84ee9c482ddc4196bb8f27dd978d3a4","eca0836cdf1a58b9e3d38bbd9440b8c8026bd2b93386e66c8255b4ff32a2c7b3","1","1"
"_待确认\27_王道408\03 - OS\1-MCQ\WDOS-2027-MCQ-C02-S02-Q032.md","408c627ab9aa01f85f3aac92439ab31aa1978b7e4743512c5f1fa2fd342cc0c7","3165710154fe05627f0ef751685d352bc48c099d21a084374a11a967d79a2a4f","1","1"
"_待确认\27_王道408\03 - OS\1-MCQ\WDOS-2027-MCQ-C02-S02-Q033.md","36a5d11a119bf825e3bfaa4401b4ab52d7d659106251c0b4968ea112d41217f1","be86b982babf59a5f3a602b27a3d19c68c1ba6fbf947791b93a3e321aeaff5d7","1","0"
"_待确认\27_王道408\03 - OS\1-MCQ\WDOS-2027-MCQ-C02-S02-Q034.md","8378d9ae4b9755bcede59ee451fa4cd3fd28c1e94df46655653c18b137a5525c","8c09a0eadcfa31a82104a94d71952308eb7ec0ba4a80a918348767c0f06d6801","1","0"
"_待确认\27_王道408\03 - OS\1-MCQ\WDOS-2027-MCQ-C02-S02-Q035.md","3da46dd1a986784d604c7058edddc1c60de621c67064b5a7c758d6e2611a8a5e","35daae9b370464fc8fe96d88a6e997e3e80e1df97dc0d57d76830ae1d21a1e26","1","0"
"_待确认\27_王道408\03 - OS\1-MCQ\WDOS-2027-MCQ-C02-S02-Q036.md","b82b4b58fd051293f3c94f688b2a3724dcea58fb459abeb7bb99010ee71d5a8b","3ed0b9bda68a138fcb8fb5bba483a15305f6241a22a5894b68edeb0a79d0ec1d","1","0"
"_待确认\27_王道408\03 - OS\1-MCQ\WDOS-2027-MCQ-C02-S02-Q037.md","f370d5cd889512ecfe77165bf4a34f16aa36da345a8b733fd1acadec8e949c9a","16b1426bb479362c25182dc13aec72b7d5c819c88c60c8b34cff2e9674896d55","1","0"
"_待确认\27_王道408\03 - OS\1-MCQ\WDOS-2027-MCQ-C02-S02-Q038.md","a476ee993bfd92de6fd46bfb1691ff7ce3eca82dffc871173cc569012ebf23d7","3fc74a8acfaef193c4149d20c071f616ed3d6cb95be007fdf73d5a423c74a438","1","0"
"_待确认\27_王道408\03 - OS\1-MCQ\WDOS-2027-MCQ-C02-S02-Q039.md","0b4485901b16ef492ed7262a6ea108872f3376e3408a071949311cf24631924a","0c93fb4880e28b7e0c6c7575bd40471022fcc06ff729ff06cc1741e78cb4c4d7","1","0"
"_待确认\27_王道408\03 - OS\1-MCQ\WDOS-2027-MCQ-C02-S02-Q040.md","67cbb789907cd6de0d757a2ee68f9ded29c35a56a53f346906c7bd3df76e25c4","ca08df458bb231fc82d8d9ea81b4de6c0880f5704ec08c5a6d6209696a6133c8","1","0"
"_待确认\27_王道408\03 - OS\1-MCQ\WDOS-2027-MCQ-C02-S02-Q041.md","13a4f1640ad04ce26a77ae9ff2a66a373cbd93e246ef68c9d787e2591d739d3c","bf658c50aea55b434b7b7ee8011554092fd822994813da04907fc2379271148e","1","1"
"_待确认\27_王道408\03 - OS\1-MCQ\WDOS-2027-MCQ-C02-S02-Q042.md","f317fa311961700eb0313573db9505e4c58cdae593f01cf62d2cc8e2f47be523","33218ae1f38b846ca90d25a8ae8708017ad244f3efd626e6b737a06e63d1aaa6","1","0"
"_待确认\27_王道408\03 - OS\1-MCQ\WDOS-2027-MCQ-C02-S02-Q043.md","d89afa6891cd4aaa593effdbdadd1fa1016b14a41df792bd4d0f43913336f160","1a0a4ef8d6d1932adb9a112dcb55f6943b2f89b968bc13c03204062ed352b734","1","0"
"_待确认\27_王道408\03 - OS\1-MCQ\WDOS-2027-MCQ-C02-S02-Q044.md","cc6996b778e9bd05adaa3e6805df6ad89d9f0baf6734c02551e89eed6d7fdafd","e17ed199bde401d73e49a90a2a215606dea0811a9edb6727a712f64f6ad86312","1","0"
"_待确认\27_王道408\03 - OS\1-MCQ\WDOS-2027-MCQ-C02-S02-Q045.md","c45a4ed6cd984e0f3332b01bd1111e29ba19299433a6acbbfeb0f013f2a53a88","cd9234e75a29107821eff073e3db629c34384dab9f7f3d3dccbbef9850a848bb","1","0"
"_待确认\27_王道408\03 - OS\1-MCQ\WDOS-2027-MCQ-C02-S02-Q046.md","26b13a7c4b25a7124a7fd23509d8383f59fe8eabb3e110b12cc0db354373b14d","e2765e4bb1c6c74e27f6ca8e98049c7d0669ed8a4bb4f4db7f220c886bd0d90d","1","1"
"_待确认\27_王道408\03 - OS\1-MCQ\WDOS-2027-MCQ-C02-S02-Q047.md","0636c72f2d228ebd9b09468fe5253f9101e56b35349bbcd7089962490d0dd97e","965049534918b2a9745234a588c20024e7020c044085ffbbdef88b022a8db169","1","0"
"_待确认\27_王道408\03 - OS\1-MCQ\WDOS-2027-MCQ-C02-S02-Q048.md","f462eee5ea022e0c7040f9a2f3cf1dcdf9336222bbb5225695ae875cde7a323a","ce9e3a84c53a6f6a1b46026b940e1131742d1df9d34402f402acb5e7e188bcc5","1","1"
"_待确认\27_王道408\03 - OS\1-MCQ\WDOS-2027-MCQ-C02-S02-Q049.md","dd5313e983382c35fb940e60bf9b516b7c8f2a322c80d151206556a228a712a1","a1cd5ea137d85a6154e8fb909153d87a7301996ae8279648dabf7c4f955592af","1","0"
"_待确认\27_王道408\03 - OS\1-MCQ\WDOS-2027-MCQ-C02-S02-Q050.md","679a159aecd96d63feefc228c262788e06ebdb1f48f0b323ee8a079c0ab42736","551b0e4be1b96d26eee901a9882b64947b66ec9e6e9f87083f0649424dadecd8","1","1"
"_待确认\27_王道408\03 - OS\1-MCQ\WDOS-2027-MCQ-C02-S02-Q051.md","d013e1dcce4f6c614f87581e828624d35743dd4b2c9d11d533d9543fe2236a38","abbee312d4253f1cb9bc7a81e9beffbf7e17795ba6090225066e87ce102ea061","1","1"
"_待确认\27_王道408\03 - OS\1-MCQ\WDOS-2027-MCQ-C02-S02-Q052.md","7ccaf01d76b350665a8e622e37efeecae9926bc223d0843357368b1017727436","c58fb235e7d4dfe04c97dd45469b0605452ae0b88d2832e4421d992fa5b18fd9","1","0"
"_待确认\27_王道408\03 - OS\1-MCQ\WDOS-2027-MCQ-C02-S02-Q053.md","255aa0aed052f874f5a2a3ccc99903e5a4815d2545008412c08bae43aa2e45cc","e6785a70db3997043b7e3fee07b20c5a2182053dfaf6a735a49655b2031400a0","1","0"
"_待确认\27_王道408\03 - OS\1-MCQ\WDOS-2027-MCQ-C02-S02-Q054.md","02a1c19ea6c4ced7a5a270f550485c6fa65781a8e5077e99b6319882d40e669f","235df740d95ad59e5bd370ed1c945843e36598afc8b1d2d070424e85118a12a5","1","0"
"_待确认\27_王道408\03 - OS\1-MCQ\WDOS-2027-MCQ-C02-S02-Q055.md","74bfc09d73872f3d6b463308b72b27b9bca1cd2621ddcf0591667a9fe2adaaaf","02c410dd791496ad8dc12976e0ff3a4c1aef7e9fedd368af0a09649d3e7338ea","1","1"
"_待确认\27_王道408\03 - OS\1-MCQ\WDOS-2027-MCQ-C02-S02-Q056.md","add470c71f3c6ade003fe0ed176cce71451b546d4bc92ac84334668e3f3528ec","307393e17e69613e8341561c450dd887e7c3da434cb7e261135b2b947114bad9","1","0"
"_待确认\27_王道408\03 - OS\1-MCQ\WDOS-2027-MCQ-C02-S02-Q057.md","bdac49a4c9e81d139abbd7395b58963da137f72c7390316871aa4be1bd561440","ecf6ddc82520830b3665ff4db5bf79fa5476ea34442351e263aaf592356c4121","1","0"
"_待确认\27_王道408\03 - OS\1-MCQ\WDOS-2027-MCQ-C02-S03-Q001.md","9b0bc98bcc9167a4b6ae86ba3cb00251b3c6b11643d28de0e235908d0e663f84","ae8176b746ae25ed43ea493865cef4c76e00977b3429663b2251a2fdcd1637b5","1","0"
"_待确认\27_王道408\03 - OS\1-MCQ\WDOS-2027-MCQ-C02-S03-Q002.md","6a4241093ac9a23c61acb462fec1e77b827cb08d08f76aca9b9f1756240a5b2a","83b3fb35c14dab545ded8562d5ea0dbaa19d8811556168dc01e4f34cf8e1c425","1","1"
"_待确认\27_王道408\03 - OS\1-MCQ\WDOS-2027-MCQ-C02-S03-Q003.md","4c3bbcc68d635f5fc17edcec57ae1c3603a940f12df58d00e8ffa9a2391573ab","e0acb164f169c84e5b19f597c1c8a0d4c324a66fa075e4232924b4159e954cf2","1","0"
"_待确认\27_王道408\03 - OS\1-MCQ\WDOS-2027-MCQ-C02-S03-Q004.md","09907bf44795c28dd684e8e9a7bbeb16c45a5bfda2e3a81962b9208c980cc17b","348a4de2906b92fc8c66e5d268a0f789a56f29c9585d55b575de7e4f104d919c","1","1"
"_待确认\27_王道408\03 - OS\1-MCQ\WDOS-2027-MCQ-C02-S03-Q005.md","09773127a92489d01cd412aeda82f52cb64cc82612baeeea9c87265c6519229c","aa4f6d7d896aed20ca5ff9840eab0ba1000c61343aee97eb10d4f99415f468d4","1","0"
"_待确认\27_王道408\03 - OS\1-MCQ\WDOS-2027-MCQ-C02-S03-Q006.md","25d8349f4a5b9920f3bab97b08d4c2f3b56177f55b0650411db03590f725574b","f26b6374b24ab3f34aefb5d58f8b6cafdd246e13f051a78b13e2c31fd7dcf05a","1","0"
"_待确认\27_王道408\03 - OS\1-MCQ\WDOS-2027-MCQ-C02-S03-Q007.md","56151cc86314e9aba18883aa5440bab9020a8a1b6a7126bfbe27481b65e9e9b8","d457060141a3f3be3463c2ec8a17471ac17f6ec702420de2e49429f6e6eb43da","1","0"
"_待确认\27_王道408\03 - OS\1-MCQ\WDOS-2027-MCQ-C02-S03-Q008.md","691f3a68654a691fdc35baea516710f4c92e245d3173bbec5fc976797556d616","49e2b0eb97cfb34b0bdde76ce3dfc35e916603861daaa359c19f444204ce324c","1","0"
"_待确认\27_王道408\03 - OS\1-MCQ\WDOS-2027-MCQ-C02-S03-Q009.md","e89c562c21550d0366b31c087dae3c1656b8eff82c7c8f2c96d1dfd98267d810","da82c868e859176eaf1ccda3be41a9d00416e13938e56db30d175642b309159b","1","0"
"_待确认\27_王道408\03 - OS\1-MCQ\WDOS-2027-MCQ-C02-S03-Q010.md","0347187ca70a440361c1ccb171b1a85cb20107eb7691681ee610f8dd80844b10","b43e1eadb32eee3fa09f9abd46a47a951e5780ec0a7ae584e1d26628cc157c74","1","0"
"_待确认\27_王道408\03 - OS\1-MCQ\WDOS-2027-MCQ-C02-S03-Q011.md","5ab412c54b0e697382fa561af0a6fdcb634b8419cec4e81078811dd98829ef19","02ec5ad4472740836e544a2849abbd2af2d3bec069c86f469c81618964b889cc","1","0"
"_待确认\27_王道408\03 - OS\1-MCQ\WDOS-2027-MCQ-C02-S03-Q012.md","9643c9ee145b32114d6687ac2d07c5f224a650dc16437b8b7c119f4ada146614","d256168d1e8c987287ccd48f0670fdc2782dc1a2ea0eb71b0dcd4e9c914e38e3","1","0"
"_待确认\27_王道408\03 - OS\1-MCQ\WDOS-2027-MCQ-C02-S03-Q013.md","c3a7041e37bcacb2d8f8900ef58f8dd29bf3e8bbf1d7622135e9d3588f158f89","fda4c059e3f1f77b4c0bdd858d7da20cd3e9f6a90ede34757d3384074fb4720a","1","1"
"_待确认\27_王道408\03 - OS\1-MCQ\WDOS-2027-MCQ-C02-S03-Q014.md","f2eb7b1c644fe04b2738cb1d4c6c26c53d70b6b3254d4651ff67a159a66f56c3","ccb19900e23d3a94330f8d4770eb679e71906e0577b34fd3c5ed6b790d4eea9e","1","0"
"_待确认\27_王道408\03 - OS\1-MCQ\WDOS-2027-MCQ-C02-S03-Q015.md","4cb2df703a070e0b05a32e12d87a844e6f03cc6b7e330088530870e4e6d655ef","19f3cc58efa288b6eedeb66f7e67f742155e5668e2ae6185aeb229d77d295e7e","1","0"
"_待确认\27_王道408\03 - OS\1-MCQ\WDOS-2027-MCQ-C02-S03-Q016.md","b8abf5b57c98c64b6ddaedf02e1e973042b3ae9ffa3a7fbb61a7d2a818fb1e96","dbe0e0db470d20fd311616b2463f9ff60cabb31d693d6f53446a0244442aba38","1","1"
"_待确认\27_王道408\03 - OS\1-MCQ\WDOS-2027-MCQ-C02-S03-Q017.md","e56cb869d545a50a81f85590c67bc64f157a95d4cbe4679e1baa91d72dbd63da","6b4368566ecdc271dbfc35d5888595c64e710b4547aa21596b52158e38cdda4d","1","0"
"_待确认\27_王道408\03 - OS\1-MCQ\WDOS-2027-MCQ-C02-S03-Q018.md","fa4b7f508d658f53d8ad6590d918c375d4432d3032ef4a834c187e8db42e7208","b61a01b351808e8a4f0dc9e6866854e570f58ffc063c0d9eae1fa466098f5f8f","1","0"
"_待确认\27_王道408\03 - OS\1-MCQ\WDOS-2027-MCQ-C02-S03-Q019.md","7f2ea4f0028a494567f750d29e917811bbdfc4b9f0b0792acc1cdd48756cd635","430d49e006eb96c9d525e096245bf98c458c1d70f0ea8b69d1274caf8234ffc6","1","0"
"_待确认\27_王道408\03 - OS\1-MCQ\WDOS-2027-MCQ-C02-S03-Q020.md","ea856f97103b4f0931f282c3d9056602586b9b1db21c72a02f6d761b4a53e54a","e8124df1cf028d9298c47692d47542febada1446ae1084a518adb0db47762ece","1","1"
"_待确认\27_王道408\03 - OS\1-MCQ\WDOS-2027-MCQ-C02-S03-Q021.md","c9e9dc1da5ae8326df14b38a9364351f6097a0ce58fbd7ba108943274760c8a0","934e6650a0ce2a526fa6d037255b92c8e16c4d408f3a623eca46577fb7e4c4a7","1","0"
"_待确认\27_王道408\03 - OS\1-MCQ\WDOS-2027-MCQ-C02-S03-Q022.md","3fc9f43b052ea17f57cdc4817f1450e3dd3fe72fe4239642a66c821dc2d997bb","bc104910370bb26ef569522431fdd8ac5fabbca549d34e9350779654e4a41039","1","0"
"_待确认\27_王道408\03 - OS\1-MCQ\WDOS-2027-MCQ-C02-S03-Q023.md","37a14d9c019afd2703891be69dfb7338d52c2bf2ce968ecf9614180ff8bc9ac3","5f3856788c2f5cf0f2cc3bd40eebaa59f042a6b2a0ae64566d903d47f1eb315a","1","0"
"_待确认\27_王道408\03 - OS\1-MCQ\WDOS-2027-MCQ-C02-S03-Q024.md","82073849d9ebab9fd8a40651817284eefb0a554d7dc996ce1c896e1adc21c16f","43846008067a1a12f647956f411a32f821f49ba60beff3e973ef93430f83b5f7","1","0"
"_待确认\27_王道408\03 - OS\1-MCQ\WDOS-2027-MCQ-C02-S03-Q025.md","dbb26b7164e04857336198e68e73416e30086749dc5cd61a540c62d1816d8e92","616dbfc0c429ef5c7f3c326fb330fed950f7a02c89c8bb26bb7fbeb116df78f3","1","0"
"_待确认\27_王道408\03 - OS\1-MCQ\WDOS-2027-MCQ-C02-S03-Q026.md","49a631909c17fdb7b9019f14c41db31afde0d693c61962c5ab01a6d69e6e6c42","f21543c6ff0cb7b7ed5507bda4ff4baa83fa1062229ccacb8ca17644356af3eb","1","0"
"_待确认\27_王道408\03 - OS\1-MCQ\WDOS-2027-MCQ-C02-S03-Q027.md","933c25d12be96123365728a2defcedc743caca0dd38d974abcb441ea2967444c","2920bb099d6e4fcc4a96c6d0ab19ca73c7428a902846e564434dcaa061155085","1","1"
"_待确认\27_王道408\03 - OS\1-MCQ\WDOS-2027-MCQ-C02-S03-Q028.md","cce48f5badd9eda3c6fa350e36ee0fd3d7aca9dba3e10a81e7446589cb8b1c9f","639ed29ad8b3279da3bfcdd46cfa6a92aaea8f324561ff5f7f30242b8c1cc941","1","0"
"_待确认\27_王道408\03 - OS\1-MCQ\WDOS-2027-MCQ-C02-S03-Q029.md","d7db055a033581e23950da20ee6106c5faf0c46b71debb58f4f5fa118ab7e20d","b97745528953bc07240e2daf6f36ec0b06e24874fb4d6f68d7ecb311ffd08d7e","1","0"
"_待确认\27_王道408\03 - OS\1-MCQ\WDOS-2027-MCQ-C02-S03-Q030.md","d4a6065ebcc31971b29b936bf57d3f3c157bc60e890127100a00e4796951a116","84a3c3cc3acbebc3fce076e1a964e404eaf2755127e74d27f446055ddaad1f58","1","0"
"_待确认\27_王道408\03 - OS\1-MCQ\WDOS-2027-MCQ-C02-S03-Q031.md","7d36efb54fc7bdb074ab2f293722ffb34cc5826809acfc438e1fc439515d0351","6d16e0cdc9695904cfaeeac2b98f1370b1bfb3eb4b9652fcb5471036f5b327a4","1","1"
"_待确认\27_王道408\03 - OS\1-MCQ\WDOS-2027-MCQ-C02-S03-Q032.md","2923074198f0c697b30c8e3ae8df0c3b69c11057a676eb65b5c2214c882d077e","47d57324a1c0514f897cd8792a3331dc3c7d123c93a0356c9b094906bc3a20f0","1","0"
"_待确认\27_王道408\03 - OS\1-MCQ\WDOS-2027-MCQ-C02-S03-Q033.md","97a8ec8f06bc349906bfe2095cf475d262326ea4cd8d70f32e90f8ea21ef21f7","dfd81aae8753ace5a50d824fb91cc7b350a0db5370e202781c29452650a349a0","1","1"
"_待确认\27_王道408\03 - OS\1-MCQ\WDOS-2027-MCQ-C02-S03-Q034.md","1b95adef209812547d9b82062430f10c35a35a1a3f2dd3250122f6222737c416","c0553dc861df2c265bd9089632fb286bff7507d8567fc659781138883ce62ce6","1","1"
"_待确认\27_王道408\03 - OS\1-MCQ\WDOS-2027-MCQ-C02-S03-Q035.md","5663ae5a17a610fa0e48dddb19984a4fe26ae991b7acff1ebfc131e4fc34293e","8e79948317cf7c1937fc9bed1528b1b0f03ec797c27221c732be4f53e1b11b28","1","0"
"_待确认\27_王道408\03 - OS\1-MCQ\WDOS-2027-MCQ-C02-S03-Q036.md","17b5bdc44b15dc5d0e2e11e3d6b591a3067dce99f1f0c7134da0cda863b1dfac","f59910361e980326a5926db55d658ace6b74285e7ee538c7e341eb1d7d17b6ce","1","0"
"_待确认\27_王道408\03 - OS\1-MCQ\WDOS-2027-MCQ-C02-S03-Q037.md","7d376ff06fd988ebe00392364a0e72592a8fa35b175f115693febe0fdda8a724","baa2fa3230f0aa1f5c96ed2e62c27cb16de4199a835ca8d7d5a15d68121402e8","1","0"
"_待确认\27_王道408\03 - OS\1-MCQ\WDOS-2027-MCQ-C02-S03-Q038.md","3a56fd755a1f049e5c67ef0aaaa6eaab58091809c65075970c2bf3df57a5e6a5","67ba48ef297fd7e9a2a04e08886b2affc38c8bf11e2246ed4bd7b24066b12103","1","0"
"_待确认\27_王道408\03 - OS\1-MCQ\WDOS-2027-MCQ-C02-S03-Q039.md","ad110fb05b9013f805b7bc1f006d2e01f7b8e02ec07c8d603a4cbfe66a65e4c5","982d3a9056238073de340fab3246942a52cd561fa25c353ee9befc82655f90a0","1","0"
"_待确认\27_王道408\03 - OS\1-MCQ\WDOS-2027-MCQ-C02-S03-Q040.md","6d03280ebc604c57a663a71c084622a43beb8b98bba0e0d60d0b2455c95fb462","48ec406f527d7234af44557992ada97f0a64ae9fdc138bf4e8190532d712032c","1","0"
"_待确认\27_王道408\03 - OS\1-MCQ\WDOS-2027-MCQ-C02-S03-Q041.md","f396daef8226e6fa0f808505b3fc16d43e522dabd264e46c511d0de9e6d32142","51e653c520f58e4b9012a3f3546c43b6fc93bab1d52e55614cf09aed41f828ea","1","0"
"_待确认\27_王道408\03 - OS\1-MCQ\WDOS-2027-MCQ-C02-S03-Q042.md","f02fc458eafe0cd149f1a4fcd6a54a3ec1b7f326552633d26599b2b5372b001a","59d1ad62d883263def4f76bfb9038187f1021d426bf04714026f38df066ddecd","1","0"
"_待确认\27_王道408\03 - OS\1-MCQ\WDOS-2027-MCQ-C02-S03-Q043.md","5ae8d3430d425bc8ad9a9d77e44de703ab2099e51a25cc2617568507de22d4bb","f2a5980975489d20c8e4bc8a1b262f2e5f974092626ad3a74ea80efb724cefd6","1","0"
"_待确认\27_王道408\03 - OS\1-MCQ\WDOS-2027-MCQ-C02-S03-Q044.md","c09b6b2186dd9b936e2b9a4895008eb0cf3528923713ef48b9c5bfa46a97dac8","6cb85663876ecde3c37a14843b450f2fe1dd16c402ff324391162d715ef253ef","1","0"
"_待确认\27_王道408\03 - OS\1-MCQ\WDOS-2027-MCQ-C02-S03-Q045.md","5465b4cc5b6dba3f58ea80b838e34b479ff81ba5ee82b998e4a60acab4166696","9fb3ce049496485bd81dde8bc5cec4106750f1a18e99a162325ac3379e0a293c","1","0"
"_待确认\27_王道408\03 - OS\1-MCQ\WDOS-2027-MCQ-C02-S03-Q046.md","c267a71a28daf39e98b80074dfdb3790d40722efc0f021694ea031985669d3da","e21fe3d3b3f6fc5d1c4b27e6a991a7b1e1f58023353fef1f6a9e83e7ec3ed9b8","1","0"
"_待确认\27_王道408\03 - OS\1-MCQ\WDOS-2027-MCQ-C02-S03-Q047.md","f7f0f9bc15ea2a9e85923877f2a9eac55d7685bd0f62765a8056c286fd31b22a","e5ffe28a10041c7d5a955f6774aee62b43447efa29572b6971d2cc9ec74d8e78","1","0"
"_待确认\27_王道408\03 - OS\1-MCQ\WDOS-2027-MCQ-C02-S03-Q048.md","65ff8b2466bc282cce6c7b404b345a7dee3e2fc348af5c2f71ecd5d533aedd34","942b54e83cac032e6933e6b3d9258fc00d650626deb25e1f34961d2dc88f8b04","1","0"
"_待确认\27_王道408\03 - OS\1-MCQ\WDOS-2027-MCQ-C02-S03-Q049.md","95c5ab98565fb058f8a826dfedbf647080ba41ae74acbb1738de4632a423615e","b844c6c28e68137d09eeacbc4582ef3e5574c50d73130598577abbc1e1bf1dae","1","1"
"_待确认\27_王道408\03 - OS\1-MCQ\WDOS-2027-MCQ-C02-S03-Q050.md","d10237b01d0253186dd40169fa9c63ff6ca92e8d73cf387933a9e40f974f848a","82605bd36970f19b6557b0cf4202d505ec196b99e2d4c3342f5c470d18fe144a","1","1"
"_待确认\27_王道408\03 - OS\1-MCQ\WDOS-2027-MCQ-C02-S03-Q051.md","b44ef30daa40d1e96b2188d4168d37aaf17975d6797ca4c1fd9431f2fcffbb27","cafb003560b668755f04131709561605e78ad545659528183ca5b7ec0031fe86","1","0"
"_待确认\27_王道408\03 - OS\1-MCQ\WDOS-2027-MCQ-C02-S03-Q052.md","25e25968b7451434a8e5f0e5e0b155a070c1722f42f68be52ebeeb32c6053ece","0198e7e4c121a3adc5147178b2f3a0075b635e080263de1c8b71eb1858dce73a","1","0"
"_待确认\27_王道408\03 - OS\1-MCQ\WDOS-2027-MCQ-C02-S03-Q053.md","368ea123ee8e6a8160ef72238d80de88bf2d4ad3f04989e576edc861021ddd28","c15212d00856d95d218b0a2c865585d35df5dee198516174a19f3e7254fa5479","1","1"
"_待确认\27_王道408\03 - OS\1-MCQ\WDOS-2027-MCQ-C02-S03-Q054.md","9f9a5f17313c77284db9593bd0d1b8cead43dfb0136bc7d4b148d11851cf4492","ff155275bd5c6b66bc6f29ef9e89a0dd1d6074e34dd4e0ba9af35e31c0f2a100","1","0"
"_待确认\27_王道408\03 - OS\1-MCQ\WDOS-2027-MCQ-C02-S03-Q055.md","b6f2581ae21814572f0d9d59b9c6d6cf693d30c7106e507f1be1361064ec533b","acf1ceec9becdd23fd5a32ba2383d68fdc297aad1cfc7e5fd1fad43e6763c41c","1","0"
"_待确认\27_王道408\03 - OS\1-MCQ\WDOS-2027-MCQ-C02-S03-Q056.md","a32f69df18af17865f37096da056aeef1b5d0a87b092273ae40567f980a71645","0f870e08e6db237e90ec89e659a4147989acb2959e1d1158dd8f567cfbdd00f6","1","0"
"_待确认\27_王道408\03 - OS\1-MCQ\WDOS-2027-MCQ-C02-S04-Q001.md","def75b32a3bcd220c784b89254c80786cca3174da61be6727e02d46b482a267a","de9df296ba2881aef5b67640b0f04c88a4af10271a6c74c7a9e37acf3ca4ebdb","1","0"
"_待确认\27_王道408\03 - OS\1-MCQ\WDOS-2027-MCQ-C02-S04-Q002.md","2a80944532dacc3f8e9fee6bd5e13f9b7afdeee998ce42f46ada0ec09e017bd6","0d09f1b56029b7db9d50e4c5c5892d626daeb9a047e2d870163231041ff18f05","1","0"
"_待确认\27_王道408\03 - OS\1-MCQ\WDOS-2027-MCQ-C02-S04-Q004.md","6c5f9c62f7cf4638af645e5b5a509ba6f0533eab60b27bc0061b38a644c4b5ef","a610c5ed939f9ea5aff261dfd4c0896bd55019c40d4d8a4c4d20e60091b80cfa","1","0"
"_待确认\27_王道408\03 - OS\1-MCQ\WDOS-2027-MCQ-C02-S04-Q005.md","71573c3e7a8718b5fb287e32d95a0ba60bbb74b2baea0c4d726760b0be9cc9ff","353a3f20472b139c62cefcbcbb825359d583b4f7bbc07aea9620f8e4dc35cf8e","1","0"
"_待确认\27_王道408\03 - OS\1-MCQ\WDOS-2027-MCQ-C02-S04-Q006.md","72b670be0a2cd2f6baa70161975f6fa0287643231a54b07a156e9c9b2be778b1","d5aed9de61ac6051ba5147191222aa3c1c88cc8008e0fe82158e589a07bf1e0e","1","0"
"_待确认\27_王道408\03 - OS\1-MCQ\WDOS-2027-MCQ-C02-S04-Q007.md","9f331834046e8d64e988b1cde289e862007d0891c94c4d463c49b4a437c5a2b9","8e4611fd5ba9e2ba259d056dc4d7700cd9f2f51eef88d454604b9f872f4e27ff","1","0"
"_待确认\27_王道408\03 - OS\1-MCQ\WDOS-2027-MCQ-C02-S04-Q008.md","f4545759f57078739a9b063f4621f678ab29b52f43180f3d87cbd5f56170edbc","49d9a6b8a97ff7357065570e792dd9c2d4547aa3fbe7ce86d808e31829c8e0d9","1","0"
"_待确认\27_王道408\03 - OS\1-MCQ\WDOS-2027-MCQ-C02-S04-Q009.md","4640f902e3242a18b6caddebd878e60cfd6d303e03c97f23a6a9ebfe7c918b1f","3702a65aaa098087bdf33dbd3cd4090da4a46fa941766ecd8b4576e36583b89c","1","0"
"_待确认\27_王道408\03 - OS\1-MCQ\WDOS-2027-MCQ-C02-S04-Q010.md","2912419db2dba32ad3d5bd6d7acee4c2ae7a07057651a479f690dff6b542c77a","755030d3f390f1c7babe893b52a20263a000d8b7e9e58d373f16defb00f35153","1","0"
"_待确认\27_王道408\03 - OS\1-MCQ\WDOS-2027-MCQ-C02-S04-Q011.md","2273d03ec2909df403e22fb1519f226031b836ff84a074b649483f63e640128d","4254371fbfd411fabb9205ab2a02fd4a252d3b986138dbbff7d0b7972d5f806d","1","0"
"_待确认\27_王道408\03 - OS\1-MCQ\WDOS-2027-MCQ-C02-S04-Q012.md","ae88da60a3f1d0b33dbd53bab6c9336dbe97427f13f5421f3732b4e03100a0c0","6adc252c579d23bb28716d6a24643b150c1ec79b59932f01c0ffe4dc2e2e2a51","1","0"
"_待确认\27_王道408\03 - OS\1-MCQ\WDOS-2027-MCQ-C02-S04-Q013.md","8ca96f232bae1c8e08d819de5f07064847d88fa313ea891dbd9519190a5e861c","82d10076133d4dd5c8c96341c84718f5e8b46101a9cb50866531d67509b7a9d5","1","0"
"_待确认\27_王道408\03 - OS\1-MCQ\WDOS-2027-MCQ-C02-S04-Q014.md","bba11e15e94a3896010fecef0127b10080043cfd927a9ef0b575f79d5be53945","96d8ae441aa0b7922fe4c1f19b68066c1be122ea6a661ad8028a8dc773f6346a","1","0"
"_待确认\27_王道408\03 - OS\1-MCQ\WDOS-2027-MCQ-C02-S04-Q015.md","4f0786d29cf6667e0a0ed85c108b5819b8e767350f738c7df9c5da30741dfaac","95608a6a490ecdc960524f750d687c1f7ba57d17cc622150ee337fd9a530f703","1","0"
"_待确认\27_王道408\03 - OS\1-MCQ\WDOS-2027-MCQ-C02-S04-Q016.md","84eb1f03f15aa2e6c2da0b81de29250fd0267455149b2aafcc254f109a602c87","5e559e29e1728e896cf6eafa88c7e46386d4bc8fe0f674cc22fe72825a68e0f1","1","0"
"_待确认\27_王道408\03 - OS\1-MCQ\WDOS-2027-MCQ-C02-S04-Q017.md","04eef1ea7c5568b48eb66c5dff6447a54ca9e8dff36b197faa97471bf3092d60","111f8f8b0294c76d9fc3b2a28151270d454e356da78763267e34f86c3d51455a","1","0"
"_待确认\27_王道408\03 - OS\1-MCQ\WDOS-2027-MCQ-C02-S04-Q018.md","c64bc04ca061eba60a6aa30848bd2b462f92a9efcc5713e142b1297049201503","86f0f75316754f9176321f097b907bcada4d342b02d9accc48e00495ced331b4","1","0"
"_待确认\27_王道408\03 - OS\1-MCQ\WDOS-2027-MCQ-C02-S04-Q019.md","e1a61d73dbcdf977e01fe1ae4c31b9713e8bbfeb5b19805c254de6d43287c97a","150b5adbf0a8679b57f2f944fb3ab2af546d27f6ea330e2495c39e1d7c5fc339","1","0"
"_待确认\27_王道408\03 - OS\1-MCQ\WDOS-2027-MCQ-C02-S04-Q020.md","9f2a82f0ccf01f02bbed360131148c363b4c9dde0ae0d34fbe7f1105e3399cdf","351800f4016c5b77e84da1e0f3a1c32662768804c1dc240bd93d8e979f500b53","1","0"
"_待确认\27_王道408\03 - OS\1-MCQ\WDOS-2027-MCQ-C02-S04-Q021.md","516828701fe06934e739562f5f41cd6122cbdd70b467ac9c754c425b95f9f53f","9626c35a2b992e3adc6923d8136a12615bd1887c0e85d4e56e97336a0fecbf5d","1","0"
"_待确认\27_王道408\03 - OS\1-MCQ\WDOS-2027-MCQ-C02-S04-Q022.md","2567657fa418d84d8bd301b2739424e9cbbfcc8f32cea3b50c59179bc0e3dea6","fabee33227e63c5f20f044e6a8d6501717f24e80cc88d9bddef9e650e265d3a7","1","0"
"_待确认\27_王道408\03 - OS\1-MCQ\WDOS-2027-MCQ-C02-S04-Q023.md","ff3f62eab20e3804ea14791b20a3eb5f811648c3ada6d5601bcf0495adbba2c5","ccdc37445259b4b3a22a567e08c1ce9c7bf325ae92191f19b1b3c2fcc41afe3f","1","1"
"_待确认\27_王道408\03 - OS\1-MCQ\WDOS-2027-MCQ-C02-S04-Q024.md","e332bfe70e5e22899a9d7877af4f2f099c86d46c92c199bd330e5b525d5aef13","8b289d379172faf30cd04b0510197b47372a545cd8f980e9afec38e1b9cc86ac","1","1"
"_待确认\27_王道408\03 - OS\1-MCQ\WDOS-2027-MCQ-C02-S04-Q025.md","46b1c911b5a6b49d08ba583f0d0cad5aaeb57c9bbd5d8ec88db8417f53be45d2","0f670b93d0a25ec4bfe01a3ae2e1b9f4c9b5f7a7bca85dc87cb62963c5d63d42","1","0"
"_待确认\27_王道408\03 - OS\1-MCQ\WDOS-2027-MCQ-C02-S04-Q026.md","dc2dac6351070adedfd9e7e78c7820aa0c7717cab29eab98dc8c156361378c1a","91d99088c323a282e913265aec00350e9984783c79661caddab63e1cddf93d66","1","0"
"_待确认\27_王道408\03 - OS\1-MCQ\WDOS-2027-MCQ-C02-S04-Q027.md","a712e4f674578903bafdbba171c40a909576203edb3bafd69ae536081b5b4f84","21ac41ed3f708e3669953bd3d49a5bb1b0dd7c5c23d26f3196df2a4eef1a12dd","1","0"
"_待确认\27_王道408\03 - OS\1-MCQ\WDOS-2027-MCQ-C02-S04-Q028.md","b2e139f3cd039d0e383588560bd8df614c46c5bbbfda4e5b4da24ba8b6a20294","78ecbc447518bc1d2cc034bfc038e15f5748ede06a88396906324f201ae89d5b","1","0"
"_待确认\27_王道408\03 - OS\1-MCQ\WDOS-2027-MCQ-C02-S04-Q029.md","21c8c19cb7187a94a3f18a47b328887dda4d1a02bd22a0d6bd380338d460e11a","f57529503f6b2c5ac2f387336d20c83cbe8fede1af5aad29e3b1b42ae81b2071","1","0"
"_待确认\27_王道408\03 - OS\1-MCQ\WDOS-2027-MCQ-C02-S04-Q030.md","5763183a68598c636f7ebc9e4900a1982935a22ee33f633172ae562e092cd009","a6f69fa9816af0c2852ed03508a9292a558a72587a518c709153a4dcbd7c17a6","1","0"
"_待确认\27_王道408\03 - OS\1-MCQ\WDOS-2027-MCQ-C02-S04-Q031.md","bd9f9164d8fe4d551efcec5f150bba83bc9a86a370545c2719b804ba4511ff90","3bdbf859780bce19546f191149d6a32f0afae93182ad762d203f22802ff6c872","1","0"
"_待确认\27_王道408\03 - OS\1-MCQ\WDOS-2027-MCQ-C02-S04-Q032.md","8ffab5a24394463851cbf2e4215aab9f0dcc43788f469c6592d9f50dd40a2927","2b6922dd1717bc845c4771952f8d05f2c1fe2a89b1ace2b3d5f53defb50a3b92","1","0"
"_待确认\27_王道408\03 - OS\1-MCQ\WDOS-2027-MCQ-C02-S04-Q033.md","6e62d2ad563bb990dc7ecc8e415794786adb25acc800d58bd451b1f694100124","2eaac2b57ad0f10d02a9f7c0b041b4942feaf6b7ab4984bef888079b44264bb5","1","0"
"_待确认\27_王道408\03 - OS\1-MCQ\WDOS-2027-MCQ-C02-S04-Q034.md","e6ecf30a3588e0f5b114782c2bbdbd3d75f15346f0a7d7e7e1101c551c7a7d54","e4101624c4589c7c0b084f2328d9f9cc2e8b45e44a7cf1f94ed0a000263139fc","1","0"
"_待确认\27_王道408\03 - OS\1-MCQ\WDOS-2027-MCQ-C02-S04-Q035.md","5a640910d9bf2d3f50a26042652e1b04e3feb5838a5b6183c990ee729c044404","3f1ba259c8a1e3e71d0182d7b475a25debb516e725721815be01cf260c1596b6","1","0"
"_待确认\27_王道408\03 - OS\1-MCQ\WDOS-2027-MCQ-C02-S04-Q036.md","0d56b9721b0146538e26c68aff9cd1f6269f06fae2590f815969a573814b8716","2140e62d89f468789db0df3e14647931b50a3d6143b192102cb145c1e4f89953","1","0"
"_待确认\27_王道408\03 - OS\1-MCQ\WDOS-2027-MCQ-C02-S04-Q037.md","9452e77d583d31a4b25e2b53dcb6eed8343177a68b9f89f87c2be5cb6d71ac21","ae592dcaabe71ee7894238f5303b74dfe898c1b2e36343ba2bb52681320691d3","1","0"
"_待确认\27_王道408\03 - OS\1-MCQ\WDOS-2027-MCQ-C02-S04-Q038.md","f8da207fc5aa2e978d781265c32bbd381a655ea2799012e88a8272b47a8c43f2","bcd51dd48c1fe15da03afc59ea0493bba571280d7d343ac322821deb9e176b5b","1","0"
"_待确认\27_王道408\03 - OS\1-MCQ\WDOS-2027-MCQ-C02-S04-Q039.md","8957027274c1cc4f862160819eeba45dd8ddf51a645a7b316a3a12f099f3364f","10862b22b7b8bd1c13831c7677fd4f188d13290f7ae4ba1c182f0cbeb2f5b1ac","1","0"
"_待确认\27_王道408\03 - OS\1-MCQ\WDOS-2027-MCQ-C02-S04-Q040.md","9cb8713910d896e61bc4560189a07547e9939db304e32c09caa883896cdd82e8","42292d63e8770f10c42359984547a8e69dcb7f487ffd1d46b37cdfbc6aac82bb","1","0"
"_待确认\27_王道408\03 - OS\1-MCQ\WDOS-2027-MCQ-C02-S04-Q041.md","c3c1e947f63b452fd33071eef473fe4156571b5598808b7b2f3ab2722a781e01","1bb724637a01ce3cc51ed715b7e84be35de2039ec52b2cf15aa476b49e33a767","1","0"
"_待确认\27_王道408\03 - OS\1-MCQ\WDOS-2027-MCQ-C02-S04-Q042.md","d4d7c7b28ff5690d07fa9cf1140ca194374bf236ff9a92bde271d9067786a321","64da16428bf24dac6be9d91fc52b397acd7f1fe2a50850d7f3ce11c65ae4da3f","1","0"
"_待确认\27_王道408\03 - OS\1-MCQ\WDOS-2027-MCQ-C02-S04-Q043.md","03fa6d810d1607933ab305bc9d8fcd90adc11adb3cba8c816a56af4ebb12f7d1","a44d63f7927dc7f8bef6ee29e5f4fd995dbed3e024cd72f4ddfabf42cd2a8551","1","0"
"_待确认\27_王道408\03 - OS\1-MCQ\WDOS-2027-MCQ-C02-S04-Q044.md","a4ec05420cb4f75295eb5a0816ed298d0ef0ac0aae2867d00f012fa1f0991146","41ab316594f27ca61cc24b7017dc4f76c1912af4ff657fdf11c303d2fbae4d12","1","0"
"_待确认\27_王道408\03 - OS\1-MCQ\WDOS-2027-MCQ-C02-S04-Q045.md","3c0a14e87c00f782cbb186950f088c2049215ca88f493a398945b942d7f87f38","acbb566d2fb403ffcf1eccd152db8d5e0997432268fb5aa61258a0250df9f358","1","0"
"_待确认\27_王道408\03 - OS\1-MCQ\WDOS-2027-MCQ-C03-S01-Q001.md","9a422e246afdff0c44be4c969d78697757b26563bfd1506e5d8e2ff94025d3cb","1c167d35e911ceca7982bc54f3595d7d4139bc0cb28432a66582e647af837554","1","0"
"_待确认\27_王道408\03 - OS\1-MCQ\WDOS-2027-MCQ-C03-S01-Q002.md","5acf5fe65c00052da258bba0fb832d2ef1b1e6a71f29ea08ee3fad8d4c8b4288","dfdcfaa6a673c0993122ac6ac3675fd82312872fe66f5a71b7f2f2ab9f7ee077","1","0"
"_待确认\27_王道408\03 - OS\1-MCQ\WDOS-2027-MCQ-C03-S01-Q003.md","7e3ed5746e712a277d1878c2657e2ea4db316c1e3fddfb38117eaaf70c46aeb8","db582910f38666b0ea157f564ab94acb2059fc941403d4430e924cfe54302aa3","1","0"
"_待确认\27_王道408\03 - OS\1-MCQ\WDOS-2027-MCQ-C03-S01-Q004.md","a6914479c0a41e5bf4bed43f425eb4002002f4cadddc711a8fc1bffdb71fe72d","99d433a1bc37d295ab4d555a6533e0c1065538935e1b53dcba4ae364160af6d2","1","0"
"_待确认\27_王道408\03 - OS\1-MCQ\WDOS-2027-MCQ-C03-S01-Q005.md","b97e26546c50b13ccc858fb7e0d028a40c3f9205ed82d1b3976147f12c58fa8e","4fc2bbbbaf0ed16f8fba6e6a7583aae33dcf1f9b7fb8fd857e93d0127201b31a","1","0"
"_待确认\27_王道408\03 - OS\1-MCQ\WDOS-2027-MCQ-C03-S01-Q006.md","be99f6358d61007798cf504e28636d3cc0b93e4e4d94982915f6af4cbff90696","2ecfd0d6c94ada84ce18fb4bcfc929b495240061c31a78f595d07bb24248393c","1","0"
"_待确认\27_王道408\03 - OS\1-MCQ\WDOS-2027-MCQ-C03-S01-Q007.md","16fadf3468b74af7628190e1335f162d083ac3915156a231c23cb4b3a87f51f2","8220c86153a0d6b19c6c7f9319fef5621f3acc62424f035c2be8647d2d4020de","1","0"
"_待确认\27_王道408\03 - OS\1-MCQ\WDOS-2027-MCQ-C03-S01-Q008.md","a3cdd23bbb3388fe267c50f370fe4206d749fd33b6761d79932966847257ecc3","2f38fe45fdff7dc7d20b970c435dedc374a1babb569820e86b5360046072689a","1","0"
"_待确认\27_王道408\03 - OS\1-MCQ\WDOS-2027-MCQ-C03-S01-Q009.md","536d77b8a03bc6b6d69064d217650494ee6cf099e08a2bbb5ac4aeeedc9b3bcc","6a56187aac645331a1abf7f699f541ed314b032ed9bd87ed9946a7c01d525f3a","1","0"
"_待确认\27_王道408\03 - OS\1-MCQ\WDOS-2027-MCQ-C03-S01-Q010.md","9580160b09ed4128a80889de14f2367d00d7ffb7f0d5c5566fc264ba5856e469","b7e337f41a9cfaef82089619a59946035208962f4dda78c99e30c487d92b12a1","1","0"
"_待确认\27_王道408\03 - OS\1-MCQ\WDOS-2027-MCQ-C03-S01-Q011.md","8284d9457c39e4975bb38f26c482cc433d312125544cf5081ab60f2dd257dd60","b3e6ad5bc0f1bc788a68b74482a9d685bf86901f66fe3f0943b79d600059affe","1","0"
"_待确认\27_王道408\03 - OS\1-MCQ\WDOS-2027-MCQ-C03-S01-Q012.md","6956f62c2e0a10215ff1bd196f563431990cc995d5a6bb49c4d3903402dc1823","5b39548fdfbc15cb6b28087b211fa761ecfbd2c113617fca0ad91d2a092ba942","1","0"
"_待确认\27_王道408\03 - OS\1-MCQ\WDOS-2027-MCQ-C03-S01-Q013.md","0e1237be5404f100c69bf1ca63e5c3dd34f4a93703c056894771ffe96dbb5e9f","b0c5f76bfac803de77c0e9806a2a00771c19792a2fcb75645d262d26e058a547","1","0"
"_待确认\27_王道408\03 - OS\1-MCQ\WDOS-2027-MCQ-C03-S01-Q014.md","64304cd4b74cb5f9509fbaa26e42010ccdbb7a66383afcb15ac0618159bca303","0e6a7bd4c4144763a830688f32f7d7b2d8ab35f49f5e274bafbe0ed90ee68d4e","1","0"
"_待确认\27_王道408\03 - OS\1-MCQ\WDOS-2027-MCQ-C03-S01-Q015.md","fdc4ea0bb5bfe360f3d022ce29abeb7e16b18ed0b4b9c0eafb8f2cc0bebfcd7a","8937726f1dab3089fffe050e39a18a8463343e71f57282fe9c354a9b3f1d796d","1","0"
"_待确认\27_王道408\03 - OS\1-MCQ\WDOS-2027-MCQ-C03-S01-Q016.md","d13800cd920010bf9bc65a5d3f9bdae815cebd367f704db1e4d3eb43e5e85a26","58ee56b7190ea80c502dc3e70bac0f1f639d01307029a86fb648c498b790d16a","1","0"
"_待确认\27_王道408\03 - OS\1-MCQ\WDOS-2027-MCQ-C03-S01-Q017.md","b9d9ea3123a1a8c54104c354f92418273f3971a1a9f86b094cfa960b0006aa86","2ea5c239e86017dff37dd687dad90c8f59b0d72ca028a1cb5af76d296e2b431b","1","0"
"_待确认\27_王道408\03 - OS\1-MCQ\WDOS-2027-MCQ-C03-S01-Q018.md","b414dc1cdbc94ad3941f7417f3434426f16c76ab5e8c3d4ae29c948a72105f80","782065385b65af42f4d2b13801ac5659e68ddbb2da79efd7bd4d77cac23e648e","1","0"
"_待确认\27_王道408\03 - OS\1-MCQ\WDOS-2027-MCQ-C03-S01-Q019.md","1f1071dbc4a4793a2986afd6d9ed2b0dbcde6d78a80088321ddf5b47884ba7b4","33ee4591967316073be01dcee99876f64a03cf2b4af2634a655f997084944d9e","1","0"
"_待确认\27_王道408\03 - OS\1-MCQ\WDOS-2027-MCQ-C03-S01-Q020.md","3b841506a99cf11af8a5798e8b646452001be797913a438c5e4f2856c3e4de65","b6f680ac2298f7ec136d1f28acc5fbe26295fb5f6443b222e15f3339050fd6e4","1","0"
"_待确认\27_王道408\03 - OS\1-MCQ\WDOS-2027-MCQ-C03-S01-Q021.md","c1e84a80052efb45667f52e2252c5a3486cea0b3e743f7e70f5e336d8d680dd6","8e4bab35911c43d84522ab0cde1006812283a44a7ba27521535518ba04a52151","1","0"
"_待确认\27_王道408\03 - OS\1-MCQ\WDOS-2027-MCQ-C03-S01-Q022.md","1c8495058763ccd5fddbd1f109144855903edf66b8114a157af071b2d02ac98d","4b61e4449990c29c03d6e89929f49f7a2c0f43aa84a3c0dea0ffd8580df0abad","1","0"
"_待确认\27_王道408\03 - OS\1-MCQ\WDOS-2027-MCQ-C03-S01-Q023.md","68f9b620fcd82c596181b2f2b16d84597c9cf9386c73f6b7452139917f46d6f6","cac9675055bac6eb2d899aa7ebc473be0cae91a7622f9f4654cffd5430c8a862","1","0"
"_待确认\27_王道408\03 - OS\1-MCQ\WDOS-2027-MCQ-C03-S01-Q024.md","ec4e3ff42d34638ff5e3315ce70f291ced9fc45a93299e961549e961bad2a4ea","2ca013572ef045ca0596ca0c6eae5566a05f95ed1c70d741611da101878da85f","1","0"
"_待确认\27_王道408\03 - OS\1-MCQ\WDOS-2027-MCQ-C03-S01-Q025.md","a24ab195008dcdd93b985e969f7ffa916446d06fde1d81506234cbb4355c920e","d96ef2da7523e28063b514eaf62c3c4ef0eeaa1e893c16c18e03c8e59074542a","1","0"
"_待确认\27_王道408\03 - OS\1-MCQ\WDOS-2027-MCQ-C03-S01-Q026.md","90367c41ef68454420e22e00ea9576c1b85832a78beffd0015bf6900c7dd4421","f3e4574e1996ba9bf4afe2d6578dc557ddba73f036ea7a1918f8d4ead917c180","1","0"
"_待确认\27_王道408\03 - OS\1-MCQ\WDOS-2027-MCQ-C03-S01-Q027.md","1be6271e8d1108be3a1125ce3021f8f0d370376a26b645eeae200bb44a7ae807","976472bd376226e2b2c557c042fbaebbeb0d947cd94405d83f7b5d508b25d467","1","0"
"_待确认\27_王道408\03 - OS\1-MCQ\WDOS-2027-MCQ-C03-S01-Q028.md","f295e4ab9f52c5162e91bed55927f668e7d5f75811de5df057b06f7169471192","915c11b4fd510c48c53f6b84caa0a733029655ab853f0636eb12458fd4827a11","1","0"
"_待确认\27_王道408\03 - OS\1-MCQ\WDOS-2027-MCQ-C03-S01-Q029.md","187980197ab8430a7ed294003ffb7c3118fd5aad03a1237ce46ce5901201d573","fd4d1fc0bfce94b3cc008e6e7cc445717dccc1fc2cf48b11dbcb50f17e181e52","1","0"
"_待确认\27_王道408\03 - OS\1-MCQ\WDOS-2027-MCQ-C03-S01-Q030.md","2354224b90976ffc8264b89c51806a598453aad86481599264b791b4e4669fc4","0bafc7264cc786866ad1c8f60431f455c0ae9581262c0fc566889a4859ffb42b","1","0"
"_待确认\27_王道408\03 - OS\1-MCQ\WDOS-2027-MCQ-C03-S01-Q031.md","57bf61c11222898062f228a2858fd994d5b30d3cdf88a7b77a507490c244c16f","8550e0e4f9013b748e51141fcacf5ec276ce53ba92434ee2d57dc7f493b28ae0","1","0"
"_待确认\27_王道408\03 - OS\1-MCQ\WDOS-2027-MCQ-C03-S01-Q032.md","778b97c3d096873ccb2ddcc5b7edb2de0e89c35698e19fea1171468a55bd5ea2","fc34d77cd3792daa46fd40f1f7608d971c6db317e5fb1738ab48b431abb8a3c9","1","0"
"_待确认\27_王道408\03 - OS\1-MCQ\WDOS-2027-MCQ-C03-S01-Q033.md","70fcf028288968aa099faecea72a58292a74a214b0f6e41e48d3592b4352d70e","fd520718c83a0b76d8170064a80702f9be590c99cb345ae5d4e0f46e94c888f4","1","0"
"_待确认\27_王道408\03 - OS\1-MCQ\WDOS-2027-MCQ-C03-S01-Q034.md","7304ba388c5c94ab613061f38eaa45e618ec0cacce7f613daf6022f3662450a9","185b3ff130a3f8ed51bfece1f194f163356c1969197be06bdd58530844d4e24a","1","0"
"_待确认\27_王道408\03 - OS\1-MCQ\WDOS-2027-MCQ-C03-S01-Q035.md","ea1e09746c55ed841dccb3485c31a8a4ff5f55bf131f2031f4f34f6f9c3abc56","e0346f811e051450adaf712159a0cc25f8c56fa3704cbf07cd68a783e37846ba","1","0"
"_待确认\27_王道408\03 - OS\1-MCQ\WDOS-2027-MCQ-C03-S01-Q036.md","6a75dbc3ca6a34710ce18b303b8ccf7a7240c8e996f0621df8b5323007d4a5b0","10a66e6099542064bd28f215e78b0373b3fc10992dc537738448f19c4cd4a5ae","1","0"
"_待确认\27_王道408\03 - OS\1-MCQ\WDOS-2027-MCQ-C03-S01-Q037.md","a43e7d54bdd62a32a142c475a997e40988fc8687d94fd772f2cbed0f6a6428fe","94317de9759267c4921a6dbf06859afac240d7387d1556be0d71072520f6234d","1","0"
"_待确认\27_王道408\03 - OS\1-MCQ\WDOS-2027-MCQ-C03-S01-Q038.md","2783e4d1360cf1fa7eb82d08917b43d781d167d9d032f0c5e2c4120e839bf776","74d5c8da4a943df6f95391c82668a61af1942e57baa4e61b044c3f78778a513b","1","0"
"_待确认\27_王道408\03 - OS\1-MCQ\WDOS-2027-MCQ-C03-S01-Q039.md","ef0ea4247c483db389e6538c5ad04cd13a291561246a6fd2276aaf7d50686a33","15bab385e28f49076a86401d3a49333581fe18fe951361291bb2a6a2a0aad227","1","0"
"_待确认\27_王道408\03 - OS\1-MCQ\WDOS-2027-MCQ-C03-S01-Q040.md","cb692c630bf4eb7503053ed0ed236f37e19aac33fda43c29161d1582a9b8c50d","c704ab95421b1a1f7631a5ed6cd73175f3373a7a1c771e3a90ce4899555d2d61","1","0"
"_待确认\27_王道408\03 - OS\1-MCQ\WDOS-2027-MCQ-C03-S01-Q041.md","db3565143b4165cb2df42d70ae049e3fafc1f3533a38ee190dd8e51ce2ec0a3b","3bee039dff66d144c44965d4538de1f0f9453d2e99ae0741633917ba3b738b8a","1","0"
"_待确认\27_王道408\03 - OS\1-MCQ\WDOS-2027-MCQ-C03-S01-Q042.md","cfa209beb2ffec8e140434825e8c28c017b0643b2bfaa396d4b069911e6f82ed","c203a2f6d6a53a1cdffcb8024e763be3160ddd7127c6310fd281448dfe97bf56","1","0"
"_待确认\27_王道408\03 - OS\1-MCQ\WDOS-2027-MCQ-C03-S01-Q043.md","735a5c4c70941171662c6f82446b42c4f135034022103c263e9827f6ed219385","fb57e6298b831649303da789d63c22bb2357407094f081f7cb30749f760f7cb3","1","0"
"_待确认\27_王道408\03 - OS\1-MCQ\WDOS-2027-MCQ-C03-S01-Q044.md","238fd2420f4527ed4f4b5a70e2c2b8b84be410db69ffe4a94c656b74ff7aa547","edfd97c50da8cc110328aba5ec9fa2ff6c19e7189d6cfda013a0f5fea976417e","1","0"
"_待确认\27_王道408\03 - OS\1-MCQ\WDOS-2027-MCQ-C03-S01-Q045.md","545a9349b3d65d829ebd2698dbd376db9c9050ed33e5c5c1606502ef33330fc2","260ac89ce30173cac40fc4d088e02743306f54b65a68d109c7067e618c437e19","1","0"
"_待确认\27_王道408\03 - OS\1-MCQ\WDOS-2027-MCQ-C03-S01-Q046.md","0e122f65e4dfb5d297d8b368666b9f43740331a4f446572aec895e130ca75d32","a991e1d74c5ddc9b0fb9172de921580ab51b155c29c1c12bb8bc60df99fd9cbc","1","0"
"_待确认\27_王道408\03 - OS\1-MCQ\WDOS-2027-MCQ-C03-S01-Q047.md","5b02a619136a9a25d208e6415f248503d09b68c7c5cfe7b06da7133d2b910fc5","551dd21d57f3c87e364009626ae16e4b7dabb3f273fd59c22c04a4398622f24c","1","0"
"_待确认\27_王道408\03 - OS\1-MCQ\WDOS-2027-MCQ-C03-S01-Q048.md","ac86626cd23b542adde5ca44c18df6962f0bb86a4242d887b7234230b8a17a8c","dbe6aedb5c9eee47a8e3aa8e5deb732ef7b33c762efcb1e9f738951e3da97e57","1","0"
"_待确认\27_王道408\03 - OS\1-MCQ\WDOS-2027-MCQ-C03-S01-Q049.md","347db2cd03df18a26c3a41d2750e0802b79a2a22e382c500f8a4e76b3a950bbc","a6c2c56fc1c859770c496671b8660cf24c74ae34f8cd39cb4775e223faec0784","1","0"
"_待确认\27_王道408\03 - OS\1-MCQ\WDOS-2027-MCQ-C03-S01-Q050.md","3defc1b4cd07f5549e2074bb071f15afffe189e99aed93cec93d2f31b20f73bc","0c7f87f8079a3012f375c6f189cd9d7524f5b881764275d256cd81fd4071dc3b","1","0"
"_待确认\27_王道408\03 - OS\1-MCQ\WDOS-2027-MCQ-C03-S01-Q051.md","d3f6203c56bc99be70cc68aeed7613e66aeb9086c5d735f71cab9bf544900788","08ac26819d3b438c82a7bfceb1e5150d7d2c3467b6d92e3e8c6c6b4c0d4b51e2","1","0"
"_待确认\27_王道408\03 - OS\1-MCQ\WDOS-2027-MCQ-C03-S01-Q052.md","87c6f35f225da7e48bab9964b8983350c97e88243a167cfc0f3288dd02a05cd2","fc0dc2088f50e86c462e4180e481af705a108ded736bd0ee100082e97a7d8f86","1","0"
"_待确认\27_王道408\03 - OS\1-MCQ\WDOS-2027-MCQ-C03-S01-Q053.md","171a5dad930ef0d43afe4e8308b932f5bd4a38faa0edca63dfc08ed2a10fa4b0","547ce98cb545a6a1a84d79a86d39a100b52523693d9fc2ac56de03da215bcdc1","1","0"
"_待确认\27_王道408\03 - OS\1-MCQ\WDOS-2027-MCQ-C03-S01-Q054.md","457a3ca129a6e303f67d16e1604006d4bc841e72bd27ba655425f40cea716744","4a8cef1acf0fede5c01802378cb246e7a5cb2aa6e24a3936d5c678c377f24b9e","1","0"
"_待确认\27_王道408\03 - OS\1-MCQ\WDOS-2027-MCQ-C03-S01-Q055.md","ea4b366b96199a58791a2907e6bbd8d76be9cd6b84583b3c944d5e6c9e144510","b506ad0a90e995549c95f9dee12bcb0bd6774c422e7a7a5d36cafb0f4a499700","1","0"
"_待确认\27_王道408\03 - OS\1-MCQ\WDOS-2027-MCQ-C03-S01-Q056.md","2261b6dc3414dbccad555e43cb6a1b662a49bfce735a03ca2ba37ce12ae4b7b7","806f38fe4bdb2abdf18b6c2609faeb15e1638beb38c8d8953042b0f035aba009","1","0"
"_待确认\27_王道408\03 - OS\1-MCQ\WDOS-2027-MCQ-C03-S01-Q057.md","9971e1a6a14347c011404349fa856700dbada07df7c641e7892c0bd153a9c4b4","03bdba7065ba0bd7e47a31579b7909aca8bc7f064a92c50fde6fead400b9dc0f","1","0"
"_待确认\27_王道408\03 - OS\1-MCQ\WDOS-2027-MCQ-C03-S01-Q058.md","67a19ab19648823c783b368fd495d7be4e413b7696a27d873184aa3c8e8c35e9","a0408bdb5e36fa78ab31abd237d8f393fd834030586ca1d1288fc30649463d19","1","0"
"_待确认\27_王道408\03 - OS\1-MCQ\WDOS-2027-MCQ-C03-S01-Q059.md","68a502cd541aea72c73aa2613f3a7cb07a8f8856e968fe4579012ce79664d259","fc6bc8b43f30d7c38a980f7be1ee361f57d413b532f6ed1d83e4656b4470ade3","1","0"
"_待确认\27_王道408\03 - OS\1-MCQ\WDOS-2027-MCQ-C03-S01-Q060.md","9e781008771b78d822558577cfa64729b5861c57d6ed04f29774bf25466b4002","ae1b024d35a25da2ef637908c0ca413339edc572e71bf1ef65debff94b8e3fcb","1","0"
"_待确认\27_王道408\03 - OS\1-MCQ\WDOS-2027-MCQ-C03-S01-Q061.md","9b9c991d8b16535dadd7056ada37588ba55c5d4486ea962447427386aac9d639","a8c4434ec3df891d608fec7e04cf296bf6c6df59ccc4e771267e0a7db6c2502d","1","0"
"_待确认\27_王道408\03 - OS\1-MCQ\WDOS-2027-MCQ-C03-S01-Q062.md","823fc665d040d7291800a35ee05ca98cfce842cbfb7f9bde3b38263bbd29e407","bb8f252711782165d249bedae75843bb5194d8d79167b2e78c2dd2cbbb2899c6","1","0"
"_待确认\27_王道408\03 - OS\1-MCQ\WDOS-2027-MCQ-C03-S01-Q063.md","edb5a5f9b4a7d09ebcc9756ef7afd31a4f00652ed90c418d0557143adfdf2117","c4552e9ac51c8c0501c5c0d0d4286e7c6a617f5abb3541cb105f9a59f03436e3","1","0"
"_待确认\27_王道408\03 - OS\1-MCQ\WDOS-2027-MCQ-C03-S01-Q064.md","3e48ce50d405064e084ce86b315f6de9785273cca03a73f06add7d7800c77c7c","a930e6caebf2afee88fbdde24cfb215e078ddfdea2b1a7835d5c9adb01d1fa52","1","0"
"_待确认\27_王道408\03 - OS\1-MCQ\WDOS-2027-MCQ-C03-S01-Q065.md","aaf4a9be4a798d435c183ed8c1dcd71da52c10c76f57069caa90f3d1774b7780","edb01810d6a2a42c2f2db76c3b8815719e35e75ed3e8b3a6d31866f2e6771755","1","0"
"_待确认\27_王道408\03 - OS\1-MCQ\WDOS-2027-MCQ-C03-S01-Q066.md","3146720770b891f1d7b87c2682d8750f440d69e16f6492d280f8a7e258f73101","e53b151d479dddfaecbee85eddf8decdb3e842cbd71497b6acadc216f797616e","1","0"
"_待确认\27_王道408\03 - OS\1-MCQ\WDOS-2027-MCQ-C03-S01-Q067.md","c4473188d0c8bb65c9b78aa420f61e36052f4d98188c74c063e8a4f0282186a9","8ffa1f92153f2ad123e91f5e687758cccc09d258fb8b6de9b8dbef7efe328388","1","0"
"_待确认\27_王道408\03 - OS\1-MCQ\WDOS-2027-MCQ-C03-S01-Q068.md","1ff0640ddcb3bcaa06fd15a7286b98111b98628af64b694ec4f8ebb797980633","39914f9a90a9dfa207648e732f41cd7fe732ea261d7f75347bcf33bff5bad86a","1","0"
"_待确认\27_王道408\03 - OS\1-MCQ\WDOS-2027-MCQ-C03-S01-Q069.md","a8481a57bc8c0da9318163b5fb3e254dc9e73047ea6036b5868021faf71cffc8","ba7e525c8a6fcc4b8bb69d20035cc2514ea3561560ab5555bbc8bbb43fcb9e7b","1","0"
"_待确认\27_王道408\03 - OS\1-MCQ\WDOS-2027-MCQ-C03-S01-Q070.md","abf3d0a5de28aae4e36d0d9b611fdea7dd975aca9539fd49e3e24ce454fc3017","8a76328e15fb1b16af1c9a43b3e8c8c7d01ddd4cca454d8ed0f6065a47b924e1","1","0"
"_待确认\27_王道408\03 - OS\1-MCQ\WDOS-2027-MCQ-C03-S01-Q071.md","ddd7d36acb97a3c0dd1b9b8c14570507d364633797faf3f83eb3b2f21943c1b5","5773bafb7d4c8e8b22f04ad4f211f532da6ce8c5f6c46948b9e111a8a9e36412","1","0"
"_待确认\27_王道408\03 - OS\1-MCQ\WDOS-2027-MCQ-C03-S01-Q072.md","ae815fa1a02406170d9f89cbf1a6edff82d72f7a523a9c23c5db8ffbaf2fea3d","99cc38aba501a224c726d4f15e7bf97f1948ab990495db62d4fb4342d3afeae3","1","0"
"_待确认\27_王道408\03 - OS\1-MCQ\WDOS-2027-MCQ-C03-S02-Q001.md","154d4f51edbdf236c5bcf027b153121b63d58619e1635dd3787f6f2465749356","a37baf34c09c074884b23e791b8634df097ce21e705df01b0767cd93a2e804a2","1","0"
"_待确认\27_王道408\03 - OS\1-MCQ\WDOS-2027-MCQ-C03-S02-Q002.md","9b35178e3a8053240c5224ecd09feb5e9731bab5949a2f09819cd6bc945d7e0e","b098f09400abf2cb288cf730f754cf4aeb766f806908fd247ba448cb4d5c4bf7","1","0"
"_待确认\27_王道408\03 - OS\1-MCQ\WDOS-2027-MCQ-C03-S02-Q003.md","990609b35db58b9d265e101190e5fcced428e143a002614f93d06bfae221b3e9","cb47911556367c764386e1880f9f4fd382c556b5fe3a53fbfd199cbbca6547cc","1","0"
"_待确认\27_王道408\03 - OS\1-MCQ\WDOS-2027-MCQ-C03-S02-Q004.md","1c1b77573f89f29ed031d020e2dcfa9c1bc44d39b4878f0ae0cff91b18c1ab84","54154cad267ec48f5b389cb799c3c596a67f90028ca124666b8bdc91accaf556","1","0"
"_待确认\27_王道408\03 - OS\1-MCQ\WDOS-2027-MCQ-C03-S02-Q005.md","3e6ac61885c1470fe72d8a6b000b4e605b3ae6f6e251eb4d47d100a8d1d7b848","ca028878135818d6e2c4f0982d420819b4bab7cef17ebc5b66f7a1833c0b7ea4","1","0"
"_待确认\27_王道408\03 - OS\1-MCQ\WDOS-2027-MCQ-C03-S02-Q006.md","66ee95dd55bfbf3649eb39b43e78690a5038b5d3ad338262bdd0cf3cf3e6f249","574a993662b7c6c7db325a8e194767cf63e6b5563a7f80826c088868010bd13d","1","0"
"_待确认\27_王道408\03 - OS\1-MCQ\WDOS-2027-MCQ-C03-S02-Q007.md","5da7f8b1ded3a0d9531b879e0c15e7c878fd48925560c4ae5a0defd6156c424d","18571ae9433774303f1274744d1e9ff39a2cbda8b539b3e64df571108345702a","1","0"
"_待确认\27_王道408\03 - OS\1-MCQ\WDOS-2027-MCQ-C03-S02-Q008.md","e64c68a9be797ca58c740ffc5a26e2e2fa565d4b1e2cef16c7607151d810ff54","e7a63e68f9661cfea1c0a28a79db60888446ca44cda90af0bca351513f57703c","1","0"
"_待确认\27_王道408\03 - OS\1-MCQ\WDOS-2027-MCQ-C03-S02-Q009.md","6ff9360134529f754d9abe6fe8344dfd8f83bb8f84fa1da333e81766cb9618d2","6c14b7046ca97cb108ec0bcb3d32c17a2621dd217802ee1424c762d8ae461df6","1","0"
"_待确认\27_王道408\03 - OS\1-MCQ\WDOS-2027-MCQ-C03-S02-Q010.md","cd4ca86255eb8f1b1b9882ec2a471c40b2d23aec3a98a2e0a1db900959d0b4d5","5ba1802f5fffbbf2c1ad4e8c3fe0ef5b2fc301872271010af29c19adc4f977e3","1","0"
"_待确认\27_王道408\03 - OS\1-MCQ\WDOS-2027-MCQ-C03-S02-Q011.md","2b1ba9b1148906dd9e72e5f09a7cb8b792818c1ad296bba333151141125a3fdd","32f260759de8ba8ccf17deb4ebd20ad243ef0035f0febf8176c9f3fda799f1e4","1","0"
"_待确认\27_王道408\03 - OS\1-MCQ\WDOS-2027-MCQ-C03-S02-Q012.md","d805807997fcd89b5c279fb5b7f1b920fab4e3729026bbd037ef3ae26e2819ed","e5ac7ca3d8f31c8f19f8e1d0693391898d61d4d2502178ba77d5f91dc596295f","1","0"
"_待确认\27_王道408\03 - OS\1-MCQ\WDOS-2027-MCQ-C03-S02-Q013.md","261b959dd182d870a6b55af65617f277f8c5ad429550a6c09ee64f882759bd6b","3bcbcc0929f98593ff72ad188c45929a05bead6ca850c809cd0e8bbad4a50a7a","1","0"
"_待确认\27_王道408\03 - OS\1-MCQ\WDOS-2027-MCQ-C03-S02-Q014.md","4d3c7512b279a57c57ff06c3cb7888068c543f076d695edb5f1938f9f75dedc2","1b1de301fe2f1442987ca1f844833b4b53d46b49f661556eba44ca59c571cffe","1","0"
"_待确认\27_王道408\03 - OS\1-MCQ\WDOS-2027-MCQ-C03-S02-Q015.md","629f1bde468932ec987d9c73c8f62663861b8893d72ea49c8d8e143814ae3dc7","f492c32688953d784a9f1654cf8e1a0b8d85942dd487bdc99dc2f345197a5e02","1","0"
"_待确认\27_王道408\03 - OS\1-MCQ\WDOS-2027-MCQ-C03-S02-Q016.md","d96253dbb860b3e2f567a3b482bcc58f00175126863f268e6a54e1fff5877192","c767736ab630af4f6cd55da529f06e73506a15737f229df6b42da679524f8b02","1","0"
"_待确认\27_王道408\03 - OS\1-MCQ\WDOS-2027-MCQ-C03-S02-Q017.md","97ce8e8266a2f4b058186f528eff218ec2e77030884f254069bc5e7049d3f632","56870486521a99f0d87bee4b002744b026703ff9fb00c56691a883559ed21115","1","0"
"_待确认\27_王道408\03 - OS\1-MCQ\WDOS-2027-MCQ-C03-S02-Q018.md","d1e331eb889d9b1cd7340e395a70bd546ac53ce2acd38ff4b1497e3bcd939615","5c0412bff14f64082c181b246185273f6f230b59585a5d2bebc801ed36a991ff","1","0"
"_待确认\27_王道408\03 - OS\1-MCQ\WDOS-2027-MCQ-C03-S02-Q019.md","555076b759867f727a1807f378014516502099bceb17a44fcfb530b584e7a6a3","6304007d646acb8f35427b7404b517ccd3a487995d10c25f834ade3631e6bf99","1","0"
"_待确认\27_王道408\03 - OS\1-MCQ\WDOS-2027-MCQ-C03-S02-Q020.md","a4773746ca14dd7390802dffe406a05f9eefefd7393d8fa2e64bb2b34d86dd4f","4fcee5b21ac4af5a3c79845c7180517615f008be6aac0ad142a9f737e4df8e0b","1","0"
"_待确认\27_王道408\03 - OS\1-MCQ\WDOS-2027-MCQ-C03-S02-Q021.md","1a0b1c589ba07f3a8b2a9811afb6c9cbc6bc2a572119f8eda82b7b2eddca1463","d04cc944f898573cf33c798b979a02c0a8181374f502aecbf376328e16abf2a1","1","0"
"_待确认\27_王道408\03 - OS\1-MCQ\WDOS-2027-MCQ-C03-S02-Q022.md","d96fbf166f47466fc5cf3caf14b555ff14a14453f640cdd0ca55f37f9a60983c","8cf7a4aea7d44c6bcffc045efed58fe6f8a132716b2a7dab39ae0d2a48668b78","1","0"
"_待确认\27_王道408\03 - OS\1-MCQ\WDOS-2027-MCQ-C03-S02-Q023.md","24d612a78a6a67bc7e60475cc3c9a33b3628bd28cfa21a9b5f9dd9fef02ecdff","67e63accaeec6810cecf4f31ae02698a4c5007ff49ec58c32669f3fe443bf6cc","1","0"
"_待确认\27_王道408\03 - OS\1-MCQ\WDOS-2027-MCQ-C03-S02-Q024.md","d7f91ddf87af3695ed90b45d98fd00891b6fa98027a70e99e1433e4ad9e3850f","97dbd968a4bfb509dc28cd7aef1dab6b354d3efecd20dde9ca03168b4ad895ba","1","0"
"_待确认\27_王道408\03 - OS\1-MCQ\WDOS-2027-MCQ-C03-S02-Q025.md","3e26c9d92266356459ca13270480702b7caa2f7b3ea666c1567f2fb058742345","4804f4aa87f5ba9652225e5ad4eef6bcfc522d550cfcf00ea54314b7740db35b","1","0"
"_待确认\27_王道408\03 - OS\1-MCQ\WDOS-2027-MCQ-C03-S02-Q026.md","e9825832d61b59915052ab0c88a5404280cd52bd9e5d18a8ac5fb9e32dd37406","07369fd187791b84b35478e58448090512e63f1a2d6eedcf0692b177c70d8e96","1","0"
"_待确认\27_王道408\03 - OS\1-MCQ\WDOS-2027-MCQ-C03-S02-Q027.md","993dd108e8afd5550267b43e052265bdc2b95fb5e2762ca606bca7e01603324e","0f9c3828587c9859c771fd92a2cb52fc25f8e5de087cbd023cabe531a880793b","1","0"
"_待确认\27_王道408\03 - OS\1-MCQ\WDOS-2027-MCQ-C03-S02-Q028.md","c7be81c8f8f52bdbff8dcf6ded6073a9d41f4710de2e504ed8c8203a7fe26bfe","1f7ab13aa443bd59ab82a30a8c325391a3df70fab8d6a0a5244ea59a2560c9b5","1","0"
"_待确认\27_王道408\03 - OS\1-MCQ\WDOS-2027-MCQ-C03-S02-Q029.md","c2eafee6d143b33795a06b8ede2740e07554f4399b54f62194a0d819250778d5","0e6a917d3dfa30be1df8206e8c7bdc37e00d78861670736cb8eaca0a6c2b9c4d","1","0"
"_待确认\27_王道408\03 - OS\1-MCQ\WDOS-2027-MCQ-C03-S02-Q030.md","b1ca9e524a584f45a3f4f1cefa89653d4230fc555108c25d68235463095c8fd4","cfb224af97ffb9bcdc1e745b7547550ea7164d03a08333d6343b4e59dc059e13","1","0"
"_待确认\27_王道408\03 - OS\1-MCQ\WDOS-2027-MCQ-C03-S02-Q031.md","7bd0472e5785588b232480e7a987583c0c88009b10b2608a80d4a8e10632e172","47b426052acb0300b7112858db90a240333b6ca48b47e1ec20843226c96fd5bd","1","0"
"_待确认\27_王道408\03 - OS\1-MCQ\WDOS-2027-MCQ-C03-S02-Q032.md","4511cf62661b909b6c653c2216c9cc27eeaa650d272ece7d7150bfce35b14a93","769808b15d2aecff08d011dab45f5c72c2a2bb21e4a7adee4ac312c580624e68","1","0"
"_待确认\27_王道408\03 - OS\1-MCQ\WDOS-2027-MCQ-C03-S02-Q033.md","efba52d840a3daa4d8451a295ee22bc0a1d880a204c8bba2093f7e6a03538fac","d0a0b06a51e41d33291ae6860b4c5f2e9bdc842dbfa557d15878e134559b9f11","1","0"
"_待确认\27_王道408\03 - OS\1-MCQ\WDOS-2027-MCQ-C03-S02-Q034.md","54d33db0a172b09eb2de5c848247e4e8b0c8cc6bf9807037bf8f2a337d0ce563","b25992696c5e58506ab6390dc45984df6a6dd8a6446817d3ee00d73319686abb","1","0"
"_待确认\27_王道408\03 - OS\1-MCQ\WDOS-2027-MCQ-C03-S02-Q035.md","8e5cc809630b9efd98bafc28cb8381caee0744db38dc2313a0eeb761f1fd710b","481e8391833a09db7515e988f34ab3755b95f8992c9a74293acf2e2f858bb3ea","1","0"
"_待确认\27_王道408\03 - OS\1-MCQ\WDOS-2027-MCQ-C03-S02-Q036.md","3539cde4f2aa274622269aef69ddf0f6f61ab380b69e646b08d9e6b338a8b8fc","f19b7effab86e2478f88e26d7bd5890ed703ccea8bfc4eca0776cbfb56f15a9f","1","0"
"_待确认\27_王道408\03 - OS\1-MCQ\WDOS-2027-MCQ-C03-S02-Q037.md","f352fce843ce8a7378cd465b98b23f42f25cacc3036afb9c3e790e268fbe68af","b56a0c8e6e11d72a98aa0fc2ca91d110b29f967e0d315489efc98cc3d493826f","1","0"
"_待确认\27_王道408\03 - OS\1-MCQ\WDOS-2027-MCQ-C03-S02-Q038.md","1d17cc92525ea7cb26f3a4f978d72d47f8421c2c29b9b43a5d69690d1ae60470","c5e4b79be0b662d3e174fd8e69db85d49ec4123599ed3f8fde90009bd4db2ec0","1","0"
"_待确认\27_王道408\03 - OS\1-MCQ\WDOS-2027-MCQ-C03-S02-Q039.md","3c93f06d220d69e2bab9a90b67371af592b2e5195510d1aedec225ae06fc4504","4a32e12c7794e3ded0e3625cc075ce7dfa419e7d432a76f29efefc6c340bc2d5","1","0"
"_待确认\27_王道408\03 - OS\1-MCQ\WDOS-2027-MCQ-C03-S02-Q040.md","4fdd8a78c4bcd51a260c2a84681266e4316fcef6c376eaf6906162c08dc9635c","b0de5997202e835a015467780313ebd9e529aaeba9c1ee6c827107d05793b7ef","1","0"
"_待确认\27_王道408\03 - OS\1-MCQ\WDOS-2027-MCQ-C03-S02-Q041.md","2da7b38a317ff994b4d229a2d0a7bfeef940a9d2b7139235b50ed8bf774ebcce","f01b591d06246059da7159da8583c30feff7aef8f6c2463dd1b9c0b48b55430c","1","0"
"_待确认\27_王道408\03 - OS\1-MCQ\WDOS-2027-MCQ-C03-S02-Q042.md","79b818f13f11b9ee6b04d3fd58c1224cc407c5e78102c2e1fdd9499e1d985f6b","98d7f04fe1e76209bfd776bc1327c518fd7b3fe8ac11e8098e60407e53bb0ead","1","0"
"_待确认\27_王道408\03 - OS\1-MCQ\WDOS-2027-MCQ-C03-S02-Q043.md","b888241e2f649245a562d31c63d3f8ef11a2b7771787112fc7f805c6fe842bf6","888d801304795617e7029c80122505dbd10d760f2af0b59acadaf0cec348904b","1","0"
"_待确认\27_王道408\03 - OS\1-MCQ\WDOS-2027-MCQ-C03-S02-Q044.md","5153b64fe82de90b2761f9fde64c5eff7cd8d62e3b96045bf3bec7f26962fbb6","1f4cf34a949a03f847062d2848c2dea7abda74c39b7d6a023032041f30891306","1","0"
"_待确认\27_王道408\03 - OS\1-MCQ\WDOS-2027-MCQ-C03-S02-Q045.md","205d9f3276aa0828ac3124c1222624de2c7528365ec3774e75d22e90302b28ca","4bb9040fcda021099162e32b9235375578ec704018cfb4883ba031c63d73903f","1","0"
"_待确认\27_王道408\03 - OS\1-MCQ\WDOS-2027-MCQ-C03-S02-Q046.md","339973de2e2b80f6963f529f5294bba45f848f2f92ebc86164fb7ff7ef403e41","46b7000dc3271a5b8db65ce3826bf2e7faf3b7a899f49e8bd5b3695f569425aa","1","0"
"_待确认\27_王道408\03 - OS\1-MCQ\WDOS-2027-MCQ-C03-S02-Q047.md","45092f54247dd33fd0fdb81083375d1893c649468ca6b573c37cac5a30b88ce5","f0fbfd784ac6d9278116f064351a3cae72e34eb1d0ba0d95339714fa170a9e81","1","0"
"_待确认\27_王道408\03 - OS\1-MCQ\WDOS-2027-MCQ-C03-S02-Q048.md","95ab42b65b56d9a99e15fda1d89c633c1a52e00aa7977e9523c4e9e084a910fd","8277694786b846d0aa64478966b8d2404f5883bfb10ab35d6e63a4cdc15ad2b9","1","0"
"_待确认\27_王道408\03 - OS\1-MCQ\WDOS-2027-MCQ-C03-S02-Q049.md","45156714d1d4366f6720365a61a7034400b365c458e08a6cdf21b83478b5f03f","c7fc2f0b8f24e4a3866ab710c6f89e8c722db89a891e1f09930a96d25b92e478","1","0"
"_待确认\27_王道408\03 - OS\1-MCQ\WDOS-2027-MCQ-C03-S02-Q050.md","dd2675db58e15a6768addbd97f6b756c990855e0eb8bba1d1c17fdbab0b23d95","23a89bd3f358eff385b4d23d4e39bc10bb7839fdffb687e7c95b6cd3a71686d4","1","0"
"_待确认\27_王道408\03 - OS\1-MCQ\WDOS-2027-MCQ-C03-S02-Q051.md","504eee14a80a0ea43a87bbf0201c251a46951cf084e15fba9d6618151c20a5a1","146d251511b8be2208362d90191bacb7266604272eb5d265bcb52bb161f30cd4","1","0"
"_待确认\27_王道408\03 - OS\1-MCQ\WDOS-2027-MCQ-C03-S02-Q052.md","a003d88df414c56a86cdf2a46d0a4d3c29a4cbb928459a1d34f6b1ab6916f0a2","420f26d171144f41faca3e7ad7ca544a43297139ad77e940b2ff453d5b8808a0","1","0"
"_待确认\27_王道408\03 - OS\1-MCQ\WDOS-2027-MCQ-C03-S02-Q053.md","97ede66c220731ce7692c7d1aea374284616d2e26f15b23a14c5d66908492921","5bad7d45511be9b597deea7e9730eeb273fa32099acfa4efe57801031417dba2","1","0"
"_待确认\27_王道408\03 - OS\1-MCQ\WDOS-2027-MCQ-C03-S02-Q054.md","6cb5f99a7aab24187097ab8c28a744a4860c4b688530b97395d920b49e586f32","6aa9bc43fcfbc008a979e4aa3a19ad831f30460ec6b0ba23b8f926ed663adb9b","1","0"
"_待确认\27_王道408\03 - OS\1-MCQ\WDOS-2027-MCQ-C03-S02-Q055.md","6e23ebfa53b6dca3bcf858cec68329f8ee3ee2c0c7b151d9368cff3ad6c647d8","d345fbb904d9ad58e73959ff6b333444e8a34d1f8e0e4656f624f6d500eab40b","1","0"
"_待确认\27_王道408\03 - OS\1-MCQ\WDOS-2027-MCQ-C03-S02-Q056.md","d57898333c89f208be7de016720bbd66492ffe0445e5fe9bf8b228c96d1cdca8","bb1cd63a615d253866b21051a6f0eddf64edc925a9fa6172a5566326f18b4e18","1","0"
"_待确认\27_王道408\03 - OS\1-MCQ\WDOS-2027-MCQ-C03-S02-Q057.md","200f2d49f95c7d15d9fa1293e29b8513300fe818b5dcb4421d36efca6f41dc33","1404e0bc4bb230f046fc1e543f662db4c54d93505f948f26d4704e7acbd5648c","1","0"
"_待确认\27_王道408\03 - OS\1-MCQ\WDOS-2027-MCQ-C03-S02-Q058.md","1c978318be576ea273818b92145626122f69da6315d3ddf4bb8dbb15d733e2a0","27d6223c80217dd6a1534f0abe1706dc581ede49612612cb46ae4982e99e2f58","1","0"
"_待确认\27_王道408\03 - OS\1-MCQ\WDOS-2027-MCQ-C03-S02-Q059.md","e3050df93e75d06243a01126942c433238d099478707dc97cb95a4cd1a6fcd98","85eef6d475bce95ff9828eeec79935244b92fe644da3e6d3244fd95e31711535","1","0"
"_待确认\27_王道408\03 - OS\1-MCQ\WDOS-2027-MCQ-C03-S02-Q060.md","5cea942bd47d6f0e79bd3c8193ba1c0e5ef75413c0228a20784b59d6a9bb9f4f","fd2ece9eb52c42a8210b12f627c7901de84520dc3c2c44771db2d6f3f68c9fb4","1","0"
"_待确认\27_王道408\03 - OS\1-MCQ\WDOS-2027-MCQ-C03-S02-Q061.md","378e2716f646f7c13c484eeb35b7d679d14013ff957bfcac6b7ed2985400f6bf","aebe2e074eaa2d204c15c58740eed7a1ba5b0722e578fd3673c0cffd2e25ca40","1","0"
"_待确认\27_王道408\03 - OS\1-MCQ\WDOS-2027-MCQ-C04-S01-Q001.md","2811c65b54ea1266721385e4002ed58b47fa316cdfb95a8f3c559cf72675b398","8af19009ff2bda363318efaecb6d7f9472b731262c8773d245340c9a2cbd37aa","1","0"
"_待确认\27_王道408\03 - OS\1-MCQ\WDOS-2027-MCQ-C04-S01-Q002.md","c3e389e6d435e72b6b27d02e16e2643df3ea41d06a7aa17cc6b27638342c2e3b","fb5801505f7de785a73021f55f0437ab4bad0c96268ffc7f3d708dfa200fa2c4","1","1"
"_待确认\27_王道408\03 - OS\1-MCQ\WDOS-2027-MCQ-C04-S01-Q004.md","12e29af590606c6037588fc8d1f5681237baca65ef5de592575e8b441c0360ea","f28f8d438964ae664d3d6d5bb49068b93a0b3ac97e61f516596ed6855ed85011","1","1"
"_待确认\27_王道408\03 - OS\1-MCQ\WDOS-2027-MCQ-C04-S01-Q005.md","ce0fa13126248aa6e465e091ff8de0bbee4f8ee082ffb39366eba65d8798c850","ef13476ec5e5d87705dbd30c394f0f5e63eddbcc7169f374bce416dda0f2a439","1","0"
"_待确认\27_王道408\03 - OS\1-MCQ\WDOS-2027-MCQ-C04-S02-Q001-R02.md","dd0320cb35740a186583e9244a52815b67666564c3cdcc43b22747e79a6faf86","23ff94a177af09c33cde5eca4857341488a2e1949f30273f15150cc40f5cdc2d","1","1"
"_待确认\27_王道408\03 - OS\1-MCQ\WDOS-2027-MCQ-C04-S02-Q001.md","5275eaadf360f9a1fc979cfeae193cb261089f134cdc744001e91516af2e412a","5853b20690bb0c61abf9b86f6cc7dfc52210e4e833df4bb6d787f345142d1afb","1","0"
"_待确认\27_王道408\03 - OS\1-MCQ\WDOS-2027-MCQ-C04-S02-Q002-R02.md","9bcf81912e6d3189cd2e75925ec7abdc6015443d397777c827aa9afdf5bc1ec0","20977073e558d6b8e1bdef72aa05ef58a5257137abd24e545f27b84bc2d50ea5","1","0"
"_待确认\27_王道408\03 - OS\1-MCQ\WDOS-2027-MCQ-C04-S02-Q002.md","dfebb9ac933f0637984d3434f32af5c8d6d711e3d5cd5b2df8939df49d4cfecb","011a79e2aa2a5cf76c0bf8cb1992b3ffc205281305309e598a232bdd85b6bd85","1","1"
"_待确认\27_王道408\03 - OS\1-MCQ\WDOS-2027-MCQ-C04-S02-Q003-R02.md","165ce8dfb6fc4e8a0c71088054948339359e4bdd04f8369a291123280d2d4389","af3bd9baa52a0d06c3bb740026ef29a5fc50d8bb42f4dfbde5bc0664f1d2ebdd","1","1"
"_待确认\27_王道408\03 - OS\1-MCQ\WDOS-2027-MCQ-C04-S02-Q003.md","ab65f55b54dd399f81b062b57672278c1f4034c6b1b80b24c65e04a28424279e","3dc06780193531110f148d0ade3175e8d773e6e8a9138789117f475722fec822","1","0"
"_待确认\27_王道408\03 - OS\1-MCQ\WDOS-2027-MCQ-C04-S02-Q004-R02.md","0c39332e16db1657db8e6743d8d3a06fbd0fde89cbe01e6a039236e109f0629f","2b785e41cc91eb3bb0629eb7b9d9d2d4fbac961c6db6b90ebe9f5b71a9057730","1","1"
"_待确认\27_王道408\03 - OS\1-MCQ\WDOS-2027-MCQ-C04-S02-Q004.md","a3f1ca0365e443802f9957d4981d1e7689c23c6bca6b7bbe7bc4166294a2b5d7","bd663b4ec2818751bb787fe1edb31952cdb756317cdb720ea40ec92547f950b4","1","1"
"_待确认\27_王道408\03 - OS\1-MCQ\WDOS-2027-MCQ-C04-S02-Q005-R02.md","01c145b950228cf7dd7e97452c5aeb155fa28f7276e270f57be76c25bde071cb","8acfe9c78667ad31b0150184677ac045f7f01b341107ee50548ab1e718ccb8e7","1","0"
"_待确认\27_王道408\03 - OS\1-MCQ\WDOS-2027-MCQ-C04-S02-Q005.md","32f619b84f85f683ebf7aab00dd3d49be40a8dc03ad5e743ede30d7440d99474","07ecc4d3489f03f8235b6a7850c89e9d1939c8307d937a9734e121334a63ac18","1","0"
"_待确认\27_王道408\03 - OS\1-MCQ\WDOS-2027-MCQ-C04-S02-Q006-R02.md","b0c5cb12837fe46259400283a2251a55b478daae4dc0cf60f1c137c3de1ba74b","7b0895c95a4b6f5d778c6d4a8b28bb8ef30b90e2537397908b10ebdaadd99edf","1","0"
"_待确认\27_王道408\03 - OS\1-MCQ\WDOS-2027-MCQ-C04-S02-Q006.md","ca11d86ceeb1e72bf398ece33519f7db4c4abada543e4bfaebdba57d95eee187","94f8e00ca6220f2f163b9132b90ddb846d30472c408415ef87e48783544b06ba","1","1"
"_待确认\27_王道408\03 - OS\1-MCQ\WDOS-2027-MCQ-C04-S02-Q007-R02.md","290107856cc2be52041e1a7161b741045bd6b1cefdedd26f5d622276e6c3fc4f","d755e5776231d0c6bd7ede691bf2fe5b46b07d1ae6ae45093faf9a1b43869f2a","1","0"
"_待确认\27_王道408\03 - OS\1-MCQ\WDOS-2027-MCQ-C04-S02-Q007.md","7b13c9c2f59637aa60adee1ad181d3275169bb84af8aca70e8edd1001fb00603","8ee42864ff8da3d55404f0cb8be6bc842b6af03de92b585860ae0f83292eb552","1","1"
"_待确认\27_王道408\03 - OS\1-MCQ\WDOS-2027-MCQ-C04-S02-Q008.md","4781186764c64adc58949a6d6335ce9524a449f8eeba0ed60373e9a0b64153ae","d8f282df4b7da33895c397f3838f35db1ded411b847acca36a8064b74437f58f","1","1"
"_待确认\27_王道408\03 - OS\1-MCQ\WDOS-2027-MCQ-C04-S02-Q009-R02.md","b48e96792492066d681c73ab85cd12e5da13eb98e2c149daddc7e8fd2b624478","9df253890bc283842f3b085ab1034646740e4d6f62d08295ddb1a70b7868de29","1","0"
"_待确认\27_王道408\03 - OS\1-MCQ\WDOS-2027-MCQ-C04-S02-Q009.md","67c2e64d957d92806e1a63d2723be34b03e80a9c77d532e360f7cd70712c5d67","68887298b21932f4fc36b0861e29ef50f396c48a7cf56bd29f46718598e0dae1","1","1"
"_待确认\27_王道408\03 - OS\1-MCQ\WDOS-2027-MCQ-C04-S02-Q010-R02.md","c94f94804a668c569c1197895fff09a3076b45b857879a52ad6b89921a6159e6","f7e0a508c2f8c177eea14d421077aaf079dcb652d60720dba6fa04517df4605b","2","1"
"_待确认\27_王道408\03 - OS\1-MCQ\WDOS-2027-MCQ-C04-S02-Q010.md","19fe3147ad30ce40390cb1fc3de937bfa68332d2b98c962d8e930738b06fda23","72116cbd13539c5aba61038e8ff89ffe04e559fe5b8143cbe6f103acc0a742ab","1","1"
"_待确认\27_王道408\03 - OS\1-MCQ\WDOS-2027-MCQ-C04-S02-Q011-R02.md","b80346304881ac19376b6f7f823b27101b8d6e6ac41e00c911ce4e150ab6f7c7","fd8021a1f26f88a9247aeb9084b025601671bf74b2e0bb1bca7d774c072831f1","1","1"
"_待确认\27_王道408\03 - OS\1-MCQ\WDOS-2027-MCQ-C04-S02-Q011.md","ff9f8c18b00da4420790aa00398dd2d45b8c8d7b53a5569713e65216f26f8a6c","096e4e60c85020aa14f504714877a9e4b5bc93b33e12aa830097ace16295ed06","1","1"
"_待确认\27_王道408\03 - OS\1-MCQ\WDOS-2027-MCQ-C04-S02-Q012-R02.md","d1b4d50ff656b9f189a2d9f6e45c1d5617d1dcc484e3ad776a05ef540f2e48f3","0995e44167d7d292c474e0d21df1706598f87c25128ab6afe9daf3d7f3e6e880","1","1"
"_待确认\27_王道408\03 - OS\1-MCQ\WDOS-2027-MCQ-C04-S02-Q013-R02.md","12a7e01ae5ae009ec3beed51e79bca978244f50f5c9d494f749d6dfdf3999667","b19b451b144c3563aee86f8b07421b33587a5281eaa6bd26f8089b7ea009dff1","1","1"
"_待确认\27_王道408\03 - OS\1-MCQ\WDOS-2027-MCQ-C04-S02-Q013.md","773f0bf727fb203deafec65a515d908603b180b82e7a5e90045fe5a4baedfb28","cd65b006d915561484f772758360e9d2d1eac53b4f20fbfc81923aefed8bcf6e","1","1"
"_待确认\27_王道408\03 - OS\1-MCQ\WDOS-2027-MCQ-C04-S02-Q014-R02.md","cebf00e77e48427d90025a3b9e0ad8729e32897de45cc8198f80e1acf3e6ee92","3cb3c6398114db522f36a185ef77688fb8b0808aa45adac80b052990d8155cc9","1","0"
"_待确认\27_王道408\03 - OS\1-MCQ\WDOS-2027-MCQ-C04-S02-Q014.md","9c4519bb7195fa8c5217d3ad418c573806e53f04c0dfa55ef3712dbc9de459b0","1341547baa8001c930a5aaea7f4d11b0248876903da2eb19009a314373f9b9d1","1","1"
"_待确认\27_王道408\03 - OS\1-MCQ\WDOS-2027-MCQ-C04-S02-Q015-R02.md","30b8e902d52de4d7be6de67cbdb9d3cedb84a1d2de2d26755659aa37cbd434c2","e8a390156bda8a0c63c119c567d22d5c1ae63b9812a9fda6e7f53b2c711dc74a","1","1"
"_待确认\27_王道408\03 - OS\1-MCQ\WDOS-2027-MCQ-C04-S02-Q015.md","c432c1d6b3a3575f552e00f6caa4b8cd2f5fd605c1c2ea1557c7f0a585366e94","16a326d3050d42b42788396c5d408cc37b572d956c2e46e8fc8b51fe926cfb80","1","0"
"_待确认\27_王道408\03 - OS\1-MCQ\WDOS-2027-MCQ-C04-S02-Q016-R02.md","b39fdf8e6f36c8d846207c82cc09ff7e4100499c4e45e9fc0ac85d9652d8c345","03cc062fccdcbc1a7a76bad170dfc0227ae69eabf90c8c601879f2b0bb265146","1","0"
"_待确认\27_王道408\03 - OS\1-MCQ\WDOS-2027-MCQ-C04-S02-Q016.md","adf0980cff6876948103932b8c6b15efaf5dd3f30d35c2952c6ef5b0a10bd1a9","bc8dd82fe7e633386eb081903692e504bcaeb7580d00d5d025bf84dc71e95c9e","1","1"
"_待确认\27_王道408\03 - OS\1-MCQ\WDOS-2027-MCQ-C04-S02-Q017-R02.md","58bc9a5dc8b1ce5a2e8b33d317cfc7290ec5da64750e89cf29e53400677a71c6","73699b83cfeac9158348ea4ac2799d0f9809d3e389788e9104c669ab19da0690","1","0"
"_待确认\27_王道408\03 - OS\1-MCQ\WDOS-2027-MCQ-C04-S02-Q017.md","4b5c1c6bbbfe5264d8a8300f404f8c1e5045a768395e5d0c42f66da3d2f38620","6d65eaa0b040939c157319f193d5336850cd482bdb87768fb82325e1fed8674a","1","1"
"_待确认\27_王道408\03 - OS\1-MCQ\WDOS-2027-MCQ-C04-S02-Q018-R02.md","ec708a0af50aa7562721def56ccd6711c69d27671df1bb1fe2ce10359d30cd93","4566f4a48e9c6cd47501df4cd5675028d735d66b5cec4c113f468fecc8b45a16","1","0"
"_待确认\27_王道408\03 - OS\1-MCQ\WDOS-2027-MCQ-C04-S02-Q018.md","9850392b1e4c29d1afc9635e91f829715e3358abd1f09ad099c1ba55060c596f","ebbb475e5b723fa77df48109af743cf9ecc62048c49fb0c891c7369ac8fd9a50","1","1"
"_待确认\27_王道408\03 - OS\1-MCQ\WDOS-2027-MCQ-C04-S02-Q019.md","5e76092ad51137d6310cef46e2147631cef6e819e90dffeb81196164d91c0952","a0b9fa22eec788bf8b0fbcf47a1dcbcee902c188a98ea89e45bbc22b59594853","1","1"
"_待确认\27_王道408\03 - OS\1-MCQ\WDOS-2027-MCQ-C04-S02-Q020.md","056dd8f2d57cfb67493cd384b8d1b85f2ee7047585ccb4fabc3f5fbb9a7dcdfc","97b5ab82f550f679b4c577da5a4cb8a6849e4ecb59e6b6a77f1636a67a7ae07e","1","1"
"_待确认\27_王道408\03 - OS\1-MCQ\WDOS-2027-MCQ-C04-S02-Q021.md","ca7f4c3cdd5c225d891bd72d4e2dc56f66f4afbe2a3e2c2c535a5fb187a438d4","ead2d857ba3c05c1ab3fb927cac2fe383e119a8fa66e359f5ca92a720f2681d2","1","1"
"_待确认\27_王道408\03 - OS\1-MCQ\WDOS-2027-MCQ-C04-S02-Q022.md","67583c852895c8a7cc9f7c53118f4200e230ed182590249d18c28d54daf9f90a","670b9fec35c6ec4b46dae3568ad1c88be1b278c1f69f87c96511d01ebb2ead12","1","1"
"_待确认\27_王道408\03 - OS\1-MCQ\WDOS-2027-MCQ-C04-S02-Q023.md","df28ed25ad8f41103af4b2d8a51c0e4ff9e3438ae1bd2a17a0a347f64fec9bcf","bdbeca8d14eeb8f0e6e71a6fa20349f0f965b290f6470364206cceb312111d8b","1","1"
"_待确认\27_王道408\03 - OS\1-MCQ\WDOS-2027-MCQ-C04-S02-Q024.md","ad7c6ca3592ac4be353779214cf32701e896a33e27565c59993aa6202b77bc4e","b8c63de2e16cca7d2be3de2b74e7bd9a60af13abe912f69c39a291e19f69970b","1","1"
"_待确认\27_王道408\03 - OS\1-MCQ\WDOS-2027-MCQ-C04-S02-Q025.md","a05b1cae8f3ac622d5c025e92b20e97cd2b12263d155592c0318badb393a6682","c7430f020ebd269dd412085ad8cc5d8c5fae38343144d80cde9cf57e0fcdf9aa","1","1"
"_待确认\27_王道408\03 - OS\1-MCQ\WDOS-2027-MCQ-C04-S02-Q026.md","3d4d4206c02d27daeeb0449a99e5e6d6b31d63a464bc22d191e73d22b174025b","c55c2d5633863ba4ce1de9a77ae603dc7ed7b8843408fe4f7d8e3c724a974a9b","1","0"
"_待确认\27_王道408\03 - OS\1-MCQ\WDOS-2027-MCQ-C04-S02-Q027.md","219efb24143e061f3ac416141443c28aa6706a76612ab8f6c0416dc2daba44f7","7f3f848bb01e0bc9a83a9accd0ec8aa7358a6dac2de360622423ef32bcb7fcc6","1","1"
"_待确认\27_王道408\03 - OS\1-MCQ\WDOS-2027-MCQ-C04-S02-Q028.md","d4d4c5a063454916108e244ba4cde1dd7d1d5bf7f30727b8a70b93b436db8a11","50c54f2ed003464c3d7e2c1dd0eb8c2be5eb3731d9415986f0094f21fd64ec4a","1","0"
"_待确认\27_王道408\03 - OS\1-MCQ\WDOS-2027-MCQ-C04-S02-Q029.md","7595c3839e0386323bfdd88801028a17080c10731dc53cf2f06e3d40618643dc","c91f58ae74930dda4d1e21b12786fb2ceef3a6b934260c16401852afb2d06154","1","1"
"_待确认\27_王道408\03 - OS\1-MCQ\WDOS-2027-MCQ-C04-S02-Q030.md","f5bcc3992dfbb93cda5df6307f18500f0d8aba4c0d8c9aeaacfce303f9b8c8fe","2d025d00ccf1e17082d6dc156576e23989ed42efa528cd9d4217bb4ada64bfef","1","1"
"_待确认\27_王道408\03 - OS\1-MCQ\WDOS-2027-MCQ-C04-S02-Q031.md","2977b66f05444e23ccdbf042a0ff6049fb1b89b0aeb9885d4bd9db5ac51e6f8b","71f271430e651b7ca48873bc14f4e7a4854b31cac026036dae1601adf69ad1af","1","1"
"_待确认\27_王道408\03 - OS\1-MCQ\WDOS-2027-MCQ-C04-S02-Q032.md","5b185ce7a59f9d970f0b583480586818fe85a162a84c3e35ab3250364150faeb","c3e10f9ffba6201595b73b3f06a5c2c8271466812a21dee75ee29658355c4751","1","0"
"_待确认\27_王道408\03 - OS\1-MCQ\WDOS-2027-MCQ-C04-S02-Q033.md","fe8f50adb7a0b0349d335c4412047f0a906b0208dffaff7283d4263dd0b9b8e9","97d42a14e441eebfb76802a85488f2e78c31cd041e1b5693fcba0ffdd9017de1","1","1"
"_待确认\27_王道408\03 - OS\1-MCQ\WDOS-2027-MCQ-C04-S02-Q034.md","eaba5c487afdefb12deee6a15fb5b18f6346044212283933e7c129db4eef9393","631c3c851c9490fc7364d93785d733c4fb6c84a8d6b045e387b257daef365a19","1","1"
"_待确认\27_王道408\03 - OS\1-MCQ\WDOS-2027-MCQ-C04-S02-Q035.md","9744576952d81428df3a40420c9208d4c768383fcebdd7671ea49c0fb8e8e726","6a58167dd237b9636e404ed35edc733c3037a4a16e93b89627b516fa4881f1e9","1","0"
"_待确认\27_王道408\03 - OS\1-MCQ\WDOS-2027-MCQ-C04-S02-Q036.md","b12e073295ee79c04b0b8c0e3d02efdfbe2d5aa4e6cdb96e2711e9cc5523a298","55adeee2243b8d79bfb2b6752f16253ccc5cff034d5952814a929ec1d177cd1b","1","1"
"_待确认\27_王道408\03 - OS\1-MCQ\WDOS-2027-MCQ-C04-S02-Q037.md","ff366e1b60179a44f45cd9c62d15bc7cfb39dfc21c9946d425143c08b9e90599","c8503221c73b751a9b76bfb11a0fc5cae167c8b3559fc806cd1b4cfb393477c7","1","1"
"_待确认\27_王道408\03 - OS\1-MCQ\WDOS-2027-MCQ-C04-S02-Q038.md","55ae869143d3d21cd4f412d2965101628818f8b4db7d21099d8b401c1597ffa8","b6fb6066275d28ee754d21d59903880602d30616c35215dd47ebc5539b48449a","1","1"
"_待确认\27_王道408\03 - OS\1-MCQ\WDOS-2027-MCQ-C04-S02-Q039.md","950d6f604489e63bb1d79d1652f1ad223dee7dcef4ffbec8ccbd31fe804a3a2d","7eec12b2c55a86701427210dd08a7f44d5214c7b5a96f9d214688e7a37bef4e8","1","1"
"_待确认\27_王道408\03 - OS\1-MCQ\WDOS-2027-MCQ-C04-S02-Q040.md","0271f44a9d01ae0a7c44a0696cb5bd9a42bc9a856167cd676675bc6d085e3034","a7f8e9b5cf9d084cf35a3e39f224c098d0b061265fb71101ef0cf14fc20d7267","1","0"
"_待确认\27_王道408\03 - OS\1-MCQ\WDOS-2027-MCQ-C04-S02-Q041.md","9f28609a3df6a1cf87a64973d81266dc877cd3af8438c115b1280040c316e070","fcf94675d052ce69c6bd45076179dbbcdcb0575d52aa2ab7ab0f36c72b48501d","1","1"
"_待确认\27_王道408\03 - OS\1-MCQ\WDOS-2027-MCQ-C04-S02-Q042.md","b2fc39f0450716e85bccc11c841b0f01762745f8cadad585804d57ebf2349d9b","d599826d32f3736350c4b843ef2915a71c0c87b80a74f57f56e8ba93c447a2a1","1","1"
"_待确认\27_王道408\03 - OS\1-MCQ\WDOS-2027-MCQ-C04-S02-Q043.md","7a7a7b1460a9653f1b72a7b54dc49f604d27e5ab65319007b1b54fec6f00c3c4","5f77132bb8f68a3c307e76f64ba41f76664022990f54ff70741ef874e02969ef","1","1"
"_待确认\27_王道408\03 - OS\1-MCQ\WDOS-2027-MCQ-C04-S02-Q044.md","8c421bbee9eceaa3e78d249967338e212c8815ffe591db79fded4e8502a83a68","792497eba6b2e771587ffac840c06f8d9d7757ef18e1028d72047e96f1274ba5","1","1"
"_待确认\27_王道408\03 - OS\1-MCQ\WDOS-2027-MCQ-C04-S02-Q045.md","8be420d39b10dfc9ce6874f13d24d03787c2009bea570e462d38fa89e4bf29bf","cef06ee7557d6caebb2ac057f5d352e37b553b0197b2575f01a712dd31d4e6c4","1","0"
"_待确认\27_王道408\03 - OS\1-MCQ\WDOS-2027-MCQ-C04-S02-Q047.md","4caa29bd79c6459a19de95a970ce93867bef92d2ac09ee4d159653f0107b9198","26ed89440984f874c5f8d2ef0a30047ff2d2bd6bdda37bcbc7a1425fbd30c445","1","0"
"_待确认\27_王道408\03 - OS\1-MCQ\WDOS-2027-MCQ-C04-S02-Q048.md","3201ed2a64c0cd6d9d7400f1039a616abfc0418c1dad1047eaa48fe4f2163c36","d27841f50000e23dfff278bff86085e8304a90c26167cd0d28300975d52f2828","1","0"
"_待确认\27_王道408\03 - OS\1-MCQ\WDOS-2027-MCQ-C04-S02-Q049.md","f2663ff1ac887a56bf9e5cb6f441618cc2919c44c483fe8ac19d719f8a732118","2cb1dc4204b19877f4b8ed7acb6097522a31e8ba5ff65a3413fde13d6cc3a79f","1","1"
"_待确认\27_王道408\03 - OS\1-MCQ\WDOS-2027-MCQ-C04-S02-Q050.md","e60a08b9b793accd30582b0e53ed26d7dcd650d33c051219d2fd1c5aff00689f","9b686dcdb76c9b8f1fa086471571f93bc5d746984bc28d66d6ca86724476c72f","1","1"
"_待确认\27_王道408\03 - OS\1-MCQ\WDOS-2027-MCQ-C04-S02-Q051.md","17ff99ed4ff2bf4f9aa311f24c09696fa22f02d715900154b2d5f4312a13500d","de11eb4f0272804236b1bb43a3445004890165ee8616dc9d16976ef00975722a","1","1"
"_待确认\27_王道408\03 - OS\1-MCQ\WDOS-2027-MCQ-C04-S02-Q052.md","650091cdab9306a8d90389fa52ca3f30f40e9070580785c24ea76b1f6331db0b","3de95d06e72c407923c0a0431e3805acfbaadbbdcd327f4570de280a13035044","1","0"
"_待确认\27_王道408\03 - OS\1-MCQ\WDOS-2027-MCQ-C04-S02-Q053.md","4d64a8955f549e1aabd22fc147bfa3d86d62723a74fce2bf8bdbc754ae06aed6","28087688b004a10beb1d9828339d181774f3d0a9dd5e67946e95a2eba63e703b","1","1"
"_待确认\27_王道408\03 - OS\1-MCQ\WDOS-2027-MCQ-C04-S02-Q054.md","407eaf7a16928422b521b634ef647192fb42ef896647d5f07766cd6b6a91a730","c2de43e195b1b85e6be5c22bd01f4a8e6e2d4c6f45a05377fd250ff269afeb65","1","1"
"_待确认\27_王道408\03 - OS\1-MCQ\WDOS-2027-MCQ-C04-S02-Q055.md","951f092d32644deb734538644cd45f188006e0505097a35f930bdd97235d2d88","4c9b2cf0a515922ffb91a0350b93effe90e4510dcdd28703bf62cc8d34567fc8","1","1"
"_待确认\27_王道408\03 - OS\1-MCQ\WDOS-2027-MCQ-C04-S02-Q056.md","b662f66cb27c345e0cc9f147c79c51c1f9d8afafc872eac8c37d247f13542133","855b1320ec8b918521410811f34aad8f1dfa032bf638b5b116199fd5dbf265b7","1","1"
"_待确认\27_王道408\03 - OS\1-MCQ\WDOS-2027-MCQ-C04-S02-Q057.md","0c46a32e953f7c2b78c3642dab661fef2dff8e0fc2a741977fac9eabb969981f","05d1597a3ceeb35fcc2b3a7ac9239bdf4a96257f5b954dde448fc38662db5464","1","1"
"_待确认\27_王道408\03 - OS\1-MCQ\WDOS-2027-MCQ-C04-S02-Q058.md","1023a8f88b1f745f9e03e41ae7066fc5e39ae31ee787579ab2e97e0e35b8a5d3","f4d3bcd496ece889370701a1c6d1cb20ce8416ea0223eb8a3ba47256051f056a","1","1"
"_待确认\27_王道408\03 - OS\1-MCQ\WDOS-2027-MCQ-C04-S02-Q059.md","14d43a329b1b370f4e9908dd1023ce3df0aa445fa05a5c63a4a27dacb9c06e61","24afb1730af21b817f2f963897a4b7a50da271f5f04452ba7ca7708acd1337d7","1","1"
"_待确认\27_王道408\03 - OS\1-MCQ\WDOS-2027-MCQ-C04-S02-Q060.md","1f1da2b6257810438f3306ce193e023829939e85307981acbbaa8e071ee166cc","fbcb35e76acdd4267aae64e993d083eceaea37b4932af6356c94b63d3d1afb50","1","1"
"_待确认\27_王道408\03 - OS\1-MCQ\WDOS-2027-MCQ-C04-S02-Q061.md","4b946aebadef4139dd7a47d43ad5bde313b37312ecefa479dc7e991406c55f9d","131d214b191b623b7ba9d10cf65d906a3256aafd7bc352e53760c62da4c4cc7d","1","1"
"_待确认\27_王道408\03 - OS\1-MCQ\WDOS-2027-MCQ-C04-S02-Q062.md","608074ef8f00a4f9598bafe2474918c4f3629aec79676c68232029ddf8df9921","c8e9a43b1dcfac5c6dcbf4133dcec1ea88650ede65f2fa9218d46a0995f39220","1","0"
"_待确认\27_王道408\03 - OS\1-MCQ\WDOS-2027-MCQ-C04-S02-Q063.md","6dc9e525a92a2fb810e38fc22c732e8c5e020d70a8fa5de8ca80a652f7312177","0085d694606c733cc1f6b3bb33feb6c679e87f81bc34c19eb23fcb42d04e67b3","1","0"
"_待确认\27_王道408\03 - OS\1-MCQ\WDOS-2027-MCQ-C04-S02-Q064.md","c9a892ca48936153aac4c43ac9ddacb26524ddef4c80c75d9b7344fe2707159b","266e508d423466b22a7628c3ddef225895c5549368dd9a654ec00b2ef3e1c496","1","0"
"_待确认\27_王道408\03 - OS\1-MCQ\WDOS-2027-MCQ-C04-S02-Q065.md","5d5ccbe5fe35d89e80e40dc0de766e4ed2ca9dddd47b1b8aba3932efb7874d57","1bd81e78350b76799f99fe3903de54bf4787bbcb6081702bab12e7c5508bc19b","1","1"
"_待确认\27_王道408\03 - OS\1-MCQ\WDOS-2027-MCQ-C04-S02-Q066.md","7a570eaa6caeeee2554fde60ba0f13c54b7d686fe74df390e7c8fef3dce91bb5","8db380bda302d44cf8a23a31b10c0686c6916b4e79e15d81a3413b34c87e8aac","1","0"
"_待确认\27_王道408\03 - OS\1-MCQ\WDOS-2027-MCQ-C04-S02-Q067.md","60805cf31317eb0dd14cfdd090a8d333bdb58ef3aff34594a4ec22d9e9b9d9d4","e20d3750ae7f7b2fac8e13abc089bc05904514d8b1debb5fc0ae65e6b84cc7b4","1","0"
"_待确认\27_王道408\03 - OS\1-MCQ\WDOS-2027-MCQ-C04-S02-Q068.md","b0595b780d98dc5e08171d0341504d833c2bf82acd8136c5960b613e5fa6e4f7","af91427e4fa13de8e07f9f334cd58216c47e8ac2f8a2c397d1f7a0974e6321d9","1","1"
"_待确认\27_王道408\03 - OS\1-MCQ\WDOS-2027-MCQ-C04-S02-Q069.md","c5bfc7cc6ffcc29c479cb6d6f35c40448ebbb45091cd2a253bb547b0e783c297","fa35689029d80ccc362f24c138980ebeefc5d2e461e497b46da1362734a26879","1","0"
"_待确认\27_王道408\03 - OS\1-MCQ\WDOS-2027-MCQ-C04-S02-Q070.md","1d9df741d2f47406e509a10a29969f77889f60cb7707ff7ae28cd0dbbc266b49","69f12c7a65e62b403c3e68eb4bb177f30f0363fafdfcc210045482e9c4373325","1","1"
"_待确认\27_王道408\03 - OS\1-MCQ\WDOS-2027-MCQ-C05-S01-Q001.md","04ee648a85125da6de3ebf1f5d7670b88eb6476ef94a1fbc8189b21f2a0de82f","ab4f7cfbedc3beb29a91ed85312a9dc364b5d76a3296106482c5c55a44340330","1","1"
"_待确认\27_王道408\03 - OS\1-MCQ\WDOS-2027-MCQ-C05-S01-Q002.md","b3eac63fa9ccf7ecb5e830ed2e024e7215ba71c5680d55776b7731bb3d62ef5c","bb90c346db80c96e1b9a7c122290f7b99b2fd5efe1eb5bab1e11c642d6e66b96","1","1"
"_待确认\27_王道408\03 - OS\1-MCQ\WDOS-2027-MCQ-C05-S01-Q003.md","c065f13e065ab10b63aeae0e6a4c0c9c6937988946e5f735cc68beeb1ab59cff","b4cc487eceb11c89a3f00bd8ed84a588421f07d4bc8fabe6e7e86f7733a08a9a","1","1"
"_待确认\27_王道408\03 - OS\1-MCQ\WDOS-2027-MCQ-C05-S01-Q004.md","f680ac6a70658f1f0517d81ad660c910f1f0db6c2a5785d28d529b65275f3c0d","2f9a5f466d9b7e384f1b792e7810dc871879b7084b60266ff84a41e9e5521d03","1","0"
"_待确认\27_王道408\03 - OS\1-MCQ\WDOS-2027-MCQ-C05-S01-Q005.md","79635b6180019a8e3f380f8189bca435cdd25d61f4d02d36dfc24b0e7888950b","b27378af27751c99ec7ede7d0e21a4e0c406e16cbc91bcdb6e5e0f19bcfd99ef","1","1"
"_待确认\27_王道408\03 - OS\1-MCQ\WDOS-2027-MCQ-C05-S01-Q006.md","5888da2e4b64c0b6c26bc3e4f33c4bb017135e50e7450350f13df4f94ad5e580","00dd1905c0d438bcfd4333cc8aef9491ec1f88bc293d6f74be2c28d7590583e6","1","1"
"_待确认\27_王道408\03 - OS\1-MCQ\WDOS-2027-MCQ-C05-S01-Q007.md","69103e3901743b21a7911be4c99098e160d44c5ac441b1a2938e51e58b22cf8a","af70815ce9a5cd36f97000a640319dd53f692adbd03d83d6870bd9e967fdfc4b","1","1"
"_待确认\27_王道408\03 - OS\1-MCQ\WDOS-2027-MCQ-C05-S01-Q008.md","2848ec0c23fa79f311a31da53c37b2040db483b4c50a7050e1fe19ec103ebeed","2f8df0f0b524a7e16b97db19e4650431569dc2d2a31f1cd61c16ab472bbb0922","1","1"
"_待确认\27_王道408\03 - OS\1-MCQ\WDOS-2027-MCQ-C05-S01-Q009.md","f96bad7be33045816fe3757717e4348dc54e3474b2305eab689741323e3770d7","e6360b6e763c62d0af2bf6d6e14f02758a19b13d0b55a964fdad47981a04893b","1","1"
"_待确认\27_王道408\03 - OS\1-MCQ\WDOS-2027-MCQ-C05-S01-Q010.md","5703d466101ac4272b5174bc983b0c1756fd06c3be16ace40ddc7b5d05ba05bb","a78c6a8685c7532c750e43c6dcd21ecd13514a58676506dcc233d0e91f19d472","1","0"
"_待确认\27_王道408\03 - OS\1-MCQ\WDOS-2027-MCQ-C05-S01-Q011.md","f8f010d011fa85b1eb1e9f12dd7ae5e5001a39e524ef754a6f36d76eed5dca24","2e996d3cb8b33e2500b266db144d8f11fedfdf665173224e55fd22d0ae51bf75","1","0"
"_待确认\27_王道408\03 - OS\1-MCQ\WDOS-2027-MCQ-C05-S01-Q012.md","a78195de34b0bba11e99eb954cb316616d03912c8b15ba54becbd953432c3e39","7aa95527f63ec2391518a7aa8ac91797cd6c84c2525c77d919887a6c2cf5bc6c","1","1"
"_待确认\27_王道408\03 - OS\1-MCQ\WDOS-2027-MCQ-C05-S01-Q013.md","2217194b5417a214c4e50e3157b32c2c913d2289d981ef3303190a0ac63dca6c","9db9e7228f4e22f6cbebbf83af084c95008e0b5e47f1c26474db0f720ee1a089","1","1"
"_待确认\27_王道408\03 - OS\1-MCQ\WDOS-2027-MCQ-C05-S01-Q014.md","d11931988a528ae4821bfed2cb4bb3ae09ce4a7da3cf478e05f51dfd4ecd8a80","544f2d1491c8fb2a4c972b0113244d69d9f4b0d4689837107d90e28db26c5f25","1","1"
"_待确认\27_王道408\03 - OS\1-MCQ\WDOS-2027-MCQ-C05-S01-Q015.md","12886ab9865034e7fd6ff5e7f279567a361e16de7a2439d4d81b6cfc008117c9","e255f816a4abb9c7d8ebcee031ef6a1c4346eb8f1c2b120938c0c5546aa3b38a","1","1"
"_待确认\27_王道408\03 - OS\1-MCQ\WDOS-2027-MCQ-C05-S01-Q016.md","0fb8d34f7b1e489e8fb12a08ffca94c0ac2d19bfa327404d6de20b18b1331b0a","e56ef0c05ed1bd3da8933fa4b84d7be7946d88b3a8a6e4e94989aa2efc65829e","1","1"
"_待确认\27_王道408\03 - OS\1-MCQ\WDOS-2027-MCQ-C05-S01-Q017.md","3e95ddd7b0759745007317344ef9b0de917ddde5b49c7b5ad27769cf0cd0b21b","5c0a416540e4d81a655380cf0cbba624960cf07a4fa200169470a25122143ff4","1","1"
"_待确认\27_王道408\03 - OS\1-MCQ\WDOS-2027-MCQ-C05-S01-Q018.md","2a71c191b201b2665c699f834fed274318aeef90a372e7bd4d80878b0710bbba","b619d11045b8b9035c2c89ff71d172299f0a43e86a3d5952522dfef0c33ffed4","1","1"
"_待确认\27_王道408\03 - OS\1-MCQ\WDOS-2027-MCQ-C05-S01-Q019.md","96e3ed26507d50fca696fde57879f676618cb73647e48c23cb65eaab8b0b3e0c","9a2aa3eff2781f9f5282963ff4b848ec819b488de66a4fe9317037743215bf08","1","0"
"_待确认\27_王道408\03 - OS\1-MCQ\WDOS-2027-MCQ-C05-S01-Q020.md","0d30d68dc3b786001da23f783a1edacbac08581d116618a18f6a312a930400cc","8d5666673b13ea8192b1c0e483cfee40326539f13bb881608db10e09fe191663","1","1"
"_待确认\27_王道408\03 - OS\1-MCQ\WDOS-2027-MCQ-C05-S01-Q021.md","29708c6175e3fb1efc31bf3395a716943eecc5f546aa3295ee025b4226556d02","a51255b850dbf5ab4e52c02e269fb7ea141e25c37a8e0e843c5b5e4551b29c3d","2","1"
"_待确认\27_王道408\03 - OS\1-MCQ\WDOS-2027-MCQ-C05-S01-Q022.md","d738f9f63f2dae0b2ad99f02a1f342bd26bbbde9fe288a358fcee3bd66db0d45","f2cd88cf8c218fbbff074f7a99034c85f83a8cbbb37608503d45104b11681728","1","1"
"_待确认\27_王道408\03 - OS\1-MCQ\WDOS-2027-MCQ-C05-S01-Q023.md","9e2c4cfbb96bf51076b2a8aef13c844bcd8f97c718bfc85954de9298a26e0aec","047c189f7f19a33d67e143158f7fb6cf4e6e95811a5927fae640326bdbfd2472","1","1"
"_待确认\27_王道408\03 - OS\1-MCQ\WDOS-2027-MCQ-C05-S01-Q024.md","ab423c517d1387c64881d28cdca782de9582091b54cec721f6bab50686f770cc","405afad0be19013ffecac924dfce419de1259c937e90b18698495b25d655abb0","1","1"
"_待确认\27_王道408\03 - OS\1-MCQ\WDOS-2027-MCQ-C05-S01-Q025.md","8ea5f4f9c37877f699769bdcd7047adf4a4f8ce17a750a1c5ce76f195069e839","c14feb9f39260e2369f1801970cb5fcb59b5d65abaa20e9bfd20c877b368741e","1","1"
"_待确认\27_王道408\03 - OS\1-MCQ\WDOS-2027-MCQ-C05-S01-Q026.md","8c44aa0c21e0db118cae325be48a492edb89e1c7458ef6c29910e7d3b8cfe344","083682c3ba8939b5d0679fa2d8d4f3e27a35a5e8f38a9a132db581859a69ea40","1","1"
"_待确认\27_王道408\03 - OS\1-MCQ\WDOS-2027-MCQ-C05-S02-Q001.md","f2010ce0ebe665c2cbd8d7728a914b2836be7555bd4bfc93c3afb3e3a9092227","4a8713dc5365a4f037534ff3bf92b93afaaa236f0155174b912e791d9766742b","1","0"
"_待确认\27_王道408\03 - OS\1-MCQ\WDOS-2027-MCQ-C05-S02-Q002.md","31d957cd100a49de489364a4878e99b356725c220c555698c5c6631460572f14","19f96ffdbc91364604e74f25f8dac4c2d830f92071582e9d0fe403bbe07aad8f","1","1"
"_待确认\27_王道408\03 - OS\1-MCQ\WDOS-2027-MCQ-C05-S02-Q003.md","6ba3863f3c5398b206b103fc05f43075109a8f3331b3b2814082d124c4e19520","e45b99aeb7dc69463ffb26945d0281065b09bc6d9cc56fd78aea502df87f9d16","1","1"
"_待确认\27_王道408\03 - OS\1-MCQ\WDOS-2027-MCQ-C05-S02-Q004.md","dd7260bd69946811b9d667470fde28e263cd19595c112c8b3c1caba2e0ec3773","df3ca81a429230b17810aa0fc9b25dc6fc176c355c957fdd7df9a750ab020d04","1","1"
"_待确认\27_王道408\03 - OS\1-MCQ\WDOS-2027-MCQ-C05-S02-Q005.md","f0d1cfea5f6a3c3d64ccdcefa3cb531812e11066bf0ada9b00801c1ffbe3f4ac","43ad02465228a450900aac6808b8991877614067799a6f858d95069f3cc573e0","1","1"
"_待确认\27_王道408\03 - OS\1-MCQ\WDOS-2027-MCQ-C05-S02-Q006.md","6dc748dec18455827f4a7833ff297d38ec09559d295890ef800f6479dcafe34a","b68df4716836daa3a0136644e07d52e709bc01f4848804f5d7384a3ab401fd24","1","0"
"_待确认\27_王道408\03 - OS\1-MCQ\WDOS-2027-MCQ-C05-S02-Q007.md","f7e5f20cb593d9fca79d946df2b36ce804d8afe3ada4a640ff225480d7b6f3f8","ca9c1abffb3ac93b97dd180d080acb455942ff7d9a1e0ab1bfa14b6f017d8960","1","1"
"_待确认\27_王道408\03 - OS\1-MCQ\WDOS-2027-MCQ-C05-S02-Q008.md","4d3baae7d0de95e5d5b440ca9f85eee3b8e39639656a6793e93f423fcb1e4ded","513bfa2edd181362a96ceb9666ccb8060462ab3df108d028b10b3bd187ef01ee","1","0"
"_待确认\27_王道408\03 - OS\1-MCQ\WDOS-2027-MCQ-C05-S02-Q009.md","dc91dfedd4632479e3e2b0b52b1250f0eec6ff7e897dfd2989556545776f2c6d","7341a467b78dc2625d974efc95ce299f56c412ff49c898dd854d05763b04f4c8","1","0"
"_待确认\27_王道408\03 - OS\1-MCQ\WDOS-2027-MCQ-C05-S02-Q010.md","827e60a07f09d75e081415f300881b2d9619537f32ff004cb04ae38e2e30e822","c8225349abf56c07bb6c79ef69be17de97275b0b5063aa7a0b965ab21f27a89f","1","1"
"_待确认\27_王道408\03 - OS\1-MCQ\WDOS-2027-MCQ-C05-S02-Q011.md","fc1078f1e92b2936f85292d03b2753cc6c96f4f6f6a79589dcb2ae9c27f67eea","a92f52427070f6425f80120aa73af9eb95b4880204f9b249ec5f2b770e6823db","1","1"
"_待确认\27_王道408\03 - OS\1-MCQ\WDOS-2027-MCQ-C05-S02-Q012.md","acf477f48c4272855218de9c18da3e979401603fbacab5245fab1bb5ac0fd12b","29c759b16c1838d62f8b0a2e6479dc0c4ae93c7e5cdc14efa6bcc66dca5874c7","1","1"
"_待确认\27_王道408\03 - OS\1-MCQ\WDOS-2027-MCQ-C05-S02-Q013.md","84678e5295827384ac76a702ae99a76211d4699eba68c56bd6b4e20067dcd576","88e2c5022365880d8da516790a0d2a4b770d5b964fd3737ba2b2c55d53ff5a50","1","1"
"_待确认\27_王道408\03 - OS\1-MCQ\WDOS-2027-MCQ-C05-S02-Q014.md","a28deb643c4b807a164814568bbebbaaf4521d6d0ae19f721a3fa0aae607416f","e451577075ae2108a260b53d53678a44f81c15f607b2a9d49bd7691c4462ca12","1","0"
"_待确认\27_王道408\03 - OS\1-MCQ\WDOS-2027-MCQ-C05-S02-Q015.md","866fc65b6e4bf1a68e9c66f21d438f27c5107d142e4d1b137cab92db1adb8927","7d58456e7948e9ce43be358ee2142c3e74b3b28e591ffa815e7d0cc822357417","1","1"
"_待确认\27_王道408\03 - OS\1-MCQ\WDOS-2027-MCQ-C05-S02-Q016.md","be0de1c7c05ef2dfd8b6286181ca58fe12106b033cf2e4099f9c3b307544b130","be8b04249bb8d4c5c017c60da1739e5705d77231c61b1d43e92268de967edf96","1","0"
"_待确认\27_王道408\03 - OS\1-MCQ\WDOS-2027-MCQ-C05-S02-Q017.md","a389edb4fd2f90ab5008b7c767cf36bcb5599faae9888af5bcf0a62d625a41e0","4200dd2f4115505eb933e0439c515b40c840cc09f252ba4d65cdf3c33d582b41","1","1"
"_待确认\27_王道408\03 - OS\1-MCQ\WDOS-2027-MCQ-C05-S02-Q018.md","cab1079e2be90daad9ad3731be5d4efc1997eb686f723bb9b6f4e4d52875c8ce","0f6ff7dbcfc5b6d89b588ac9a6c750a60003d5d89aa4e879f63fd7cd6d86d642","1","0"
"_待确认\27_王道408\03 - OS\1-MCQ\WDOS-2027-MCQ-C05-S02-Q019.md","120ab2442bb282403de6aa85d1bf728a47f94809c85b2534a0998256cda87472","3e3726ec7b500c96a1cae91731007593dbce57aa364598b01c9a0d9589c73e85","1","0"
"_待确认\27_王道408\03 - OS\1-MCQ\WDOS-2027-MCQ-C05-S02-Q020.md","9aebbe25c133df5819f5eb0a1c186dd3ddf8e295a10d397dd059a9e90fd5ef4c","9924a37e95d720a09b6068d68ac8732cb83561c75b99ba98ed4d750fe06a0e8b","1","1"
"_待确认\27_王道408\03 - OS\1-MCQ\WDOS-2027-MCQ-C05-S02-Q022.md","e85245364d6324508c134058591237add2a67257554aeef3e2c0ed65d59cfc57","063660caa5a8f39632d87092f0842dd9a719ed5cd875348e5a22c40dbd314e61","1","1"
"_待确认\27_王道408\03 - OS\1-MCQ\WDOS-2027-MCQ-C05-S02-Q023.md","7551094aa9e05c798cd8c3af735e4fdf2bd65111b264254f32e9ea3c7f2bd9d0","53002edc3817bbcd3dbedbe3943d350d1f0d8f20e7e8e20ddc4f2d31139592e1","1","0"
"_待确认\27_王道408\03 - OS\1-MCQ\WDOS-2027-MCQ-C05-S02-Q024.md","b4d3a167e8bbd8193a399daca1860166070aab53bb59cc9b13f831236b7d3f40","38588c5265435978c77034ae9f79a155256678a5d7fc13f97a6bedf5dbf703b1","1","1"
"_待确认\27_王道408\03 - OS\1-MCQ\WDOS-2027-MCQ-C05-S02-Q025.md","2b4136906ad1e42e02d918f83eb13266c3e87420831ec31b94c58310fa5eef6a","7dbc7b77f3b0bb8c3fd98561c04818ef3fe734d3193ad9eb7860df7f44287147","1","0"
"_待确认\27_王道408\03 - OS\1-MCQ\WDOS-2027-MCQ-C05-S02-Q026.md","78a95534ba3ba2e0687fc094c4ca8f8bba3e63daf7bbb49aa783d98ef425e985","6f4cfcca3c297e64a3dde0e5765cff18c02895f31e304e918514f526a7d14d16","1","1"
"_待确认\27_王道408\03 - OS\1-MCQ\WDOS-2027-MCQ-C05-S02-Q027.md","5e9bcbbe7760f067d71ed98473e1e0e3210e66805d0a61219ed5863f777c1f74","9ceafa8e4f718bd469d36f34b3b757038d56ea63555d6eb00ebbf470536ce8b8","2","1"
"_待确认\27_王道408\03 - OS\1-MCQ\WDOS-2027-MCQ-C05-S02-Q028.md","351002c7a05cfa9be826c2dad04ce85118afc017a48acb1f85384419e460a8a0","372de193bab9ba8021320d49bb15d086c0076fb964901c7d0cf476525079535f","1","1"
"_待确认\27_王道408\03 - OS\1-MCQ\WDOS-2027-MCQ-C05-S02-Q029.md","d27c60474a5518c13f141f7aaca1aeaf8616b65620ace694c8d0b45888048feb","6e21ecf0efd9507b444286272a7ab45d14d0ecf4cef25b504061c0d5346d3243","1","1"
"_待确认\27_王道408\03 - OS\1-MCQ\WDOS-2027-MCQ-C05-S02-Q030.md","29cf04b286645bc55da09066b25fe36a478578d3fdc6dc103b425691e5ab5d4a","baa607c9e98a51145d3c36053d534eaab33bd5a49698fd056df632795d035762","1","1"
"_待确认\27_王道408\03 - OS\1-MCQ\WDOS-2027-MCQ-C05-S02-Q031.md","b5e78aab32e413bbc94e4434612e347758d19500e175421f990befe89d64a881","c606b20b6e3192743550399ae86f23ab3a2d4a66f7b9a7148add7cba03808f60","1","1"
"_待确认\27_王道408\03 - OS\1-MCQ\WDOS-2027-MCQ-C05-S02-Q032.md","c4e991ca9c4b486b985092428ec7df2abe436c4c4da3b7c92c7fd24e8467b821","4d93edd265bed90a42a0c08dc099b1f12e071e693b4eba5f6b57058866f88a79","1","1"
"_待确认\27_王道408\03 - OS\1-MCQ\WDOS-2027-MCQ-C05-S02-Q033.md","be8517be2f36ee848caf5fd118b9106765f811caa17005429bced9289582c1b8","639ff8249804722c0464f51db9b68bb8a63c3f50f47dcde63a84e94e7fa4e66b","1","1"
"_待确认\27_王道408\03 - OS\1-MCQ\WDOS-2027-MCQ-C05-S02-Q034.md","e5da628a3eefa3210ee44a4f0c8737086759a60b88569e94fb25c6384dd74376","bc60549005e8c3aa9c35c32c89b01c22a1c1b77157e231d9222c3208f0188dbe","1","1"
"_待确认\27_王道408\03 - OS\1-MCQ\WDOS-2027-MCQ-C05-S02-Q035.md","cdda9746bd5ecc9ffcb7aa5fd07688306e64814e84c0d7c911bee5c709a5a9f1","aa30a593730cfe0895610905e83ff9dee3e988a8ceb50ec4f8581f4f913d1a17","1","0"
"_待确认\27_王道408\03 - OS\1-MCQ\WDOS-2027-MCQ-C05-S02-Q036.md","d48d24e00b73fb3011f612afdfd01aeeb054cd92d852cb5e5da7e5e0577bee7a","72638c7a0027ea781c6707577cbf87a52cd645d34b0b851d723cca106d24d18a","1","1"
"_待确认\27_王道408\03 - OS\1-MCQ\WDOS-2027-MCQ-C05-S02-Q037.md","bb0cdd4e3adb6b5688bb81d04d0f9a877b9ca6883207f87ca3f8d255e3d38e21","f0113b52a354fe4dbf96d2661fa230ea3f95edc70d6ac3309599aa4b1ec64ae8","1","1"
"_待确认\27_王道408\03 - OS\1-MCQ\WDOS-2027-MCQ-C05-S02-Q038.md","815715597e65cbc4a7f2b506a5a198b7124a1f539e05c5467b8ee4a40261dd56","fbbad5880b926077cc8eac995b81242f988f687b540c2b379e7337e26f7c7e6d","1","1"
"_待确认\27_王道408\03 - OS\1-MCQ\WDOS-2027-MCQ-C05-S02-Q039.md","9306333781ec7a5f4272721fa64db34d77e55c3f2f454c6727191cd16e2546ea","6f69a57fe0be662efa45f59edd23dc513d2d9dc6fada94c40efc9dc00ea2c566","1","1"
"_待确认\27_王道408\03 - OS\1-MCQ\WDOS-2027-MCQ-C05-S02-Q040.md","d077de06a22999eb11af0f8b74f0c6ef501cca453eb76efdd31e56e1cb568502","6db79e01f9e4591b3e08e0215a0b56138f107c1a36940757e2cd88c9ac5f0d9c","1","1"
"_待确认\27_王道408\03 - OS\1-MCQ\WDOS-2027-MCQ-C05-S02-Q041.md","97a659a8a4b3ce85f952ad6bdae8d5dd3b893b12d36f8ad3183ae87f3b630968","5239f408e4dcd42c306f39f724e432e718cde6c73ff665c517be19eaa2f7ce49","1","1"
"_待确认\27_王道408\03 - OS\1-MCQ\WDOS-2027-MCQ-C05-S02-Q042.md","dd730df70c48f87c595da4a8076cd4b20e0cc187d4eb21ba1dea538a49888de1","6cca7744d24cd3ab57b6708d594385dde25601b100e02f9511afb0e48f60f319","1","1"
"_待确认\27_王道408\03 - OS\1-MCQ\WDOS-2027-MCQ-C05-S02-Q043.md","26e0a67981dae82b774f099cd4acd27a63ea783bc372fabe5d1b42bacbb51d6f","b06d91a0a94fc1cc86fd423c0e5da6af8f9691da81eacc1bfd2470aa836ecf2e","1","0"
"_待确认\27_王道408\03 - OS\1-MCQ\WDOS-2027-MCQ-C05-S02-Q044.md","1e677e3cca74094218d0fe24748455c9a5608ac8e1eab48a846a18cd0bb09e79","ae3677b7dd0a39704ebbec62bf510d46144c26d723ef56300b75d78886987598","1","1"
"_待确认\27_王道408\03 - OS\1-MCQ\WDOS-2027-MCQ-C05-S02-Q045.md","179e678142b6839c4eafec15c323768a0c824894c5de9dbbe649edc4c6850954","45371b84ca855323730ca555941f5ab968fd880ac0976bf6b8f934a507a07211","1","0"
"_待确认\27_王道408\03 - OS\1-MCQ\WDOS-2027-MCQ-C05-S02-Q046.md","650173ca40df6a1da4c67b6b42aa5fdc062d9fb3f8a8324f4787b50312c91e82","eb359028bcbc92c0ffa77508487dcda85bc6158a5ed51324ca4089908a041005","1","0"
"_待确认\27_王道408\03 - OS\1-MCQ\WDOS-2027-MCQ-C05-S03-Q001.md","137560fe423415725c18fcdff06026c88b692da44a1fdfa19123851c5542c75a","a807324aa69078c54d4f91a0ca082c9fb797a357f95ed9ad1271aa94a7f0a1f1","1","0"
"_待确认\27_王道408\03 - OS\1-MCQ\WDOS-2027-MCQ-C05-S03-Q002.md","754afb9b5a868f8172b033e0006f2e225673697f6211144706c4a98605337e63","a2e20894663bcec2b09243dd36ba080d2547c6176deebd6d85b55ca3e234a92d","1","1"
"_待确认\27_王道408\03 - OS\1-MCQ\WDOS-2027-MCQ-C05-S03-Q004.md","e79cdd237afb0cfa35a1a3a1b3382f12dae8da354791c5064b1ffeb47bf0cbba","bba8de709f8e67f88b4b93c9b40ac5dd72078cd3679daf92dca780b69776c6cf","1","0"
"_待确认\27_王道408\03 - OS\1-MCQ\WDOS-2027-MCQ-C05-S03-Q005.md","30b6e17d799d55b12bf0c08e322d4b39d1a3def340bc10439ad51e7c8768516f","c016b0fd26e9dc973e24d22fe90139766ef381700cdc5034e8cb6bd262b5ca4c","1","0"
"_待确认\27_王道408\03 - OS\1-MCQ\WDOS-2027-MCQ-C05-S03-Q006.md","f29f7ba28c3318e98092e93d3e3af8779eb71de9466e30d943495d575f040987","b09f09d4dbe97441f5d82d811276599f16e736b1160751a2b174ed1c51382af7","1","0"
"_待确认\27_王道408\03 - OS\1-MCQ\WDOS-2027-MCQ-C05-S03-Q007.md","f77b042ed06ea21c8e80599c2ac4a207e5414786302cb40f62c35b21a87a517a","0d0b7f9a489bdcc8be5f93e1765e89f4c1d20616d876ea3dd6f5a0d4211f5bd6","1","0"
"_待确认\27_王道408\03 - OS\1-MCQ\WDOS-2027-MCQ-C05-S03-Q008.md","d76aead16e042dbb2909c0ffede2c9e4e0b8c7df711b7dfe5396db6c695b7ab9","7d3114d135bc0c49ff582afcffd3e88c4f56cc4b08a638076aad26e8098ad342","1","0"
"_待确认\27_王道408\03 - OS\1-MCQ\WDOS-2027-MCQ-C05-S03-Q009.md","a076046e6e713a7e0cd1e0f0d340f5e026b69c67bd27472d1b85c73608feaa6a","c722273c2374db8736926915e24ecd425b5313c1c57a8144a90c36cf50588e87","1","0"
"_待确认\27_王道408\03 - OS\1-MCQ\WDOS-2027-MCQ-C05-S03-Q010.md","f465dbab96064b7d7101d475acba8832d8304c8c20f6fc4203d801a801b0b0db","56b07cc7aa871a2ff967168661abbfbaaeb952180aa8456b6dcf1c5d7e43b2fa","1","0"
"_待确认\27_王道408\03 - OS\1-MCQ\WDOS-2027-MCQ-C05-S03-Q011.md","72a1c146394bdccea8ef3f0884672179164c133e559b6e150fff606b4c553aa3","6568a50a83148412deeb02a6b01a24a7072a5fdc4af9bd244c54b2ce03d4527a","1","1"
"_待确认\27_王道408\03 - OS\1-MCQ\WDOS-2027-MCQ-C05-S03-Q012.md","1e8949f2e40791dde63606cd2a84aed4dcafcd43a07597bcf8532b537fd156a1","9f0397a891f535298fdaee93333c9af28672e3fa99e32a52e25f8580b8d8fc95","1","0"
"_待确认\27_王道408\03 - OS\1-MCQ\WDOS-2027-MCQ-C05-S03-Q013.md","163670e3717a1dac60630875def8c5b8c5a025d74a29614e312b512787333535","98bcae25999aa818bbe91abd5457db077a738d0c8158e1f0e7d0f5f8660b28fb","1","0"
"_待确认\27_王道408\03 - OS\1-MCQ\WDOS-2027-MCQ-C05-S03-Q014.md","1d81d0daba758bab1cbafa33cd5b3351544583bcf57fd4f7e2ef47c749eb7f32","7e5390e16d62f7eea988b32656eed456f101026a49b017e55455981e4dcad4a4","1","0"
"_待确认\27_王道408\03 - OS\1-MCQ\WDOS-2027-MCQ-C05-S03-Q015.md","65b6267b4ebdc0aa17b950a22f631f820dfcc3f4a46006477099044dcfc8e4c5","0d091e0b8039310f0d560e51961e750058164d1db34bea86015b5da6d97c4c4c","1","0"
"_待确认\27_王道408\03 - OS\1-MCQ\WDOS-2027-MCQ-C05-S03-Q016.md","ec430fe684f1180862ebb56aefc3e8228a24356515f89404af1f07fb42feff67","f0ea66c50dba73e081b9559b4d29d35eb60c771460241baa73a6f6652e4b8291","1","0"
"_待确认\27_王道408\03 - OS\1-MCQ\WDOS-2027-MCQ-C05-S03-Q017.md","8b30af5532a28d4dccd2eb78d163065b9fdc036d812b5ea87e4665b292055716","e9fa3a24c9bdc4c0290673d371149c059619bf1b2afaeb847b6dedf1bb6c8637","1","0"
"_待确认\27_王道408\03 - OS\1-MCQ\WDOS-2027-MCQ-C05-S03-Q018.md","c5b0b4a343b1b499d25c7355a7fe58f21007357cd3c8325bf7f75d686c197498","7137f85716264abd1424b3e76c34136881761818f764499a1d28d9a9051b1edb","1","0"
"_待确认\27_王道408\03 - OS\1-MCQ\WDOS-2027-MCQ-C05-S03-Q019.md","e7f83f41469dbec9e27827c9071310bd16537e90d6f4eed757d3a451736f0791","35d9104de2abce92b496362ccabc7687fb3110754525497483f29f0a58e00136","1","0"
"_待确认\27_王道408\03 - OS\1-MCQ\WDOS-2027-MCQ-C05-S03-Q020.md","b878249be65c4e87a0b0b1a554e270d74a5f5c5ca81ad3a58c74b7c8c924109d","0cf69400c32e8ce1bbd24b7753782851a397d192863d3c730571565d51a069e9","1","0"
"_待确认\27_王道408\03 - OS\1-MCQ\WDOS-2027-MCQ-C05-S03-Q021.md","1de6c2432ff0dc27a744d7fad06996a059e04e3c69b8b5015e9e174e563e4094","caebe32bb9aa22089014f9f208c5bf34bc9dfe09bfa5b5ee238234504e8eadec","1","0"
"_待确认\27_王道408\03 - OS\1-MCQ\WDOS-2027-MCQ-C05-S03-Q022.md","a143a1b2059bba2d9267e0a40f3e563a76d8147f1990b6e8a6bb6d1e7392f4ed","6e485bb78cc93b0e3b5577a6e82c11b614b5d668763ce9f01b699944040c30a0","1","0"
"_待确认\27_王道408\03 - OS\1-MCQ\WDOS-2027-MCQ-C05-S03-Q023.md","3f52190cae741fd74ebea6c4fabb35532f8c82ff9deda5737443c10a8ef4daaa","b2d4b1066e263ae4c3534f7ab7f430f6b97ce4eb0b1f0c5fc7df2b89dd2b20bc","1","0"
"_待确认\27_王道408\03 - OS\1-MCQ\WDOS-2027-MCQ-C05-S03-Q024.md","138526ed093eff2387175f7da2d58e047add1dde4ac08f1bf5d6a94286198a53","e7c45e021c6063863fe03fdffec1dac52492ad2cbf437a141ecce7ba8fc7da76","1","0"
"_待确认\27_王道408\03 - OS\1-MCQ\WDOS-2027-MCQ-C05-S03-Q025.md","4f9cce4187132f3a4f278fea0ece03193cbe31f0ef60515cf47825f6849b9172","d677455042379928df1077182990738599b497130ef0005828ae232b4f52a40d","1","0"
"_待确认\27_王道408\03 - OS\1-MCQ\WDOS-2027-MCQ-C05-S03-Q026.md","75942ea03e8b879b0904957ff42a561485b711f52a74550ea84b807b385f713d","fac745d0424fbb304177d63a1e3d4019a9c76c6382da0677947b52db692ff97a","1","0"
"_待确认\27_王道408\03 - OS\1-MCQ\WDOS-2027-MCQ-C05-S03-Q027.md","a90b4f98c606c20ff6a0bc57d58a91a5a0922ba9e24f825beb6c9a4b829f2e39","a61970d16a90a5e696414768af8a4c13640b4178ff67a7eb788bf2f903e870df","1","0"
"_待确认\27_王道408\03 - OS\1-MCQ\WDOS-2027-MCQ-C05-S03-Q028.md","436cd812c0e06d9b8ff4376e1b7040e902f56eef779d5a11c256bbf3f458c2dd","480fbb8382424e7a45803ef8e6816034ad6c641115e009975d8f07e15b7629ab","1","0"
"_待确认\27_王道408\03 - OS\1-MCQ\WDOS-2027-MCQ-C05-S03-Q029.md","1b5ba2c032162bf14580a15148a77bae0dbed8719cf4a6188d5e7725a810175e","0f06c6d0780e9872cbfc56290654aeb182a625a5904f838df6fddbd2270d8301","1","0"
"_待确认\27_王道408\03 - OS\1-MCQ\WDOS-2027-MCQ-C05-S03-Q030.md","25129e2fb51dac6fa81830554d20be293579cb7b5ee9a83d95c0eecc6d781a8f","b44e6deb9e36e778068b2e7f2a99bf733bc8c74a229a9f1f047c787d5183d9e6","1","0"
"_待确认\27_王道408\03 - OS\1-MCQ\WDOS-2027-MCQ-C05-S03-Q031.md","bed16ee18c3865849e951b964b3ce0da8f03fa40bf395430d4b899c2e2718c05","7e2cd5046e687c0b3ac4fc1d4630b720ae1163e5bebd5c69bb30c740553420b1","1","0"
"_待确认\27_王道408\03 - OS\1-MCQ\WDOS-2027-MCQ-C05-S03-Q032.md","1f46526ee7ab75e1c0af9bae8e31b9be1df34ca57eb0203064deeae0a4f17f08","6bf2aee875a00b42dc61811e0ee545012e2fad56d284c86386d4469fa070573e","1","0"
"_待确认\27_王道408\03 - OS\1-MCQ\WDOS-2027-MCQ-C05-S03-Q033.md","29854cb80b1a5be1e2aebc1b0a7479fe8cb277a61d0e86dc38b4ef3ebae6ac86","46c056d20d0c1e5d9b1857f99d78813654763d0642b4d6853d965936a5661b70","1","0"
"_待确认\27_王道408\03 - OS\1-MCQ\WDOS-2027-MCQ-C05-S03-Q034.md","930c73c134bc54e8b01df8114cc7969e3bc240ae97e1bedcc38dd68ed8d0cc69","c137a01a21ccf8113eb9f2f89d6fc24527bb195742fea011da03a3b1451515dd","1","0"
"_待确认\27_王道408\03 - OS\1-MCQ\WDOS-2027-MCQ-C05-S03-Q035.md","ebe57c3f3cf8a68b16b1980872d5c1758143fe64b71dbea7d1636a9665a424bd","20d1de5a5857651e8ad501768dba09f95d9b6f1778010fc1b49470a49d7bccb6","1","0"
"_待确认\27_王道408\03 - OS\2-FIB\WDOS-2027-FRQ-C02-S03-Q006.md","cc0545b068bdbd831311a4bda4a1c9606842407813a1af7fd55303510ee35c39","f0bb7b4a48b4076345e1749c264e94e6fe9d58bf37ec90a29ea20837c7a428c9","1","0"
"_待确认\27_王道408\03 - OS\2-FIB\WDOS-2027-FRQ-C02-S03-Q017.md","b083abba936dd83c9e70e3c31140a54a032f2aaf0a77e2c8bf0473d3029d178a","341119e2d89dad90bb73a85844c2c4cd4cb041e74cd05b49c4dd388a0ecd1ea7","1","0"
"_待确认\27_王道408\03 - OS\2-FIB\WDOS-2027-FRQ-C02-S04-Q002.md","9c43bc46ae6a51a88026caab41a89c15da4a04d4ec08023dcfe3587cb2983f73","3ddcfedf9d12cff7963b38872c4c2555be437111f2aa8dc66630a060f6def2fc","1","0"
"_待确认\27_王道408\03 - OS\2-FIB\WDOS-2027-FRQ-C02-S04-Q004.md","da104170959af4ba5703022a82b2460614c866b88fe146d5bfeedff787722a89","f7f0df663e6a85f51501016f552dc253fe244f0585556c66c456acb3666c9548","1","0"
"_待确认\27_王道408\03 - OS\2-FIB\WDOS-2027-FRQ-C03-S02-Q019.md","1998976d2f9523dce14510eda31a751f3154dec0db04b62ea9e9533b4b43c861","539ec24aaad555cd9c2290594607657a42bd5acfacacf96f5e89709815b19376","1","0"
"_待确认\27_王道408\03 - OS\2-FIB\WDOS-2027-FRQ-C04-S02-Q009.md","a8575deb2a797d4a8bf122901f0e15903f248a400719de4c323e16343aea837a","81da27add0fcef36f39d7a186250b319df56e87ee85ddf6dd5fdd4626cebaaab","1","0"
"_待确认\27_王道408\03 - OS\2-FIB\WDOS-2027-MCQ-C04-S01-Q003.md","82d78fe1c0682cb24a82f28563620e4900bb76d1d37ced0b89bd0b038aa6f4d7","335fc67ef5a8f11368b9ef5dc86d23c18acd23a931a9e8bddc55f0cefcb99429","1","0"
"_待确认\27_王道408\03 - OS\2-FIB\WDOS-2027-MCQ-C04-S02-Q012.md","9cf730cdbebdd219084e05cdf5f11686b0483dc25ee7a52af5316f326bcc0d76","e50fe2fe5bc3e6b32e5e98c90e5d89a1c217b93970f324e183e6fe4bdf7c1382","1","0"
"_待确认\27_王道408\03 - OS\3-FRQ\WDOS-2027-FRQ-C01-S02-Q001.md","1cd51249b10e41e747a2fdb6ee1b2a35276363af138e36215f95ec3696db1b41","0b67852a382b615ce3a14e4edc080ed1c47073a51b78100c55c82856f6a764da","1","1"
"_待确认\27_王道408\03 - OS\3-FRQ\WDOS-2027-FRQ-C01-S02-Q002.md","4c10049a8e352b8944ba57fb64141906b8996b6b9dd9149ecac0c305f3d53e46","ec780cba6dc18702a7dd23bc99c7893113c241358258c52e7fcf38e08cc227fa","1","0"
"_待确认\27_王道408\03 - OS\3-FRQ\WDOS-2027-FRQ-C02-S01-Q001.md","2178d2e3ed6282096e868e98a8402acd9b8d5ab250ac4507ed77f3e7c06ea61e","638dda16cf04503165e86643b3d40ce2914786ecd692720f809f33c8ef4cba3d","1","0"
"_待确认\27_王道408\03 - OS\3-FRQ\WDOS-2027-FRQ-C02-S02-Q001.md","563057b5c6c0ffba93599bb5e136f2df4b4a365b5f475ba3d819cba07a60b685","9ed765b2e5f87b4f655776c29b2dfd99c3c4ec8ac5d5a3ad6c56e638f17fe755","1","0"
"_待确认\27_王道408\03 - OS\3-FRQ\WDOS-2027-FRQ-C02-S02-Q002.md","e5a020a9f1d0b31ea4812a34d1c5adc8a0daa9f2f261f7764b1f04bea78b9f83","eb6373e2506a1a9fd5cafafa69f476a89091f554c7eabaf90faaea58ef1f555c","1","0"
"_待确认\27_王道408\03 - OS\3-FRQ\WDOS-2027-FRQ-C02-S02-Q003.md","e4ba2cef09fc19cf6624cd27f88649282582c44a6948a5750cf9698a86d50ec1","41380d4c0dada5942abd778f920c10c53b93f8423d93f733a03b8a3b04a28bc1","1","1"
"_待确认\27_王道408\03 - OS\3-FRQ\WDOS-2027-FRQ-C02-S02-Q004.md","d60e87a278a9435b13972a5e96ea84367d33ed183ed2a470a2b6d89ec1970404","cb2ff725cf1d929d7f7affa01c75c799916a6165a08e8e5a879f4494287b0eb4","1","0"
"_待确认\27_王道408\03 - OS\3-FRQ\WDOS-2027-FRQ-C02-S02-Q005.md","bc1ee82ebf31d0cf7fc0ddde58ea95243fa86173b47c053200509d5d700daf84","345c5eea8b14cfde1a2c9291bbdc52ff196ea8149401f8741502a3751fa66bab","1","0"
"_待确认\27_王道408\03 - OS\3-FRQ\WDOS-2027-FRQ-C02-S02-Q006.md","0e93d0c50adc4432c92f833c589a84ee63378d09c67878bbd9f9d187efd5cb6f","d0c741406e2a3dadbe53dd8f8e76d01284c531f44a11cb85f6ed601afe8b737e","1","0"
"_待确认\27_王道408\03 - OS\3-FRQ\WDOS-2027-FRQ-C02-S02-Q007.md","81adad2afd50f314afe4f6dc54f39e6c170383fc9e74a774bc293294e5a0a830","5ecaa100c9f433eb10f5706dda0dd2741a4a5ec1fb54d8ed62b8fb3daa2093c7","1","1"
"_待确认\27_王道408\03 - OS\3-FRQ\WDOS-2027-FRQ-C02-S02-Q008.md","3309fdb8437d23696b8ce4a0c23038f3b9bdb5dc0bc49a8ed8aa03d70701ab63","d0df687eba4d8bdd7bc4c78fcea0d3cea906bcfab4ff72c9e9b7098f2a3c0c70","1","0"
"_待确认\27_王道408\03 - OS\3-FRQ\WDOS-2027-FRQ-C02-S02-Q009.md","c5c5c038546cdab8a7a4aa000824aa9c50d7cc956a0bc8c9ccc14ea5865ebb15","fc45689e7fdefaddddf6ccdcba69342510ff1d5b64ebbb699f0c1d1340869436","1","0"
"_待确认\27_王道408\03 - OS\3-FRQ\WDOS-2027-FRQ-C02-S02-Q010.md","14bfe5edef43cc80ea0cb85989b68bc256df6886ff1e35e211a00e09f06cc3d7","dd7aa6b6ae990d00dbc593fab6faa5804a86408bd45eb41b58660508035cc073","1","0"
"_待确认\27_王道408\03 - OS\3-FRQ\WDOS-2027-FRQ-C02-S03-Q001.md","883b47c8039b07ae0d33cc2e353545e43702eb5e6a46d38e5e3a7bc5eedd485d","6cd63472cf20151e9888a1f8ed2634d57b19f4b762d59a110bc6f29b9453147b","1","1"
"_待确认\27_王道408\03 - OS\3-FRQ\WDOS-2027-FRQ-C02-S03-Q002.md","6bc9f6e3d0cd4e73da85c38d2a68169ecfa126f438f5e0ef575484516174b46d","cc856542ea2c2e05f840e4b2f2f6c4fe0a35574098a0f3adcb1e85c15b1e19fd","1","0"
"_待确认\27_王道408\03 - OS\3-FRQ\WDOS-2027-FRQ-C02-S03-Q003.md","21b5abb41026cb3db4c9bc62548ec5607b02a61e38e383d876b69619c7b21e53","fd07af032d47e1535666759db20f91571f8cddeaedf8c8396c853483bc967c01","1","0"
"_待确认\27_王道408\03 - OS\3-FRQ\WDOS-2027-FRQ-C02-S03-Q004.md","3f92dd2482c164dacec076b147e04789f423eaad530f7cec34f4fe20a34fb2b4","c39f62974b28e3a358de4ba9864b4a202a10797e5728fab91ed4d775a3f627d6","1","0"
"_待确认\27_王道408\03 - OS\3-FRQ\WDOS-2027-FRQ-C02-S03-Q005.md","2b6c7a6198cd0c3e5360e2b3726f1b3c16bdbc4573c6a2704aabf52c7203f852","6cc1577299432878b980da3acd0b3078141d3e0e5be2367b810037641243d906","1","0"
"_待确认\27_王道408\03 - OS\3-FRQ\WDOS-2027-FRQ-C02-S03-Q007.md","410048d873a7089fd7698d06623273f88984432a703e574db7cccacd950530a2","a904e6fe381a17ebccb41a3d3cf199361592120aeb403f8df8bd4698dcca6999","1","0"
"_待确认\27_王道408\03 - OS\3-FRQ\WDOS-2027-FRQ-C02-S03-Q008.md","d5dafdadbeefd4468030e7d75c39bc289d350bb40dbc4510b79f13c666a88075","efcf8e43a60339a7118fb8dcfeba4b318d8b7814aee6c0fc0c8d6f5fdf87847f","1","0"
"_待确认\27_王道408\03 - OS\3-FRQ\WDOS-2027-FRQ-C02-S03-Q009.md","bc684c4e5b176945b6b1034cdb9e107e12be6a2fdc5f0e5677ed9942fe5616e7","0d65bb2e29314479636553aa691b45191d5b1a0ab6ba45ae97dc05d557f65f68","1","0"
"_待确认\27_王道408\03 - OS\3-FRQ\WDOS-2027-FRQ-C02-S03-Q010.md","86897ce32954a352720156c9deda9d84636caa526e19166e92ac32d448d55b1b","3705563dbb9fd68b368c82636441ce42511f64d6f8e307051db9eefaa42ebb6b","1","0"
"_待确认\27_王道408\03 - OS\3-FRQ\WDOS-2027-FRQ-C02-S03-Q011.md","50f5e71e93bcc111ac9cca125ae50b5c55e7c93194f325d8b1f3484b41043dbb","30107be66efaf8ea7d50366e19ae5a47bb11512f00900f3f67e9a7cc34cf7c98","1","0"
"_待确认\27_王道408\03 - OS\3-FRQ\WDOS-2027-FRQ-C02-S03-Q012.md","39b0f936877ae02b455932d1b777fee9e78a18dc93496ee2fbd138444118073f","f149cdd6ade3ec012c04902e1cd35514be4a215868afb26d6caa2bbe31d3e8bf","1","0"
"_待确认\27_王道408\03 - OS\3-FRQ\WDOS-2027-FRQ-C02-S03-Q013.md","0589d54f1b512768fc6c7c1117fc356560b8b6620fd92e2f6d9cf8fbe2972513","82803e567ea1e17407b634fc0af7b26dce8044d8b1e1d0cc7b0e4bde0267a419","1","0"
"_待确认\27_王道408\03 - OS\3-FRQ\WDOS-2027-FRQ-C02-S03-Q014.md","ac0326fc7722b43d27a4499906bf40a3396f97bebb741201771f1da68bf2d621","415e97ae343112f1d338177a096696f95ce1fc2e7c73a7029d0d4f090e74418f","1","0"
"_待确认\27_王道408\03 - OS\3-FRQ\WDOS-2027-FRQ-C02-S03-Q015.md","eb4829d8b9fa53ccd85279684e6f170cad16f866f60d40186f88401939fc84a3","6f850aa85e7991d2e42f43a23068dcb216fcde3a2a0b83a8f9777b09e6b251fb","1","0"
"_待确认\27_王道408\03 - OS\3-FRQ\WDOS-2027-FRQ-C02-S03-Q016.md","1a82507ba15705711216cfba67dc350a541b23bad1cc94ff1c30207ba33d799a","5b57417d9756d69c15bcb1758a258d7e502aa49eeebc620b0fa7f84d9b5de9f5","1","0"
"_待确认\27_王道408\03 - OS\3-FRQ\WDOS-2027-FRQ-C02-S03-Q018.md","ab020735e738964754ecbaf7e25a86ce98efb10fded0703cc0cbdac6e22afdfe","9c22f85b400242b37c4828cb77a51ca024bda51f57e6b63e320ed4b061d736bd","1","0"
"_待确认\27_王道408\03 - OS\3-FRQ\WDOS-2027-FRQ-C02-S03-Q019.md","13a0b7f81dec30958966b46d7a8720675cca623722edcce2b41ae5274b764af0","d490c9ea4f583ffe3d9276de4da3ea67a56c9640262258508b76627d7f24b657","1","0"
"_待确认\27_王道408\03 - OS\3-FRQ\WDOS-2027-FRQ-C02-S03-Q020.md","451cb3dec141397accd926af8b5ef1e6317e094484815920caa84427793137f4","fdd601506ee9a409511f039927763809a70197d5a35abbd3a00c85a4944e210c","1","0"
"_待确认\27_王道408\03 - OS\3-FRQ\WDOS-2027-FRQ-C02-S03-Q021.md","693a6b55f87b7d0969e8744791ff040384baf02864602313c73e6d910d8988a7","bad2f3ed3e4eca7c10ca1d577084761855edc5ba5ae99199de97ff5f523a95d8","1","0"
"_待确认\27_王道408\03 - OS\3-FRQ\WDOS-2027-FRQ-C02-S03-Q022.md","f6ad76f03d4bfd289f37fecf87448adfd190982466282575cee9596a83b85234","edf8504a2bf26a938124fc4a8cfa48e6cf4073f4e15042d78ad3672f2ffa8182","1","0"
"_待确认\27_王道408\03 - OS\3-FRQ\WDOS-2027-FRQ-C02-S03-Q023.md","d6acc3682f69be977eea81fa057bb07189d4aed543f3daeec2cdae7bb8e029e6","29d513133a6ef9129773601d87ef18f33dde8d2f20f0f85d3d4ced31f48ab26d","1","0"
"_待确认\27_王道408\03 - OS\3-FRQ\WDOS-2027-FRQ-C02-S03-Q024.md","f5b4bc13e1ac5e7fb994aefdbf401bb3867eeb0cbe580cef4fd2a39cc853f47d","01c3e52bea409e42fc63f7086a5112a9cc20922940960fcc0e2884b272e06338","1","0"
"_待确认\27_王道408\03 - OS\3-FRQ\WDOS-2027-FRQ-C02-S03-Q025.md","79f500423890cc9ed4c2b7c1325937e3d37027ff736120c38f2d3b04d353a4ed","bd6773df891c16af00f24fca1a6e9e6f90bc5e663a925ad244bb2e98c92551b6","1","0"
"_待确认\27_王道408\03 - OS\3-FRQ\WDOS-2027-FRQ-C02-S03-Q026.md","da2d3d58df56a485870ad5bda4dc8fdfb0e51271161183702b9d15c8dc025aa9","d9beca71d83420180bb023b87f46b73fc7b4ad63adb87276725fffd9331f65fe","1","0"
"_待确认\27_王道408\03 - OS\3-FRQ\WDOS-2027-FRQ-C02-S03-Q027.md","fa28e6ee4a454a5b45fa3ece4d356aec183cca0b0a913e5e5fdf0bd818f0360b","396b680eb39f79ff3d7825edcf54153928246be73fded8303cdbf66d4dcd7ff1","1","0"
"_待确认\27_王道408\03 - OS\3-FRQ\WDOS-2027-FRQ-C02-S03-Q028.md","842d5ebad541a862774af1d5ca4d2a1d930ad990d7ec53b9304bee3add53ef94","4439bbc8ef2bca75fcc24c7fff1b28fc69c01acd367050a637e73fde81be6b15","1","0"
"_待确认\27_王道408\03 - OS\3-FRQ\WDOS-2027-FRQ-C02-S03-Q029.md","265404059ef697a846a7e19c1854faaed239e6ddbab468cd1164e548b99db39d","9d42995146a7d483084555973b51d577e6d00c7b80d0184efb9a140015421d6e","1","0"
"_待确认\27_王道408\03 - OS\3-FRQ\WDOS-2027-FRQ-C02-S04-Q001.md","f73498440f95517062bdb67a86ba8f581568120e19809f33325814001027af32","1774fb24a0f0c52e3ca6337b841bd0e85ef62a4a02d330b35fecb15c7a90a3e8","1","0"
"_待确认\27_王道408\03 - OS\3-FRQ\WDOS-2027-FRQ-C02-S04-Q003.md","8eb77a7ae8acad2fdf637b875fdd49c65b85ac9f6de9b158dd904bfef4e01d42","e6c52e2b1c5c4f5301d19113daf99a4f0be4af400860cb74db04c59408010744","1","0"
"_待确认\27_王道408\03 - OS\3-FRQ\WDOS-2027-FRQ-C02-S04-Q005.md","09e5b0f323f001029082d31ceaa52a7a9479a4c557e86b2244c6fc1757fcdeeb","d431822af64a6afa1ddbec197b0b7c0b94803aa1b305e7887d698614f9918754","1","0"
"_待确认\27_王道408\03 - OS\3-FRQ\WDOS-2027-FRQ-C03-S01-Q001.md","f0ce9062deed4aaa5a7148b15b2b90f7e7ab498e24422b43f663919f844ad1bc","bf1e256ce03fb9ba05c1ad39d5a5457fea72252dfd17e82f19e66b66d9c19f59","1","0"
"_待确认\27_王道408\03 - OS\3-FRQ\WDOS-2027-FRQ-C03-S01-Q002.md","5f2bbeaba6ffb4a0ec6fa2394bb371e5e0c8e3c0b24894854efa7d9fc5a02d62","dcecf0f249f9312b8c91975bdca18033e61411ab94425f7a8944204cd8a4ac8c","1","0"
"_待确认\27_王道408\03 - OS\3-FRQ\WDOS-2027-FRQ-C03-S01-Q003.md","74be4f1c82a0a83b103d5a962e0d890aca2ff1accefbd627cc8c91010219554d","cf61b141829dd1d54fb43628f3bb3663ca54f6dac84133230eca7fdad7f94ee9","1","0"
"_待确认\27_王道408\03 - OS\3-FRQ\WDOS-2027-FRQ-C03-S01-Q004.md","954450a084706dedc88d0ee47ca6279796ded8c05821165d55d99db1a4e24d27","1b890793f0f1a8466f87aa4614635c323674c3eb9d9e42a7ad142d7cc5ba0f28","1","0"
"_待确认\27_王道408\03 - OS\3-FRQ\WDOS-2027-FRQ-C03-S01-Q005.md","22870e9cbd0e77a97959afa117e4f50fe5af23e7a637a8427a2e87935be1ed0b","177a6e20fc9b62ca67c54c7affa52bad8bf31ff5ebd9cb0f85620871786685ae","1","0"
"_待确认\27_王道408\03 - OS\3-FRQ\WDOS-2027-FRQ-C03-S01-Q006.md","bd1e10cfd4cfe1cdb84a5aec5a3d2d745f734a4f5ecc6e27c925ce20e2589693","108e490e505796b65b478acd7ce3be7e8e56d2f66457178cac484d34e6945ecc","1","0"
"_待确认\27_王道408\03 - OS\3-FRQ\WDOS-2027-FRQ-C03-S01-Q007.md","ce59db6d318fbfdbeb622041b12a4fac8560d1974ac4498405dd874989de3adf","c6c0b8500cfb9b325bec71a41a6714548b682cbf997032f80d79235616832efd","1","0"
"_待确认\27_王道408\03 - OS\3-FRQ\WDOS-2027-FRQ-C03-S01-Q008.md","0834791994763b404d2d383612a0ee9bf9ba99438a8290cc1d038ebdcbd6c243","89812d4e2bd4c05d8a3efc6a0bb7e6fdf50d476ad8d3006f481dab726c7100ee","1","0"
"_待确认\27_王道408\03 - OS\3-FRQ\WDOS-2027-FRQ-C03-S01-Q009.md","af0ef76b183a3718ebec4db5d1c7433db76e94d043c09ea48d2dad78381e3e95","ab1b715a3eff4aecae2e877e91ae9483b52cdf1d83364d3ed88c10ce86125de3","1","0"
"_待确认\27_王道408\03 - OS\3-FRQ\WDOS-2027-FRQ-C03-S01-Q010.md","2c3783a60ab25183e3f75ebb03855c2d661a6ed3c704828391ba51c1606a316a","09baae7e80ed1f6243b9ca017a5f046642ae522ed93e3edbff210db1839ddb06","1","0"
"_待确认\27_王道408\03 - OS\3-FRQ\WDOS-2027-FRQ-C03-S01-Q011.md","ba1a67d1ed7695d24f44d418583833ac128bfad50a08a68e48b3888392e8ddf3","a04e7ea1c6c16624b8a0ba670e22d32f6f2258426a7649dcf68c9fc69a068ba3","1","0"
"_待确认\27_王道408\03 - OS\3-FRQ\WDOS-2027-FRQ-C03-S02-Q001.md","f59ea335ccbb86b1aedc4e7ec89fb36033cff2d70ee0c0cc10b091ff82529ff5","e2dec3ddda82cce963c1274945b7db69be8a3a47f479972a27178423fcb1f289","1","0"
"_待确认\27_王道408\03 - OS\3-FRQ\WDOS-2027-FRQ-C03-S02-Q002.md","9348aa589f94eca1d33d630973c625b83224031bcfedbd702ed068d9138b8ca9","ae3f344ae4c5dd16998e85ebb275b4c7ef7d313c4843fde4db6f396a2f570643","1","0"
"_待确认\27_王道408\03 - OS\3-FRQ\WDOS-2027-FRQ-C03-S02-Q003.md","4bfd211ef52421d0af3aef9fb63b81a81616def0fc04970df290e5a67b14cc31","ac20d60e1599055d391b3a6fe35d1639792d264e57d16fc1bb085064942f7bb1","1","0"
"_待确认\27_王道408\03 - OS\3-FRQ\WDOS-2027-FRQ-C03-S02-Q004.md","beae67aacf9467174b36a91393b9a81729e354ba90bb67d9b49cb3eb71d5d257","88b995c7a8adbf7071c197016b4f24d805b71ae4058e12f398eca446896c6e57","1","0"
"_待确认\27_王道408\03 - OS\3-FRQ\WDOS-2027-FRQ-C03-S02-Q005.md","df85c76f264f688ec85607bb6586ef953e48e181e07fafc68179f8d661c58d7e","5bd7372e6bdd597361699871675f722ae71570a17f55e5bc3bf4183806929a04","1","0"
"_待确认\27_王道408\03 - OS\3-FRQ\WDOS-2027-FRQ-C03-S02-Q006.md","4067df42026ca78347c213c651ba8ac7eeceaca71c57d7270cab4da70c4cf617","363d5a774899b3833a38aeb59cc6bd8ec22c1a10d78b4ea2852ad6ed0ca8116f","1","0"
"_待确认\27_王道408\03 - OS\3-FRQ\WDOS-2027-FRQ-C03-S02-Q007.md","3c23720031fe74037980019c8f2ee4ad311ad92f9eac18b71998d42a8d021007","e6bef0b5333bf1f9d5b41cd1865cbc78aab419702fb5e600d97060d30764aed7","1","0"
"_待确认\27_王道408\03 - OS\3-FRQ\WDOS-2027-FRQ-C03-S02-Q008.md","082cff0ec109dda4f723e0211801054f516d388c7af428bd5d79a118ce213db5","88ed0877d0e9033c6380301c5e8ee1d453b34113a22758e16f504d251173c7c4","1","0"
"_待确认\27_王道408\03 - OS\3-FRQ\WDOS-2027-FRQ-C03-S02-Q009.md","08486743b23ca5679dcc4190f574f9bd762f80fea52ff47f83e1860772035da9","6493c2ca0c45f58bdc8f050bf15da5c1fd858e4514afdcf7bc650feaa684f5f0","1","0"
"_待确认\27_王道408\03 - OS\3-FRQ\WDOS-2027-FRQ-C03-S02-Q010.md","2a2a9141c7b8d3ee1e458bd28521d23183e8bd6f4a20c1aae7065a463c77ada7","6626cebdf85a863dd43bd437f1d7f7e85950afba289e171eeb015905444b9a95","1","0"
"_待确认\27_王道408\03 - OS\3-FRQ\WDOS-2027-FRQ-C03-S02-Q011.md","ef8f9588b5fe8736bc6efedb795df6302e7364f9a759a6bb6e2572e79474ff15","724431fb0bdeff82963f1b9e3e2e0a85fba61ef7762fa3474ccc787526cf1562","1","0"
"_待确认\27_王道408\03 - OS\3-FRQ\WDOS-2027-FRQ-C03-S02-Q012.md","6b935501a5e173ba48139817985add5096ab7ba9f47254deaf3b9023d258eeae","a930e675481c5b0c3f3f1933b7b2ade5ec33b9fc52ff97250a8b0c3c45cc5591","1","0"
"_待确认\27_王道408\03 - OS\3-FRQ\WDOS-2027-FRQ-C03-S02-Q013.md","a97d7e60b0bf298b633ce3ae4d711142b5577e3d8291563b87b90b7ac08b8c2c","977fbaa5147552ef84af53bc8acb40064cff2f5aa30fb57cd8f4e1ca02512f96","1","0"
"_待确认\27_王道408\03 - OS\3-FRQ\WDOS-2027-FRQ-C03-S02-Q014.md","9f7f00108126b45188d03e294c728d6cb513f8e9e71858f08d09c30bef287236","975b8d0bb7b12d3d28c0224c10eaea569a0d352658f7941af4988d62f13d9fa1","1","0"
"_待确认\27_王道408\03 - OS\3-FRQ\WDOS-2027-FRQ-C03-S02-Q015.md","3f82281ec1953deb06326a1762796b7f21b6d1593e7d4c66be2bed6e2f80a812","3bb3885ee1758ec174e75c06faa1a5e34a5f8ab52692181e8cc96853f5704250","1","0"
"_待确认\27_王道408\03 - OS\3-FRQ\WDOS-2027-FRQ-C03-S02-Q016.md","08f8e5961376087febe4009b16d1183b14e48273f57acd8b295430ce798e0f60","f2e3109dfd4d8450383c7b342d46d83d40ac9e07b6edf29c929f69e8fb4d524b","1","0"
"_待确认\27_王道408\03 - OS\3-FRQ\WDOS-2027-FRQ-C03-S02-Q017.md","9a0475407fa1b5ea755c0ee56d5e07f421bef4201b40d93a5a5029b8528f11d2","c71184edfc87e12e02369a322a6638f91fbd8da937d2367c01160f36c560ade7","1","0"
"_待确认\27_王道408\03 - OS\3-FRQ\WDOS-2027-FRQ-C03-S02-Q018.md","b64446c4c84141288363af13f752903235f69feecb067f1708576140cb8a53a3","feb0402a827ec49d9cdfbf086dbb5becb723c117c361236cfdb7b1271d0e8d6e","1","0"
"_待确认\27_王道408\03 - OS\3-FRQ\WDOS-2027-FRQ-C03-S02-Q020.md","f816d5090619ce1d18e6e36f0bfb8ca36bde827247ebc5875e567fe206411577","8a0a1bf897178e65d292ca31751d75d853ca07d5e2bbb12cddd8e27b7c2fde0c","1","0"
"_待确认\27_王道408\03 - OS\3-FRQ\WDOS-2027-FRQ-C03-S02-Q021.md","b97aaf850eb62d9d8d9a052e56673f8f98cb04e570c4e4a15c1b49172deb5a48","9abe4835201bfc428d7f898baa564887902b04f12ab28a757c9df6018d95a67d","1","0"
"_待确认\27_王道408\03 - OS\3-FRQ\WDOS-2027-FRQ-C03-S02-Q022.md","4ea1afeac907fe3da0df22fdd33be23fa53989cc4f8ec33fd767768f60630418","cee8c87dbce668f48b2328056ab6188e36245c6ed5b46a265ea61d48317cc9e2","1","0"
"_待确认\27_王道408\03 - OS\3-FRQ\WDOS-2027-FRQ-C04-S02-Q001.md","a67ad588db8387fb3c78f37c3814785e8f809966f0af0d2ddceebeed85dd4047","1fc9876a6b56744140503ede6473f61503d700db1153c4c7ae227bff0cb41057","1","1"
"_待确认\27_王道408\03 - OS\3-FRQ\WDOS-2027-FRQ-C04-S02-Q002.md","942aa787c963160af99dba493ced1ea81273b1b40539de286c7f49d1475a65d1","6b6cf593e9e1af5afbaf70c8376b7dc2392de3312556e9e491aaedb066bcc6ba","1","1"
"_待确认\27_王道408\03 - OS\3-FRQ\WDOS-2027-FRQ-C04-S02-Q003.md","e7893d2c0f6ae22e577c542e31f22b809cb1bc22501a3eab16898f53a9f143b4","7da5e9b6b4d5acd81f5d9ebcc07e2c34d04ccea26531cfd96f0ca4d0cfdf92ce","1","1"
"_待确认\27_王道408\03 - OS\3-FRQ\WDOS-2027-FRQ-C04-S02-Q004.md","5139f3fda007ee61bc578e6a7ade6a2d98f070433a157ac7a5416fe2a6f31bd2","2835e3bff5736a110f04bd6108eb6748311f78ddd073647543ae1352d5ee5eac","1","1"
"_待确认\27_王道408\03 - OS\3-FRQ\WDOS-2027-FRQ-C04-S02-Q005.md","5297232ca9a0c9e650d0ae0baa182ae94b64c409f55fca57ae0ba6a58f58fef7","7df605dafca605716a77209ab5270fea7d79b4cacab435dd7d4dfcf36b9a9f49","1","1"
"_待确认\27_王道408\03 - OS\3-FRQ\WDOS-2027-FRQ-C04-S02-Q006.md","ccb6a0fa92c7ddeb75c2e073d86e3b614a99adcdd838a2cd8dc7aadad0dad278","c3db9efef3d7d34659d2d10ae213e7143fe1d39e9ae822881da57a747f773a78","1","1"
"_待确认\27_王道408\03 - OS\3-FRQ\WDOS-2027-FRQ-C04-S02-Q007.md","db21866377cee307e5e0de3a508521743bf43af692c962721190e1451502cb66","fe956b01bb9b67eec7c7b7e57b451a5db17c4fb65ebaac51de35a87da58b85a5","1","1"
"_待确认\27_王道408\03 - OS\3-FRQ\WDOS-2027-FRQ-C04-S02-Q008.md","292327269f977dd55d1a6cb4eda64ef86b4260dfe8ccfa5ce9b1c5b9dd569463","6a87d2e2db3da0d0d9b2a99305a57c36fc79f63a12d066fa28343da461324b75","1","0"
"_待确认\27_王道408\03 - OS\3-FRQ\WDOS-2027-FRQ-C04-S02-Q010.md","2faef68ada22e34b69b79cbfa935ab9e5c0993f5065ae39e640746f781915dd4","961361f1a0f1bb9a22a418155229fb3612c727fba8826823fbd28b87ca3f4f8f","1","1"
"_待确认\27_王道408\03 - OS\3-FRQ\WDOS-2027-FRQ-C04-S02-Q011.md","88e1c75516685a7f003d63ee8e8f3d867c420050f3321d0ffd65dbf680f039c7","e813eae9f1a14eb3ba79ae271e9bdfacf79ae62f88e213c5607b9e8cdc8c2058","1","0"
"_待确认\27_王道408\03 - OS\3-FRQ\WDOS-2027-FRQ-C04-S02-Q012.md","cb0313eb4afed210a99ede891172424b9a3f13df82d5020709446068636a3b44","f20caa69fb07ae43a175179986726ea313315a42e9e8569224369286136a12c4","1","1"
"_待确认\27_王道408\03 - OS\3-FRQ\WDOS-2027-FRQ-C04-S02-Q013.md","801a909a96d42bcfe659c61c1c1874a8eabd057c37b719a6d0540d7f3297da15","450a17d108df670564a0b92d3afdca57148798c20e67a4cab672235db490bab4","1","0"
"_待确认\27_王道408\03 - OS\3-FRQ\WDOS-2027-FRQ-C04-S02-Q014.md","d1ebda4f12bc7ece01aee790e30dc2afd5dbf17a69cb52d3a59dca1e756762d9","c291d98e896c5604056f2832e43f10092b54e94af9fc182d07e1f2fd1a2aca2b","1","1"
"_待确认\27_王道408\03 - OS\3-FRQ\WDOS-2027-FRQ-C04-S02-Q015.md","2587334e2cca9c4bf6cff05da9638c818cf36ffa639686ede1ddd9d6de6ad61b","6cd7a20180163f0c3a6dda9064dffdf13b7077cb453d27782579bac8cc5ee88b","1","1"
"_待确认\27_王道408\03 - OS\3-FRQ\WDOS-2027-FRQ-C04-S03-Q001.md","2d3559843635ee4d275e18478d99b6d4aadad72625de097580428abf9ba1ce2c","eed801200cc9767eecba73d7bf37aa044f5b1755090e9b5a30994a994417d9b3","1","1"
"_待确认\27_王道408\03 - OS\3-FRQ\WDOS-2027-FRQ-C04-S03-Q002.md","35da01bf91e418d623f23ef32df504f3ab2fb08b290f36d4ff1ea0b59606a067","22bfda309ae1092eebee097b4a45a8f1dc18aedf0913164870847f7cde68bdec","1","1"
"_待确认\27_王道408\03 - OS\3-FRQ\WDOS-2027-FRQ-C05-S01-Q001.md","920ec55069edf3ad8464e074c9351ecdf7559066abdddb97a737cb343fc1b843","319348b8ae9b3e1a2205e5ec2a07ab1f6d21d716c9f0d273f23ca2968c582f8b","1","0"
"_待确认\27_王道408\03 - OS\3-FRQ\WDOS-2027-FRQ-C05-S01-Q002.md","2d8882fc6fe8da210df7ef21556272b3517aa914dafb37a562511eb9b2964fc1","38c28f208d15907ef9dc5c56637a4de26c4b50ee8e8a6ef531feb7de3e7d6f5c","1","1"
"_待确认\27_王道408\03 - OS\3-FRQ\WDOS-2027-FRQ-C05-S02-Q001.md","91a0c11e593bf19c5aa97463a55aa488951fe064734f00fe0738b56d76f9c5a5","eda83ce48a1047f88848c9f80f2ae96a666b1a1421c6b8da3a26fdce1eb16817","1","1"
"_待确认\27_王道408\03 - OS\3-FRQ\WDOS-2027-FRQ-C05-S02-Q002.md","864be7140a419b022c41a11676da252ee2b921436670c0fac15258769adc2776","034c566f7b2020136e7226ed40762fefd38ee9654a6e4fd34bfdd4fcb8daac26","1","1"
"_待确认\27_王道408\03 - OS\3-FRQ\WDOS-2027-FRQ-C05-S02-Q003.md","4178cd0ff687d20f1a0e22ecd19909c39525667804df608112b1f40cbf902c6d","db019b4e1da7867418b1fdefb6c94fcf94003a61ec4c0a68b6adbcee4fd738c2","1","0"
"_待确认\27_王道408\03 - OS\3-FRQ\WDOS-2027-FRQ-C05-S03-Q001.md","3062936ff2df044b3c80f3e81c3027c2b57a4f12b9708db5c004594cda1053f9","eb9f8b77d54fab36e324b628772727cf4c5b02bd462d7ddab2a70f5a910a527f","1","0"
"_待确认\27_王道408\03 - OS\3-FRQ\WDOS-2027-FRQ-C05-S03-Q002.md","0d67d29990ae4a5e02beefc3e14d1f2f02d8219a1ae9da6d8595ba66ae381370","8d2a5e1a776b5fe22bb57e53d70999878ccc5c59d8b0edbe0da3ef80e0961c5c","1","0"
"_待确认\27_王道408\03 - OS\3-FRQ\WDOS-2027-FRQ-C05-S03-Q003.md","82e24af5cbbd5bc2f8910698157e224573c315146b4b455cc6300085b8a754b6","eadd85c333454d59405ae6be290fb8dc9ac690e880d811563199284bb6d43a94","1","0"
"_待确认\27_王道408\03 - OS\3-FRQ\WDOS-2027-FRQ-C05-S03-Q004.md","8a84c35c76848cbee6135fc1e0e21705a4df0e522a476dc6ef839220b69d9152","5c6b9b2f71ca1cff838e343240bde78b767b03356ba95574d5bca5d9592bfa0e","1","0"
"_待确认\27_王道408\03 - OS\3-FRQ\WDOS-2027-FRQ-C05-S03-Q005.md","8903f98be72af31bb07eac3b535733d58c36d20eef120a1588059f1c91e2225e","e45ee4f8d61e2bc05b0aef301809cae6f04d12f97e66d997aaa70a178d3820a1","1","0"
"_待确认\27_王道408\03 - OS\3-FRQ\WDOS-2027-FRQ-C05-S03-Q006.md","2adae1bbee2d61db2fb97df556bb0fb14eb916c3ef5f7c878420218e16d3c3b1","2b2e216d6e83a3a756923af896dde2bd1fa139ff258321a125e606702eaca5fc","1","0"
"_待确认\27_王道408\03 - OS\3-FRQ\WDOS-2027-FRQ-C05-S03-Q007.md","a210f341ca0a88914d9bc27d8c42ae3c5bcaeb41445bb467211848ccb8efb932","9d53b742ec9fbd127fe636658d24c9c6340d8deeef6793e8974b8daca5bea172","1","1"
"_待确认\27_王道408\03 - OS\3-FRQ\WDOS-2027-FRQ-C05-S03-Q008.md","f83c484373dba79ba2132888b7f16b6c059fccd2bcdeff10837b0129f9b972c4","dc0d5f895a199623be5aede995b5fcdac44f2a6a3f435e0378f3ef706356cea0","1","0"
"_待确认\27_王道408\03 - OS\3-FRQ\WDOS-2027-MCQ-C01-S03-Q031.md","af8b494b7183d6e1ed2b18aad04f1cc62ec8c9dd533b1d549d1c91f8482400a4","145b020b6fe7a051012cfef40bdc4d3c068bca90b1535d35621dc1c2441bc18a","1","0"
"_待确认\27_王道408\03 - OS\3-FRQ\WDOS-2027-MCQ-C02-S01-Q006.md","9fadc6164c6684d0960e4530e9275d88b6352d7c496a987790b73338c6ac8696","8cbbf13bd658698cc95bb730d85c00c1305caccc348729b777536c38dec021cc","1","0"
"_待确认\27_王道408\03 - OS\3-FRQ\WDOS-2027-MCQ-C02-S01-Q028.md","3ab1a1132226990184bd1515bc0d65b5f2328fc47b26da863c09bf944a5108a8","9436fa7532be3abc37ae1fed01b940396598025d2f8e7cd3ce5c9c0e1e213231","1","0"
"_待确认\27_王道408\03 - OS\3-FRQ\WDOS-2027-MCQ-C02-S04-Q003.md","dbaa633c896fda9f9837ac081f159d0ba9048e6f78ba4c2d0a64d8dd738edde3","c71485c5bc3ccaf6a954c2bd874f08e09dc7b3abb2600082f4234d9551a3023e","1","0"
"_待确认\27_王道408\03 - OS\3-FRQ\WDOS-2027-MCQ-C04-S02-Q008-R02.md","30fdcbdf6037c955021fe4a0ba6f5375855b7f87e862875238bbcc38057a9267","f79718b65ea7ec9d59b865cd680bc42541fa8548bd65bad85e456013c80cf476","1","0"
"_待确认\27_王道408\03 - OS\3-FRQ\WDOS-2027-MCQ-C04-S02-Q046.md","8aa0281ac389343ccfbee1a523f4c4151a66f1ae42a7a59a7487012d5f79898d","781ad2afb42e1c32fd660a5cae26ac1a5fb74b827427dabb743b9b9d32c66332","1","0"
"_待确认\27_王道408\03 - OS\3-FRQ\WDOS-2027-MCQ-C05-S02-Q021.md","db32e541f6ff163c7c9b6fcd421b5eaee868f8c01f2fe9822db2deac6c873c8f","0345a44f2728e97c1cff67663219337be8edbf91c3e99154100a5e29ffcae06d","1","0"
"_待确认\27_王道408\03 - OS\3-FRQ\WDOS-2027-MCQ-C05-S03-Q003.md","9f5c38fb74b693b74515bea78807030617cac3a5474ec334bda0bccec1888976","d415aaaa9fcbe67605be1141e802feb19e925939c50942447efade3f70684510","1","0"
