"Type","Subjects","Old","New","Count"
"knowledge","AM","0/0型极限","函数极限","1"
"knowledge","AM","凹凸性与拐点","函数凹凸性","3"
"knowledge","AM","保号性","函数极限","8"
"knowledge","AM","比较判别法","正项级数","79"
"knowledge","AM","比值判别法","正项级数","18"
"knowledge","AM","闭区域最值","函数极值","5"
"knowledge","AM","边界最值","函数极值","3"
"knowledge","AM","变力做功","定积分应用","8"
"knowledge","AM","变量代换","换元积分法","45"
"knowledge","AM","变量替换","换元积分法","33"
"knowledge","AM","变量替换法","换元积分法","3"
"knowledge","AM","变限积分/换元","变限积分","2"
"knowledge","AM","变限积分/绝对值","变限积分","1"
"knowledge","AM","变限积分/图像","变限积分","1"
"knowledge","AM","变限积分求导","变限积分","51"
"knowledge","AM","伯努利方程","微分方程","9"
"knowledge","AM","补面法","曲面积分","4"
"knowledge","AM","不等式/积分绝对值不等式","函数性质","1"
"knowledge","AM","不等式/三角不等式","不等式","2"
"knowledge","AM","不等式放缩","不等式","7"
"knowledge","AM","不等式证明","不等式","20"
"knowledge","AM","不定积分","定积分","39"
"knowledge","AM","不定积分/求不定积分/复杂根式","定积分","1"
"knowledge","AM","不定积分/求不定积分/观察","定积分","1"
"knowledge","AM","不定积分/求不定积分/三角函数","定积分","2"
"knowledge","AM","不动点","零点问题","8"
"knowledge","AM","不动点迭代","零点问题","4"
"knowledge","AM","不动点法","零点问题","4"
"knowledge","AM","部分分式","不定积分","15"
"knowledge","AM","部分分式分解","不定积分","8"
"knowledge","AM","参数方程","导数与微分","32"
"knowledge","AM","参数方程求导","导数与微分","32"
"knowledge","AM","参数化","多元函数","18"
"knowledge","AM","叉积","多元函数","13"
"knowledge","AM","常微分方程","微分方程","25"
"knowledge","AM","常系数微分方程","微分方程","3"
"knowledge","AM","常系数线性微分方程","微分方程","15"
"knowledge","AM","初值条件","微分方程","12"
"knowledge","AM","初值条件定常数","微分方程","4"
"knowledge","AM","初值问题","微分方程","11"
"knowledge","AM","垂直渐近线","渐近线","7"
"knowledge","AM","凑微分","不定积分","24"
"knowledge","AM","凑微分法","不定积分","3"
"knowledge","AM","达布定理","微分中值定理","6"
"knowledge","AM","待定系数","微分方程","4"
"knowledge","AM","待定系数法","微分方程","26"
"knowledge","AM","单侧导数","导数与微分","4"
"knowledge","AM","单侧极限","函数极限","4"
"knowledge","AM","单调性","函数单调性","130"
"knowledge","AM","单调性判定","函数单调性","3"
"knowledge","AM","单调性与极值","函数极值","17"
"knowledge","AM","单调有界","函数单调性","11"
"knowledge","AM","单调有界定理","函数单调性","18"
"knowledge","AM","单调有界准则","函数单调性","25"
"knowledge","AM","导函数极限","函数极限","4"
"knowledge","AM","导函数连续性","连续性与间断点","6"
"knowledge","AM","导数","导数与微分","16"
"knowledge","AM","导数不等式","导数与微分","3"
"knowledge","AM","导数单调性","函数单调性","6"
"knowledge","AM","导数的几何意义","导数与微分","9"
"knowledge","AM","导数的几何应用","导数应用","57"
"knowledge","AM","导数的物理应用","导数与微分","8"
"knowledge","AM","导数定义","导数与微分","124"
"knowledge","AM","导数符号","导数与微分","6"
"knowledge","AM","导数极限定理","导数与微分","5"
"knowledge","AM","导数连续性","导数与微分","3"
"knowledge","AM","导数零点","导数与微分","3"
"knowledge","AM","导数求极值","函数极值","3"
"knowledge","AM","导数应用","导数与微分","6"
"knowledge","AM","等比级数","数项级数","14"
"knowledge","AM","等比级数求和","数项级数","5"
"knowledge","AM","等价无穷小","无穷小","205"
"knowledge","AM","等价无穷小替换","无穷小","4"
"knowledge","AM","递推公式","数列极限","6"
"knowledge","AM","递推关系","数列极限","9"
"knowledge","AM","递推数列","数列极限","44"
"knowledge","AM","递推数列极限","数列极限","3"
"knowledge","AM","第二类间断点","连续性与间断点","5"
"knowledge","AM","第二类曲面积分","曲面积分","32"
"knowledge","AM","第二类曲线积分","曲线积分","32"
"knowledge","AM","第二型曲面积分","曲面积分","20"
"knowledge","AM","第二型曲线积分","曲线积分","5"
"knowledge","AM","第一类间断点","连续性与间断点","3"
"knowledge","AM","第一类曲面积分","曲面积分","25"
"knowledge","AM","第一类曲线积分","曲线积分","21"
"knowledge","AM","第一型曲面积分","曲面积分","4"
"knowledge","AM","第一型曲线积分","曲线积分","4"
"knowledge","AM","调和级数","正项级数","6"
"knowledge","AM","定积分/保序性","定积分","3"
"knowledge","AM","定积分/比大小","定积分","2"
"knowledge","AM","定积分/定义","定积分","1"
"knowledge","AM","定积分/对称性","定积分","1"
"knowledge","AM","定积分/换元","定积分","2"
"knowledge","AM","定积分/几何意义","定积分","2"
"knowledge","AM","定积分/求定积分/分段函数","定积分","1"
"knowledge","AM","定积分比较","定积分","8"
"knowledge","AM","定积分比较定理","定积分","3"
"knowledge","AM","定积分不等式","定积分","22"
"knowledge","AM","定积分的计算","定积分","47"
"knowledge","AM","定积分定义","定积分","37"
"knowledge","AM","定积分估值","定积分","3"
"knowledge","AM","定积分换元","定积分","7"
"knowledge","AM","定积分换元法","定积分","5"
"knowledge","AM","定积分几何意义","定积分","5"
"knowledge","AM","定积分几何应用","定积分","3"
"knowledge","AM","定积分面积","定积分","3"
"knowledge","AM","定积分求面积","定积分","7"
"knowledge","AM","定积分性质","定积分","5"
"knowledge","AM","对称性化简","对称性","10"
"knowledge","AM","对弧长曲线积分","曲线积分","5"
"knowledge","AM","对面积曲面积分","曲面积分","4"
"knowledge","AM","对数不等式","不等式","3"
"knowledge","AM","对数函数","函数性质","7"
"knowledge","AM","对数函数积分","函数性质","3"
"knowledge","AM","对数求导","导数与微分","3"
"knowledge","AM","对数求导法","导数与微分","6"
"knowledge","AM","对坐标曲面积分","曲面积分","3"
"knowledge","AM","对坐标曲线积分","曲线积分","4"
"knowledge","AM","多元复合函数","多元复合函数求导","5"
"knowledge","AM","多元函数积分学","多元函数","47"
"knowledge","AM","多元函数极限","多元函数","8"
"knowledge","AM","多元函数可微性","全微分","3"
"knowledge","AM","多元函数连续性","连续性与间断点","3"
"knowledge","AM","多元函数连续性与可导性","导数与微分","3"
"knowledge","AM","多元函数微分","全微分","11"
"knowledge","AM","多元函数微分学","全微分","69"
"knowledge","AM","多元函数微分学及其应用","全微分","68"
"knowledge","AM","多元函数最值","多元函数极值","16"
"knowledge","AM","多元积分的预备知识","多元函数","29"
"knowledge","AM","多元极值","多元函数极值","14"
"knowledge","AM","二次曲面","多元函数","6"
"knowledge","AM","二次曲面分类","多元函数","1"
"knowledge","AM","二次型","多元函数极值","9"
"knowledge","AM","二次型正定","多元函数极值","1"
"knowledge","AM","二阶常系数","微分方程","8"
"knowledge","AM","二阶常系数非齐次","微分方程","5"
"knowledge","AM","二阶常系数非齐次方程","微分方程","13"
"knowledge","AM","二阶常系数齐次方程","微分方程","10"
"knowledge","AM","二阶常系数微分方程","微分方程","4"
"knowledge","AM","二阶常系数线性微分方程","微分方程","16"
"knowledge","AM","二阶导数","高阶导数","59"
"knowledge","AM","二阶混合偏导","偏导数","9"
"knowledge","AM","二阶偏导","偏导数","10"
"knowledge","AM","二阶偏导判别","偏导数","3"
"knowledge","AM","二阶偏导数","偏导数","14"
"knowledge","AM","二阶微分方程","微分方程","5"
"knowledge","AM","二元函数极限","函数极限","4"
"knowledge","AM","二元函数极值","函数极值","4"
"knowledge","AM","二重积分对称性","二重积分","3"
"knowledge","AM","二重积分换序","二重积分","3"
"knowledge","AM","二重积分换元","二重积分","3"
"knowledge","AM","二重积分计算","二重积分","10"
"knowledge","AM","二重极限","函数极限","4"
"knowledge","AM","法向量","多元函数","6"
"knowledge","AM","反常积分/敛散性","数项级数","1"
"knowledge","AM","反常积分/求反常积分","反常积分","1"
"knowledge","AM","反常积分敛散性","数项级数","16"
"knowledge","AM","反函数","连续性与间断点","16"
"knowledge","AM","反函数求导","导数与微分","11"
"knowledge","AM","反例/极限与导数","导数与微分","2"
"knowledge","AM","反例构造","不等式","15"
"knowledge","AM","反三角函数","函数性质","12"
"knowledge","AM","反三角函数积分","函数性质","3"
"knowledge","AM","反三角函数求导","函数性质","4"
"knowledge","AM","反正切函数","函数性质","7"
"knowledge","AM","反证法","不等式","16"
"knowledge","AM","方向导数","方向导数与梯度","53"
"knowledge","AM","非齐次方程组","微分方程","1"
"knowledge","AM","非齐次通解","微分方程","1"
"knowledge","AM","分段函数","连续性与间断点","61"
"knowledge","AM","分段函数积分","连续性与间断点","4"
"knowledge","AM","分段函数可导性","导数与微分","3"
"knowledge","AM","分段函数求导","连续性与间断点","5"
"knowledge","AM","分段积分","不定积分","15"
"knowledge","AM","分离变量法","微分方程","9"
"knowledge","AM","分区域积分","二重积分","14"
"knowledge","AM","辅助函数","微分中值定理","43"
"knowledge","AM","辅助函数构造","微分中值定理","30"
"knowledge","AM","复合函数","导数与微分","24"
"knowledge","AM","复合函数极限","导数与微分","7"
"knowledge","AM","复合函数偏导","导数与微分","11"
"knowledge","AM","复合函数求导","导数与微分","63"
"knowledge","AM","傅里叶系数","傅里叶级数","6"
"knowledge","AM","高阶无穷小","无穷小","17"
"knowledge","AM","割线斜率","导数与微分","6"
"knowledge","AM","根值判别法","正项级数","5"
"knowledge","AM","拐点","函数凹凸性","28"
"knowledge","AM","拐点判定","函数凹凸性","6"
"knowledge","AM","含参变量积分","变限积分","14"
"knowledge","AM","含绝对值积分","函数性质","3"
"knowledge","AM","函数-极限-连续","连续性与间断点","118"
"knowledge","AM","函数不等式","不等式","4"
"knowledge","AM","函数的凹凸性","函数凹凸性","68"
"knowledge","AM","函数对称性","对称性","4"
"knowledge","AM","函数方程","函数极限","24"
"knowledge","AM","函数连续性","连续性与间断点","9"
"knowledge","AM","函数零点个数","零点问题","3"
"knowledge","AM","函数平均值","定积分","9"
"knowledge","AM","函数奇偶性","函数性质","4"
"knowledge","AM","函数项级数","数项级数","3"
"knowledge","AM","函数有界性","连续性与间断点","10"
"knowledge","AM","函数最值","函数极值","20"
"knowledge","AM","和函数","幂级数","37"
"knowledge","AM","和函数求解","幂级数","3"
"knowledge","AM","和式极限","函数极限","5"
"knowledge","AM","黑塞矩阵","多元函数极值","6"
"knowledge","AM","黑塞矩阵判别","多元函数极值","3"
"knowledge","AM","弧长","定积分应用","20"
"knowledge","AM","弧长公式","定积分应用","10"
"knowledge","AM","弧长微元","定积分应用","8"
"knowledge","AM","混合偏导","偏导数","8"
"knowledge","AM","混合偏导数","偏导数","4"
"knowledge","AM","积分不等式","定积分","40"
"knowledge","AM","积分的概念与性质","定积分","44"
"knowledge","AM","积分的几何应用","定积分应用","45"
"knowledge","AM","积分的计算","一元函数积分学","73"
"knowledge","AM","积分的物理应用","定积分应用","12"
"knowledge","AM","积分等式","定积分","4"
"knowledge","AM","积分等式与积分不等式","定积分","21"
"knowledge","AM","积分方程","不定积分","15"
"knowledge","AM","积分估值","定积分","5"
"knowledge","AM","积分判别法","正项级数","12"
"knowledge","AM","积分区域","二重积分","11"
"knowledge","AM","积分区域确定","二重积分","2"
"knowledge","AM","积分上限函数","变限积分","29"
"knowledge","AM","积分上限函数求导","变限积分","3"
"knowledge","AM","积分因子","微分方程","20"
"knowledge","AM","积分因子法","微分方程","17"
"knowledge","AM","积分与路径无关","格林公式","12"
"knowledge","AM","积分中值定理","定积分","34"
"knowledge","AM","级数敛散性","数项级数","52"
"knowledge","AM","级数求和","数项级数","29"
"knowledge","AM","级数收敛","数项级数","46"
"knowledge","AM","级数收敛必要条件","数项级数","6"
"knowledge","AM","级数收敛性","数项级数","7"
"knowledge","AM","极限","函数极限","165"
"knowledge","AM","极限/带有变限积分类","变限积分","4"
"knowledge","AM","极限/洛必达/洛必达链","洛必达法则","2"
"knowledge","AM","极限/洛必达/使用条件","洛必达法则","7"
"knowledge","AM","极限/泰勒公式","泰勒公式","1"
"knowledge","AM","极限保号性","函数极限","7"
"knowledge","AM","极限比较","函数极限","3"
"knowledge","AM","极限比较判别法","正项级数","12"
"knowledge","AM","极限存在性","函数极限","15"
"knowledge","AM","极限定义","函数极限","6"
"knowledge","AM","极限函数","函数极限","5"
"knowledge","AM","极限计算","函数极限","86"
"knowledge","AM","极限四则运算","函数极限","3"
"knowledge","AM","极限条件","函数极限","2"
"knowledge","AM","极限与函数值","函数极限","3"
"knowledge","AM","极限运算","函数极限","15"
"knowledge","AM","极值","函数极值","56"
"knowledge","AM","极值必要条件","函数极值","4"
"knowledge","AM","极值点","函数极值","14"
"knowledge","AM","极值定义","函数极值","6"
"knowledge","AM","极值判别","函数极值","4"
"knowledge","AM","极值判别法","函数极值","4"
"knowledge","AM","极值判定","函数极值","13"
"knowledge","AM","极值条件","函数极值","4"
"knowledge","AM","极值与最值","函数极值","29"
"knowledge","AM","极坐标","二重积分","70"
"knowledge","AM","极坐标变换","二重积分","65"
"knowledge","AM","极坐标面积","二重积分","5"
"knowledge","AM","夹逼定理","函数极限","8"
"knowledge","AM","夹逼准则","数列极限","31"
"knowledge","AM","间断点","连续性与间断点","28"
"knowledge","AM","间断点分类","连续性与间断点","12"
"knowledge","AM","渐近线求法","渐近线","6"
"knowledge","AM","降阶法","微分方程","6"
"knowledge","AM","交换积分次序","二重积分","40"
"knowledge","AM","解的结构","微分方程","18"
"knowledge","AM","解的有界性","连续性与间断点","4"
"knowledge","AM","介值定理","微分中值定理","16"
"knowledge","AM","距离公式","多元函数","6"
"knowledge","AM","绝对收敛","数项级数","45"
"knowledge","AM","绝对收敛与条件收敛","数项级数","6"
"knowledge","AM","绝对值","函数性质","10"
"knowledge","AM","绝对值不等式","函数性质","3"
"knowledge","AM","绝对值处理","函数性质","4"
"knowledge","AM","绝对值函数","函数性质","23"
"knowledge","AM","均值不等式","不等式","7"
"knowledge","AM","柯西-施瓦茨不等式","不等式","1"
"knowledge","AM","柯西不等式","不等式","10"
"knowledge","AM","柯西中值定理","微分中值定理","9"
"knowledge","AM","可导性","导数与微分","25"
"knowledge","AM","可导性判定","导数与微分","3"
"knowledge","AM","可分离变量","微分方程","23"
"knowledge","AM","可分离变量微分方程","微分方程","18"
"knowledge","AM","可降阶微分方程","微分方程","9"
"knowledge","AM","可去间断点","连续性与间断点","9"
"knowledge","AM","可微性","全微分","19"
"knowledge","AM","可微性判定","全微分","4"
"knowledge","AM","空间解析几何","多元函数","27"
"knowledge","AM","空间曲线","多元函数","7"
"knowledge","AM","拉格朗日乘数法","多元函数极值","24"
"knowledge","AM","拉格朗日中值定理","微分中值定理","66"
"knowledge","AM","莱布尼茨公式","高阶导数","13"
"knowledge","AM","莱布尼茨判别法","交错级数","26"
"knowledge","AM","累次积分","二重积分","17"
"knowledge","AM","累次极限","函数极限","4"
"knowledge","AM","黎曼和","定积分","24"
"knowledge","AM","连续函数","连续性与间断点","11"
"knowledge","AM","连续函数介值定理","微分中值定理","3"
"knowledge","AM","连续性","连续性与间断点","76"
"knowledge","AM","连续性与可导性","导数与微分","17"
"knowledge","AM","敛散性","数项级数","7"
"knowledge","AM","链式法则","多元复合函数求导","74"
"knowledge","AM","裂项求和","数项级数","11"
"knowledge","AM","裂项相消","数项级数","21"
"knowledge","AM","零点定理","微分中值定理","27"
"knowledge","AM","零点个数","零点问题","10"
"knowledge","AM","路径无关","格林公式","14"
"knowledge","AM","轮换对称性","对称性","10"
"knowledge","AM","罗尔定理","微分中值定理","36"
"knowledge","AM","罗尔定理/罗尔定理零点","微分中值定理","1"
"knowledge","AM","麦克劳林公式","幂级数","5"
"knowledge","AM","麦克劳林展开","幂级数","9"
"knowledge","AM","幂级数和函数","幂级数","4"
"knowledge","AM","幂级数求和","幂级数","11"
"knowledge","AM","幂级数收敛半径","幂级数","7"
"knowledge","AM","幂级数收敛域","幂级数","4"
"knowledge","AM","幂级数展开","幂级数","26"
"knowledge","AM","幂指函数","函数极限","22"
"knowledge","AM","幂指函数极限","函数极限","18"
"knowledge","AM","面积计算","定积分应用","7"
"knowledge","AM","牛顿-莱布尼茨公式","高阶导数","4"
"knowledge","AM","牛顿莱布尼茨公式","高阶导数","3"
"knowledge","AM","欧拉方程","微分方程","9"
"knowledge","AM","偶函数","函数性质","10"
"knowledge","AM","偏导数存在性","偏导数","4"
"knowledge","AM","偏导数定义","偏导数","8"
"knowledge","AM","偏导数计算","偏导数","10"
"knowledge","AM","偏导数连续性","偏导数","4"
"knowledge","AM","偏微分方程","微分方程","17"
"knowledge","AM","平面法向量","多元函数","3"
"knowledge","AM","平面方程","多元函数","14"
"knowledge","AM","平面曲线弧长","定积分应用","6"
"knowledge","AM","平面图形面积","定积分应用","16"
"knowledge","AM","齐次方程","微分方程","32"
"knowledge","AM","齐次微分方程","微分方程","5"
"knowledge","AM","奇点处理","反常积分","6"
"knowledge","AM","奇函数","函数性质","8"
"knowledge","AM","奇偶对称性","对称性","5"
"knowledge","AM","奇偶函数","函数性质","4"
"knowledge","AM","奇偶性","函数性质","48"
"knowledge","AM","奇偶性积分","函数性质","2"
"knowledge","AM","铅直渐近线","渐近线","3"
"knowledge","AM","切比雪夫不等式","不等式","2"
"knowledge","AM","切平面","多元函数","20"
"knowledge","AM","切平面方程","多元函数","3"
"knowledge","AM","切线方程","导数应用","30"
"knowledge","AM","琴生不等式","不等式","2"
"knowledge","AM","球坐标","三重积分","12"
"knowledge","AM","球坐标变换","三重积分","4"
"knowledge","AM","区域分割","二重积分","6"
"knowledge","AM","曲率","导数应用","15"
"knowledge","AM","曲率半径","导数应用","5"
"knowledge","AM","曲率与曲率半径","导数应用","3"
"knowledge","AM","曲率圆","导数应用","8"
"knowledge","AM","曲面定向","曲面积分","5"
"knowledge","AM","曲线的渐近线","渐近线","9"
"knowledge","AM","曲线弧长","定积分应用","5"
"knowledge","AM","曲线积分与路径无关","格林公式","3"
"knowledge","AM","取整函数","函数性质","10"
"knowledge","AM","全微分方程","全微分","7"
"knowledge","AM","全微分求原函数","全微分","4"
"knowledge","AM","全微分条件","全微分","5"
"knowledge","AM","三角不等式","不等式","4"
"knowledge","AM","三角代换","换元积分法","10"
"knowledge","AM","三角函数","函数性质","7"
"knowledge","AM","三角函数积分","函数性质","7"
"knowledge","AM","三角换元","换元积分法","11"
"knowledge","AM","散度","高斯公式","17"
"knowledge","AM","收敛半径","幂级数","31"
"knowledge","AM","收敛域","幂级数","39"
"knowledge","AM","数列收敛","数列极限","8"
"knowledge","AM","数项级数求和","数项级数","11"
"knowledge","AM","双曲函数","函数性质","7"
"knowledge","AM","水平渐近线","渐近线","9"
"knowledge","AM","泰勒级数","幂级数","16"
"knowledge","AM","泰勒中值定理","泰勒公式","3"
"knowledge","AM","特解","微分方程","31"
"knowledge","AM","特征方程","微分方程","29"
"knowledge","AM","特征根","微分方程","6"
"knowledge","AM","特征根法","微分方程","3"
"knowledge","AM","梯度","方向导数与梯度","30"
"knowledge","AM","条件极值","多元函数极值","46"
"knowledge","AM","条件收敛","数项级数","32"
"knowledge","AM","条件最值","函数极值","2"
"knowledge","AM","跳跃间断点","连续性与间断点","3"
"knowledge","AM","通解","微分方程","34"
"knowledge","AM","通解结构","微分方程","5"
"knowledge","AM","通量","曲面积分","4"
"knowledge","AM","同阶无穷小","无穷小","3"
"knowledge","AM","凸函数","函数凹凸性","20"
"knowledge","AM","凸函数性质","函数凹凸性","4"
"knowledge","AM","万有引力","定积分应用","6"
"knowledge","AM","微分不等式","不等式","13"
"knowledge","AM","微分方程/伯努利方程","微分方程","1"
"knowledge","AM","微分方程/二阶齐次线性","微分方程","2"
"knowledge","AM","微分方程/高阶微分方程","微分方程","1"
"knowledge","AM","微分方程/配凑","微分方程","3"
"knowledge","AM","微分方程/全微分方程","全微分","2"
"knowledge","AM","微分方程/一阶线性微分方程/带有上下限的解","微分方程","3"
"knowledge","AM","微分方程的应用","微分方程","8"
"knowledge","AM","微分方程及其应用","微分方程","65"
"knowledge","AM","微分方程求解","微分方程","4"
"knowledge","AM","微积分基本定理","定积分","15"
"knowledge","AM","微元法","定积分应用","19"
"knowledge","AM","无穷级数","数项级数","128"
"knowledge","AM","无穷级数求和","数项级数","2"
"knowledge","AM","无穷间断点","连续性与间断点","3"
"knowledge","AM","无穷小比较","无穷小","24"
"knowledge","AM","无穷小比阶","无穷小","4"
"knowledge","AM","无穷小阶","无穷小","13"
"knowledge","AM","无穷小阶的比较","无穷小","9"
"knowledge","AM","无穷小阶数","无穷小","4"
"knowledge","AM","无穷小量","无穷小","10"
"knowledge","AM","无穷小量比较","无穷小","4"
"knowledge","AM","无穷小量阶","无穷小","4"
"knowledge","AM","无穷远极限","函数极限","9"
"knowledge","AM","无条件极值","多元函数极值","6"
"knowledge","AM","瑕积分","反常积分","8"
"knowledge","AM","线性微分方程","微分方程","4"
"knowledge","AM","相关变化率","导数应用","15"
"knowledge","AM","向量运算","多元函数","7"
"knowledge","AM","斜渐近线","渐近线","22"
"knowledge","AM","形心","定积分应用","15"
"knowledge","AM","形心坐标","定积分应用","6"
"knowledge","AM","旋度","曲面积分","13"
"knowledge","AM","旋度计算","曲面积分","3"
"knowledge","AM","旋转曲面","定积分应用","16"
"knowledge","AM","旋转曲面方程","定积分应用","7"
"knowledge","AM","旋转曲面面积","定积分应用","7"
"knowledge","AM","旋转体表面积","定积分应用","5"
"knowledge","AM","旋转体体积","定积分应用","76"
"knowledge","AM","压缩映射","函数极限","10"
"knowledge","AM","雅可比行列式","二重积分","14"
"knowledge","AM","一阶微分方程","微分方程","22"
"knowledge","AM","一阶线性","微分方程","13"
"knowledge","AM","一阶线性方程","微分方程","10"
"knowledge","AM","一阶线性微分方程","微分方程","62"
"knowledge","AM","一元函数积分学及其应用","一元函数积分学","127"
"knowledge","AM","一元函数微分学的概念","导数与微分","37"
"knowledge","AM","一元函数微分学的计算","导数与微分","34"
"knowledge","AM","一元函数微分学及其应用","导数与微分","107"
"knowledge","AM","一元微分/导数","导数与微分","2"
"knowledge","AM","一元微分/导数/爸爸儿子理论","导数与微分","1"
"knowledge","AM","一元微分/导数/导数极限定理","导数与微分","4"
"knowledge","AM","一元微分/导数/定义","导数与微分","3"
"knowledge","AM","一元微分/导数/定义/左右导数与导数的左右极限","导数与微分","1"
"knowledge","AM","一元微分/几何应用/渐近线","渐近线","1"
"knowledge","AM","一元微分/几何应用/渐近线/构造齐次","渐近线","1"
"knowledge","AM","隐函数","多元隐函数","32"
"knowledge","AM","隐函数存在定理","多元隐函数","7"
"knowledge","AM","隐函数求导","多元隐函数","73"
"knowledge","AM","隐函数求偏导","多元隐函数","4"
"knowledge","AM","有界性","连续性与间断点","12"
"knowledge","AM","有理函数积分","不定积分","25"
"knowledge","AM","右导数","导数与微分","3"
"knowledge","AM","余弦级数","傅里叶级数","7"
"knowledge","AM","原函数","不定积分","22"
"knowledge","AM","原函数存在性","不定积分","3"
"knowledge","AM","原函数与不定积分","定积分","4"
"knowledge","AM","圆柱壳法","定积分应用","5"
"knowledge","AM","正定二次型","多元函数极值","1"
"knowledge","AM","正项级数判别法","正项级数","6"
"knowledge","AM","直线方程","多元函数","14"
"knowledge","AM","指数函数极限","函数极限","3"
"knowledge","AM","质心","定积分应用","5"
"knowledge","AM","质心公式","定积分应用","3"
"knowledge","AM","质心坐标","定积分应用","5"
"knowledge","AM","中值定理","微分中值定理","21"
"knowledge","AM","中值定理/费马定理","微分中值定理","1"
"knowledge","AM","中值定理/积分/广义积分中值定理","反常积分","1"
"knowledge","AM","中值定理/积分/积分中值定理","定积分","1"
"knowledge","AM","中值定理/拉格朗日中值定理","微分中值定理","1"
"knowledge","AM","中值定理/求导构造","微分中值定理","1"
"knowledge","AM","中值定理与微分不等式","微分中值定理","43"
"knowledge","AM","重积分的应用","二重积分","8"
"knowledge","AM","重积分及其应用","二重积分","78"
"knowledge","AM","重要极限","数列极限","22"
"knowledge","AM","周期函数","函数性质","22"
"knowledge","AM","周期性","函数性质","7"
"knowledge","AM","逐项积分","幂级数","8"
"knowledge","AM","逐项求导","幂级数","9"
"knowledge","AM","驻点","函数极值","20"
"knowledge","AM","驻点求解","函数极值","9"
"knowledge","AM","柱壳法","定积分应用","5"
"knowledge","AM","柱坐标","三重积分","13"
"knowledge","AM","锥面","多元函数","6"
"knowledge","AM","锥面方程","多元函数","7"
"knowledge","AM","最大方向导数","方向导数与梯度","3"
"knowledge","AM","最值","函数极值","28"
"knowledge","AM","最值存在性","函数极值","3"
"knowledge","AM","最值定理","函数极值","3"
"knowledge","AM","最值问题","函数极值","13"
"knowledge","AM","左右导数","导数与微分","14"
"knowledge","AM","左右极限","函数极限","10"
"knowledge","AM","Green公式","格林公式","4"
"knowledge","AM","Hessian矩阵","多元函数极值","8"
"knowledge","AM","Jensen不等式","不等式","6"
"knowledge","AM","p-级数","正项级数","8"
"knowledge","AM","p级数","正项级数","14"
"knowledge","AM","p级数敛散性","正项级数","4"
"knowledge","AM","Riemann和","定积分","9"
"knowledge","AM","Rolle定理","微分中值定理","12"
"knowledge","AM","Stokes公式","斯托克斯公式","4"
"knowledge","AM","Sylvester不等式","不等式","1"
"knowledge","AM","Taylor展开","泰勒公式","20"
"knowledge","CN","报文交换","交换技术","7"
"knowledge","CN","本地域名服务器","DNS","4"
"knowledge","CN","差错控制","滑动窗口与可靠传输","9"
"knowledge","CN","超时处理","TCP可靠传输","5"
"knowledge","CN","超时重传","TCP可靠传输","12"
"knowledge","CN","冲突避免","介质访问控制","5"
"knowledge","CN","冲突检测","介质访问控制","8"
"knowledge","CN","冲突域","以太网","22"
"knowledge","CN","传播时延","信道容量","22"
"knowledge","CN","传播时延计算","信道容量","3"
"knowledge","CN","传输层功能","传输层","7"
"knowledge","CN","传输层协议","传输层","8"
"knowledge","CN","存储转发","交换技术","10"
"knowledge","CN","带宽计算","信道容量","2"
"knowledge","CN","单位换算","信道容量","6"
"knowledge","CN","递归查询","DNS","3"
"knowledge","CN","电路交换","交换技术","8"
"knowledge","CN","电气特性","物理层","4"
"knowledge","CN","电子邮件协议","电子邮件","4"
"knowledge","CN","迭代查询","DNS","4"
"knowledge","CN","端口号","传输层","6"
"knowledge","CN","发送窗口","TCP流量控制","19"
"knowledge","CN","发送窗口大小","TCP流量控制","4"
"knowledge","CN","发送窗口计算","TCP流量控制","3"
"knowledge","CN","发送时延","信道容量","10"
"knowledge","CN","分组交换","交换技术","21"
"knowledge","CN","广播地址","IP地址与子网划分","8"
"knowledge","CN","广播域","以太网","16"
"knowledge","CN","后退N帧协议","滑动窗口与可靠传输","15"
"knowledge","CN","滑动窗口","滑动窗口与可靠传输","25"
"knowledge","CN","机械特性","物理层","4"
"knowledge","CN","集线器","以太网","12"
"knowledge","CN","集线器工作原理","以太网","3"
"knowledge","CN","检错能力","差错检测","4"
"knowledge","CN","交换机","以太网","8"
"knowledge","CN","交换机自学习","以太网","3"
"knowledge","CN","接收窗口","TCP流量控制","9"
"knowledge","CN","距离向量算法","路由协议","7"
"knowledge","CN","可靠传输","滑动窗口与可靠传输","12"
"knowledge","CN","控制连接","FTP","11"
"knowledge","CN","累计确认","TCP可靠传输","14"
"knowledge","CN","链路带宽","信道容量","3"
"knowledge","CN","令牌环网络","介质访问控制","5"
"knowledge","CN","流量控制","滑动窗口与可靠传输","22"
"knowledge","CN","路由表","路由协议","14"
"knowledge","CN","路由表更新","路由协议","3"
"knowledge","CN","路由聚合","路由协议","8"
"knowledge","CN","路由器","网络层","10"
"knowledge","CN","路由器转发","路由协议","6"
"knowledge","CN","路由协议分类","路由协议","3"
"knowledge","CN","路由选择","路由协议","4"
"knowledge","CN","码元速率","编码与调制","4"
"knowledge","CN","曼彻斯特编码","编码与调制","9"
"knowledge","CN","模2除法","差错检测","4"
"knowledge","CN","默认路由","路由协议","6"
"knowledge","CN","默认网关","IP地址与子网划分","5"
"knowledge","CN","奈奎斯特定理","信道容量","10"
"knowledge","CN","片偏移","IP分片","7"
"knowledge","CN","频分复用","物理层","3"
"knowledge","CN","全双工通信","物理层","6"
"knowledge","CN","确认号","TCP可靠传输","5"
"knowledge","CN","生成多项式","差错检测","4"
"knowledge","CN","时分复用","物理层","4"
"knowledge","CN","数据报方式","交换技术","4"
"knowledge","CN","数据报服务","网络层","3"
"knowledge","CN","数据传输速率","信道容量","12"
"knowledge","CN","数据连接","FTP","10"
"knowledge","CN","数据链路层功能","数据链路层","7"
"knowledge","CN","双绞线","物理层","5"
"knowledge","CN","停止-等待协议","滑动窗口与可靠传输","17"
"knowledge","CN","同轴电缆","物理层","4"
"knowledge","CN","吞吐量","信道容量","3"
"knowledge","CN","吞吐量计算","信道容量","2"
"knowledge","CN","网络层功能","网络层","4"
"knowledge","CN","网络层设备","网络层","4"
"knowledge","CN","网络层协议","网络层","5"
"knowledge","CN","网络地址","IP地址与子网划分","4"
"knowledge","CN","网络地址计算","IP地址与子网划分","4"
"knowledge","CN","网络设备层次","网络体系结构","4"
"knowledge","CN","网络协议三要素","网络体系结构","4"
"knowledge","CN","伪首部","UDP","4"
"knowledge","CN","物理层功能","物理层","4"
"knowledge","CN","物理层设备","物理层","9"
"knowledge","CN","香农公式","信道容量","6"
"knowledge","CN","信道利用率","信道容量","21"
"knowledge","CN","信噪比","信道容量","3"
"knowledge","CN","信噪比换算","信道容量","4"
"knowledge","CN","虚电路","网络层","6"
"knowledge","CN","虚电路标识","网络层","3"
"knowledge","CN","序号空间","TCP可靠传输","5"
"knowledge","CN","选择重传协议","滑动窗口与可靠传输","11"
"knowledge","CN","移动IP","IP地址与子网划分","3"
"knowledge","CN","以太网交换机","以太网","6"
"knowledge","CN","以太网帧封装","以太网","3"
"knowledge","CN","以太网帧格式","以太网","8"
"knowledge","CN","应用层协议","网络体系结构","15"
"knowledge","CN","拥塞避免","TCP拥塞控制","11"
"knowledge","CN","拥塞窗口","TCP拥塞控制","8"
"knowledge","CN","拥塞窗口增长","TCP拥塞控制","3"
"knowledge","CN","域名服务器","DNS","3"
"knowledge","CN","争用期","介质访问控制","6"
"knowledge","CN","主动模式","FTP","4"
"knowledge","CN","字节流编号","TCP可靠传输","5"
"knowledge","CN","子网划分","IP地址与子网划分","29"
"knowledge","CN","子网掩码","IP地址与子网划分","20"
"knowledge","CN","子网掩码计算","IP地址与子网划分","5"
"knowledge","CN","最大数据传输速率","信道容量","3"
"knowledge","CN","最小帧长","以太网","9"
"knowledge","CN","最长前缀匹配","路由协议","7"
"knowledge","CN","ARPAnet","ARP","1"
"knowledge","CN","BGP","路由协议","4"
"knowledge","CN","CIDR","IP地址与子网划分","7"
"knowledge","CN","CIDR地址块","IP地址与子网划分","4"
"knowledge","CN","Cookie","HTTP","1"
"knowledge","CN","CRC","差错检测","5"
"knowledge","CN","CSMA","介质访问控制","2"
"knowledge","CN","CSMA_CA","介质访问控制","9"
"knowledge","CN","CSMA_CD","介质访问控制","29"
"knowledge","CN","CSMA_CD对比","介质访问控制","1"
"knowledge","CN","CSMA_CD机制","介质访问控制","2"
"knowledge","CN","CSMA_CD距离计算","介质访问控制","1"
"knowledge","CN","DHCP","IP地址与子网划分","5"
"knowledge","CN","DIFS","介质访问控制","2"
"knowledge","CN","Dijkstra算法","路由协议","3"
"knowledge","CN","DNS域名解析","DNS","11"
"knowledge","CN","FSK","编码与调制","1"
"knowledge","CN","HTTP_1.0","HTTP","1"
"knowledge","CN","HTTP10","HTTP","1"
"knowledge","CN","HTTP11","HTTP","1"
"knowledge","CN","ICMP差错报文","ICMP","3"
"knowledge","CN","ICMPv6","ICMP","1"
"knowledge","CN","IEEE802.11","介质访问控制","1"
"knowledge","CN","IEEE802.3","介质访问控制","1"
"knowledge","CN","IEEE802.5","介质访问控制","1"
"knowledge","CN","IGMP","ICMP","1"
"knowledge","CN","IP","网络层","6"
"knowledge","CN","IP地址","IP地址与子网划分","8"
"knowledge","CN","IP数据报转发","网络层","4"
"knowledge","CN","IPv4地址分类","IP地址与子网划分","8"
"knowledge","CN","IPv4分片","IP分片","3"
"knowledge","CN","IPv6","IP地址与子网划分","1"
"knowledge","CN","IPv6地址长度","IP地址与子网划分","3"
"knowledge","CN","IPv6QoS","IP地址与子网划分","1"
"knowledge","CN","MAC地址","以太网","4"
"knowledge","CN","MAC地址表","以太网","4"
"knowledge","CN","MF标志","IP分片","3"
"knowledge","CN","MIME","电子邮件","1"
"knowledge","CN","MSL","TCP连接管理","1"
"knowledge","CN","MSS","TCP","2"
"knowledge","CN","MTU","IP分片","6"
"knowledge","CN","NAPT","IP地址与子网划分","1"
"knowledge","CN","NAT","IP地址与子网划分","4"
"knowledge","CN","OSI参考模型","网络体系结构","37"
"knowledge","CN","OSPF","路由协议","9"
"knowledge","CN","PIFS","介质访问控制","1"
"knowledge","CN","POP3","电子邮件","5"
"knowledge","CN","POP3IMAP","电子邮件","1"
"knowledge","CN","PPP","数据链路层","6"
"knowledge","CN","QAM调制","编码与调制","3"
"knowledge","CN","RARP","ARP","2"
"knowledge","CN","RIP","路由协议","11"
"knowledge","CN","RTS_CTS","介质访问控制","1"
"knowledge","CN","RTS_CTS机制","介质访问控制","1"
"knowledge","CN","RTS_CTS信道预约","介质访问控制","1"
"knowledge","CN","RTS_CTS预约信道","介质访问控制","1"
"knowledge","CN","RTT","TCP可靠传输","2"
"knowledge","CN","RTT计算","TCP可靠传输","7"
"knowledge","CN","Session","HTTP","1"
"knowledge","CN","SIFS","介质访问控制","2"
"knowledge","CN","SMTP","电子邮件","13"
"knowledge","CN","ssthresh","TCP拥塞控制","1"
"knowledge","CN","TCP_IP参考模型","TCP","6"
"knowledge","CN","TCP_IP协议栈","TCP","5"
"knowledge","CN","TCP_UDP应用","TCP","1"
"knowledge","CN","TCP端口","TCP","3"
"knowledge","CN","TCP连接","TCP连接管理","4"
"knowledge","CN","TCP连接建立","TCP连接管理","4"
"knowledge","CN","TCP连接释放","TCP连接管理","5"
"knowledge","CN","TCP慢开始","TCP拥塞控制","18"
"knowledge","CN","TCP三次握手","TCP连接管理","15"
"knowledge","CN","TCP首部格式","TCP","4"
"knowledge","CN","TCP四次挥手","TCP连接管理","8"
"knowledge","CN","TCP序号","TCP可靠传输","6"
"knowledge","CN","TCP与UDP区别","TCP","3"
"knowledge","CN","TIME_WAIT","TCP连接管理","4"
"knowledge","CN","UDP检验和","UDP","3"
"knowledge","CN","UDP首部字段","UDP","4"
"knowledge","CN","VLAN","以太网","5"
"knowledge","CN","VLSM","IP地址与子网划分","1"
"knowledge","CO","8b_10b编码","定点数与编码","1"
"knowledge","CO","编址方式","寻址方式","6"
"knowledge","CO","变址寻址","寻址方式","6"
"knowledge","CO","标志寄存器","CPU数据通路","4"
"knowledge","CO","标志位","CPU数据通路","11"
"knowledge","CO","补码","定点数与编码","14"
"knowledge","CO","补码表示","定点数与编码","19"
"knowledge","CO","补码除法","定点数与编码","4"
"knowledge","CO","补码范围","定点数与编码","3"
"knowledge","CO","补码运算","定点数与编码","42"
"knowledge","CO","补码转换","定点数与编码","4"
"knowledge","CO","超标量流水线","指令流水线","3"
"knowledge","CO","程序计数器","CPU数据通路","13"
"knowledge","CO","串行总线","总线","4"
"knowledge","CO","垂直型微指令","控制器","3"
"knowledge","CO","磁盘访问时间","外部存储器","1"
"knowledge","CO","磁盘I_O","I_O系统","1"
"knowledge","CO","存储层次","Cache","6"
"knowledge","CO","存储程序","计算机系统概述","5"
"knowledge","CO","存储器分类","主存储器","7"
"knowledge","CO","存储器扩展","主存储器","15"
"knowledge","CO","存储器映射I_O","I_O系统","1"
"knowledge","CO","存储系统","Cache","5"
"knowledge","CO","存取周期","主存储器","12"
"knowledge","CO","大小端","定点数与编码","3"
"knowledge","CO","单位换算","计算机性能指标","12"
"knowledge","CO","单周期CPU","指令流水线","5"
"knowledge","CO","单总线","总线","3"
"knowledge","CO","单总线数据通路","总线","3"
"knowledge","CO","地址复用","主存储器","6"
"knowledge","CO","地址计算","寻址方式","14"
"knowledge","CO","地址转换","虚拟存储器","8"
"knowledge","CO","地址总线","总线","3"
"knowledge","CO","独立编址","I_O系统","6"
"knowledge","CO","对阶","浮点数","5"
"knowledge","CO","多体交叉存储器","主存储器","4"
"knowledge","CO","多周期CPU","指令流水线","6"
"knowledge","CO","反码","定点数与编码","3"
"knowledge","CO","非规格化数","浮点数","5"
"knowledge","CO","非易失性存储器","主存储器","3"
"knowledge","CO","浮点数表示","浮点数","18"
"knowledge","CO","浮点数加法","浮点数","3"
"knowledge","CO","浮点数转换","浮点数","3"
"knowledge","CO","浮点运算","浮点数","7"
"knowledge","CO","符号扩展","定点数与编码","10"
"knowledge","CO","关中断","中断与异常","3"
"knowledge","CO","规格化","浮点数","10"
"knowledge","CO","规格化数","浮点数","5"
"knowledge","CO","哈夫曼编码","定点数与编码","1"
"knowledge","CO","汇编语言","计算机系统概述","5"
"knowledge","CO","机器码编码","定点数与编码","3"
"knowledge","CO","机器数","定点数与编码","5"
"knowledge","CO","机器数表示","定点数与编码","8"
"knowledge","CO","机器语言","计算机系统概述","5"
"knowledge","CO","机器字长","计算机系统概述","7"
"knowledge","CO","基址寻址","寻址方式","5"
"knowledge","CO","寄存器","CPU数据通路","9"
"knowledge","CO","寄存器功能","CPU数据通路","4"
"knowledge","CO","寄存器间接寻址","CPU数据通路","6"
"knowledge","CO","寄存器寻址","CPU数据通路","4"
"knowledge","CO","交叉存储器","主存储器","4"
"knowledge","CO","结构体对齐","定点数与编码","5"
"knowledge","CO","进制转换","定点数与编码","10"
"knowledge","CO","局部性","Cache","1"
"knowledge","CO","局部性原理","Cache","6"
"knowledge","CO","空间局部性","Cache","6"
"knowledge","CO","控制存储器","控制器","9"
"knowledge","CO","控制存储器容量","控制器","3"
"knowledge","CO","控制冒险","指令流水线","7"
"knowledge","CO","控制信号","控制器","25"
"knowledge","CO","控制总线","总线","5"
"knowledge","CO","扩展操作码","指令系统","8"
"knowledge","CO","类型转换","定点数与编码","12"
"knowledge","CO","流水线计算","指令流水线","1"
"knowledge","CO","流水线冒险","指令流水线","6"
"knowledge","CO","流水线性能","指令流水线","4"
"knowledge","CO","命中率","Cache","5"
"knowledge","CO","内部异常","中断与异常","3"
"knowledge","CO","平均CPI","计算机性能指标","3"
"knowledge","CO","前缀编码","定点数与编码","1"
"knowledge","CO","全相联映射","Cache","6"
"knowledge","CO","全写法","Cache","5"
"knowledge","CO","缺失率","Cache","4"
"knowledge","CO","缺页异常","中断与异常","8"
"knowledge","CO","设备控制器","控制器","2"
"knowledge","CO","时间局部性","Cache","3"
"knowledge","CO","时钟周期","计算机性能指标","31"
"knowledge","CO","数据表示","定点数与编码","8"
"knowledge","CO","数据传输速率","总线","10"
"knowledge","CO","数据冒险","指令流水线","13"
"knowledge","CO","数据通路","CPU数据通路","35"
"knowledge","CO","数据总线","总线","7"
"knowledge","CO","数组地址计算","寻址方式","2"
"knowledge","CO","算术移位","定点数与编码","7"
"knowledge","CO","算术右移","定点数与编码","5"
"knowledge","CO","条件转移","指令系统","8"
"knowledge","CO","条件转移指令","指令系统","3"
"knowledge","CO","通用寄存器","CPU数据通路","5"
"knowledge","CO","同步总线","总线","3"
"knowledge","CO","统一编址","I_O系统","8"
"knowledge","CO","透明性","计算机系统概述","6"
"knowledge","CO","突发传输","总线","18"
"knowledge","CO","外部中断","中断与异常","5"
"knowledge","CO","微程序控制","控制器","9"
"knowledge","CO","微程序控制器","控制器","13"
"knowledge","CO","微指令","控制器","8"
"knowledge","CO","微指令编码","控制器","4"
"knowledge","CO","位扩展","主存储器","6"
"knowledge","CO","无符号数","定点数与编码","9"
"knowledge","CO","系统总线","总线","11"
"knowledge","CO","相对寻址","寻址方式","12"
"knowledge","CO","小端存储","定点数与编码","7"
"knowledge","CO","写策略","Cache","6"
"knowledge","CO","页表","虚拟存储器","6"
"knowledge","CO","页表项","虚拟存储器","1"
"knowledge","CO","页式虚拟存储","虚拟存储器","1"
"knowledge","CO","移码","浮点数","10"
"knowledge","CO","异常","中断与异常","3"
"knowledge","CO","异常处理","中断与异常","7"
"knowledge","CO","异常分类","中断与异常","4"
"knowledge","CO","溢出标志","定点数与编码","4"
"knowledge","CO","溢出判断","定点数与编码","37"
"knowledge","CO","硬布线控制","控制器","3"
"knowledge","CO","硬布线控制器","控制器","3"
"knowledge","CO","有效地址","寻址方式","9"
"knowledge","CO","原码","定点数与编码","6"
"knowledge","CO","执行时间","计算机性能指标","7"
"knowledge","CO","直接映射","Cache","12"
"knowledge","CO","指令格式","指令系统","30"
"knowledge","CO","指令寄存器","CPU数据通路","9"
"knowledge","CO","指令寻址","寻址方式","6"
"knowledge","CO","指令执行流程","指令系统","6"
"knowledge","CO","指令周期","指令系统","20"
"knowledge","CO","指令字长","指令系统","10"
"knowledge","CO","中断","中断与异常","6"
"knowledge","CO","中断处理","中断与异常","4"
"knowledge","CO","中断方式","中断与异常","6"
"knowledge","CO","中断分类","中断与异常","6"
"knowledge","CO","中断服务程序","中断与异常","2"
"knowledge","CO","中断机制","中断与异常","3"
"knowledge","CO","中断屏蔽字","中断与异常","5"
"knowledge","CO","中断嵌套","中断与异常","5"
"knowledge","CO","中断请求","中断与异常","5"
"knowledge","CO","中断系统","中断与异常","3"
"knowledge","CO","中断响应","中断与异常","18"
"knowledge","CO","中断向量","中断与异常","2"
"knowledge","CO","中断向量表","中断与异常","1"
"knowledge","CO","中断隐指令","中断与异常","10"
"knowledge","CO","中断优先级","中断与异常","8"
"knowledge","CO","中断I_O","I_O系统","5"
"knowledge","CO","主频","计算机性能指标","13"
"knowledge","CO","状态寄存器","CPU数据通路","3"
"knowledge","CO","字扩展","主存储器","4"
"knowledge","CO","总线传输","总线","3"
"knowledge","CO","总线带宽","总线","18"
"knowledge","CO","总线分类","总线","10"
"knowledge","CO","总线宽度","总线","5"
"knowledge","CO","总线利用率","总线","3"
"knowledge","CO","总线事务","总线","4"
"knowledge","CO","总线特性","总线","3"
"knowledge","CO","总线通信","总线","4"
"knowledge","CO","总线仲裁","总线","3"
"knowledge","CO","总线周期","总线","3"
"knowledge","CO","组相联映射","Cache","21"
"knowledge","CO","ALU","CPU数据通路","1"
"knowledge","CO","Cache地址划分","Cache","7"
"knowledge","CO","Cache命中率","Cache","3"
"knowledge","CO","Cache缺失","Cache","5"
"knowledge","CO","Cache缺失率","Cache","6"
"knowledge","CO","Cache容量","Cache","5"
"knowledge","CO","Cache写策略","Cache","4"
"knowledge","CO","Cache映射","Cache","20"
"knowledge","CO","CISC","指令系统","5"
"knowledge","CO","CPI","计算机性能指标","18"
"knowledge","CO","CPU寄存器","CPU数据通路","4"
"knowledge","CO","CPU性能","计算机性能指标","3"
"knowledge","CO","CPU性能公式","计算机性能指标","7"
"knowledge","CO","CPU占用率","计算机性能指标","5"
"knowledge","CO","CPU组成","CPU数据通路","6"
"knowledge","CO","DMA方式","DMA","28"
"knowledge","CO","DMA控制器","DMA","4"
"knowledge","CO","DMA请求","DMA","3"
"knowledge","CO","DRAM","主存储器","7"
"knowledge","CO","DRAM地址复用","主存储器","4"
"knowledge","CO","DRAM刷新","主存储器","7"
"knowledge","CO","Flynn分类法","计算机系统概述","9"
"knowledge","CO","I_O编址","I_O系统","4"
"knowledge","CO","I_O编址方式","I_O系统","3"
"knowledge","CO","I_O传输","I_O系统","1"
"knowledge","CO","I_O端口","I_O系统","4"
"knowledge","CO","I_O接口","I_O系统","11"
"knowledge","CO","I_O控制方式","I_O系统","11"
"knowledge","CO","I_O设备","I_O系统","1"
"knowledge","CO","I_O指令","I_O系统","3"
"knowledge","CO","I_O总线","总线","2"
"knowledge","CO","IEEE754","浮点数","31"
"knowledge","CO","IF_ID寄存器","CPU数据通路","1"
"knowledge","CO","ISA","指令系统","5"
"knowledge","CO","Load_Store指令","指令系统","1"
"knowledge","CO","LRU替换","Cache","9"
"knowledge","CO","MFLOPS","计算机性能指标","3"
"knowledge","CO","MIPS","计算机性能指标","5"
"knowledge","CO","MIPS指令","计算机性能指标","4"
"knowledge","CO","MIPS指令格式","计算机性能指标","4"
"knowledge","CO","MMU","虚拟存储器","3"
"knowledge","CO","RAID","外部存储器","2"
"knowledge","CO","RAM","主存储器","2"
"knowledge","CO","RISC","指令系统","6"
"knowledge","CO","RISC_CISC","指令系统","1"
"knowledge","CO","ROM","主存储器","2"
"knowledge","CO","SRAM","主存储器","4"
"knowledge","CO","SRAM_DRAM","主存储器","1"
"knowledge","CO","SSD","外部存储器","3"
"knowledge","CO","TLB","虚拟存储器","7"
"knowledge","DS","败者树","外部排序","8"
"knowledge","DS","比较次数","算法复杂度","15"
"knowledge","DS","边界条件","数据结构基础","6"
"knowledge","DS","遍历序列","二叉树遍历","13"
"knowledge","DS","插入操作","算法设计","8"
"knowledge","DS","查找算法","查找","4"
"knowledge","DS","冲突处理","散列表","15"
"knowledge","DS","出栈序列","栈","27"
"knowledge","DS","初始归并段","外部排序","6"
"knowledge","DS","除留余数法","散列表","5"
"knowledge","DS","磁盘I_O","外部排序","5"
"knowledge","DS","存储结构","数据结构基础","17"
"knowledge","DS","大根堆","选择排序","9"
"knowledge","DS","带权路径长度","哈夫曼树","19"
"knowledge","DS","单链表","链表","33"
"knowledge","DS","单源最短路径","最短路径","2"
"knowledge","DS","地址计算","数组与特殊矩阵","5"
"knowledge","DS","递归","数据结构基础","11"
"knowledge","DS","递归遍历","二叉树遍历","8"
"knowledge","DS","递归调用","数据结构基础","2"
"knowledge","DS","递归树","数据结构基础","4"
"knowledge","DS","递归算法","数据结构基础","9"
"knowledge","DS","堆","选择排序","6"
"knowledge","DS","堆插入","选择排序","3"
"knowledge","DS","堆调整","选择排序","4"
"knowledge","DS","堆排序","选择排序","19"
"knowledge","DS","队空队满判断","队列","3"
"knowledge","DS","队列操作","队列","8"
"knowledge","DS","对称矩阵","数组与特殊矩阵","11"
"knowledge","DS","多路归并","外部排序","12"
"knowledge","DS","二叉链表","链表","5"
"knowledge","DS","二叉树","树与二叉树","27"
"knowledge","DS","二叉树顺序存储","树与二叉树","3"
"knowledge","DS","二叉树性质","树与二叉树","35"
"knowledge","DS","二叉树重建","树与二叉树","3"
"knowledge","DS","二维数组","数组与特殊矩阵","4"
"knowledge","DS","分块查找","查找","7"
"knowledge","DS","复杂度分析","算法复杂度","12"
"knowledge","DS","共享栈","栈","4"
"knowledge","DS","广度优先搜索","图的遍历","14"
"knowledge","DS","归并趟数","外部排序","5"
"knowledge","DS","哈夫曼编码","哈夫曼树","12"
"knowledge","DS","孩子兄弟表示法","树与二叉树","24"
"knowledge","DS","函数调用栈","栈","3"
"knowledge","DS","后进先出","栈","9"
"knowledge","DS","后序遍历","二叉树遍历","21"
"knowledge","DS","后序序列","二叉树遍历","7"
"knowledge","DS","活动最早_最迟开始时间","关键路径","1"
"knowledge","DS","简单选择排序","选择排序","16"
"knowledge","DS","结点度数","树与二叉树","12"
"knowledge","DS","结点分裂","树与二叉树","3"
"knowledge","DS","结点数","树与二叉树","22"
"knowledge","DS","静态链表","链表","4"
"knowledge","DS","卡特兰数","树与二叉树","16"
"knowledge","DS","开放定址法","散列表","6"
"knowledge","DS","空间复杂度","算法复杂度","7"
"knowledge","DS","快速排序","交换排序","34"
"knowledge","DS","括号匹配","栈","7"
"knowledge","DS","连通分量","图的遍历","11"
"knowledge","DS","链表操作","链表","12"
"knowledge","DS","链表插入","链表","7"
"knowledge","DS","链表合并","链表","4"
"knowledge","DS","链表删除","链表","4"
"knowledge","DS","链地址法","散列表","5"
"knowledge","DS","链式存储","数据结构基础","12"
"knowledge","DS","链式队列","队列","10"
"knowledge","DS","链栈","栈","6"
"knowledge","DS","列优先存储","数组与特殊矩阵","9"
"knowledge","DS","邻接表","图的存储","29"
"knowledge","DS","邻接矩阵","图的存储","38"
"knowledge","DS","逻辑结构","数据结构基础","11"
"knowledge","DS","满二叉树","树与二叉树","10"
"knowledge","DS","冒泡排序","交换排序","10"
"knowledge","DS","模式匹配","串与KMP","5"
"knowledge","DS","内部排序","排序","7"
"knowledge","DS","排序算法","排序","31"
"knowledge","DS","排序稳定性","排序","26"
"knowledge","DS","判定树","折半查找","13"
"knowledge","DS","平衡因子","平衡二叉树","16"
"knowledge","DS","平均查找长度","查找","40"
"knowledge","DS","前驱后继","树与二叉树","5"
"knowledge","DS","前缀码","哈夫曼树","7"
"knowledge","DS","强连通分量","图的遍历","6"
"knowledge","DS","入度","拓扑排序","8"
"knowledge","DS","入栈操作","栈","4"
"knowledge","DS","三对角矩阵","数组与特殊矩阵","7"
"knowledge","DS","散列查找","散列表","5"
"knowledge","DS","散列函数","散列表","10"
"knowledge","DS","森林","树与二叉树","4"
"knowledge","DS","森林与二叉树转换","树与二叉树","18"
"knowledge","DS","删除操作","算法设计","14"
"knowledge","DS","深度优先搜索","图的遍历","23"
"knowledge","DS","生成树","最小生成树","10"
"knowledge","DS","十字链表","图的存储","4"
"knowledge","DS","时间复杂度","算法复杂度","97"
"knowledge","DS","事件最早_最迟发生时间","关键路径","1"
"knowledge","DS","树存储结构","数据结构基础","4"
"knowledge","DS","树的度","树与二叉树","7"
"knowledge","DS","树的高度","树与二叉树","15"
"knowledge","DS","树的性质","树与二叉树","14"
"knowledge","DS","树与二叉树转换","树与二叉树","5"
"knowledge","DS","树与森林","树与二叉树","3"
"knowledge","DS","数据结构","数据结构基础","9"
"knowledge","DS","数组存储","数组与特殊矩阵","4"
"knowledge","DS","数组地址计算","数组与特殊矩阵","2"
"knowledge","DS","数组实现","数组与特殊矩阵","2"
"knowledge","DS","数组下标","数组与特殊矩阵","3"
"knowledge","DS","数组下标映射","数组与特殊矩阵","8"
"knowledge","DS","双端队列","队列","4"
"knowledge","DS","双链表","链表","12"
"knowledge","DS","双亲表示法","树与二叉树","11"
"knowledge","DS","双指针","算法设计","15"
"knowledge","DS","顺序查找","查找","16"
"knowledge","DS","顺序存储","数据结构基础","29"
"knowledge","DS","顺序栈","栈","8"
"knowledge","DS","随机存取","数据结构基础","11"
"knowledge","DS","贪心算法","算法设计","7"
"knowledge","DS","特殊矩阵","数组与特殊矩阵","7"
"knowledge","DS","头插法","链表","9"
"knowledge","DS","头结点","树与二叉树","4"
"knowledge","DS","图存储","图的存储","7"
"knowledge","DS","图的存储结构","数据结构基础","5"
"knowledge","DS","外部结点","树与二叉树","3"
"knowledge","DS","完全二叉树","树与二叉树","51"
"knowledge","DS","完全图","图","7"
"knowledge","DS","尾指针","链表","8"
"knowledge","DS","握手定理","图","9"
"knowledge","DS","无向图","图","18"
"knowledge","DS","希尔排序","插入排序","16"
"knowledge","DS","稀疏矩阵","数组与特殊矩阵","7"
"knowledge","DS","先序遍历","二叉树遍历","6"
"knowledge","DS","先序后序","二叉树遍历","4"
"knowledge","DS","先序序列","二叉树遍历","9"
"knowledge","DS","线性表","顺序表","14"
"knowledge","DS","线性探测","散列表","16"
"knowledge","DS","小根堆","选择排序","5"
"knowledge","DS","行优先存储","数组与特殊矩阵","14"
"knowledge","DS","循环单链表","链表","6"
"knowledge","DS","循环队列","队列","15"
"knowledge","DS","循环链表","链表","12"
"knowledge","DS","循环双链表","链表","4"
"knowledge","DS","压缩存储","数组与特殊矩阵","24"
"knowledge","DS","叶结点","树与二叉树","10"
"knowledge","DS","叶结点数","树与二叉树","3"
"knowledge","DS","一趟划分","交换排序","4"
"knowledge","DS","有向图","图","28"
"knowledge","DS","有向图判环","图","3"
"knowledge","DS","有向无环图","拓扑排序","12"
"knowledge","DS","有序表","顺序表","8"
"knowledge","DS","有序表合并","顺序表","3"
"knowledge","DS","有序链表","链表","4"
"knowledge","DS","增量序列","插入排序","6"
"knowledge","DS","栈顶指针","栈","7"
"knowledge","DS","栈基本操作","栈","3"
"knowledge","DS","栈深度","栈","3"
"knowledge","DS","栈应用","栈","11"
"knowledge","DS","直接插入排序","插入排序","15"
"knowledge","DS","指针操作","链表","15"
"knowledge","DS","置换-选择排序","选择排序","3"
"knowledge","DS","置换选择排序","选择排序","6"
"knowledge","DS","中序遍历","二叉树遍历","27"
"knowledge","DS","中序序列","二叉树遍历","8"
"knowledge","DS","装填因子","散列表","9"
"knowledge","DS","字符串匹配","串与KMP","8"
"knowledge","DS","祖先关系","树与二叉树","5"
"knowledge","DS","最佳归并树","外部排序","7"
"knowledge","DS","AOE网","关键路径","21"
"knowledge","DS","B+树","B树与B+树","8"
"knowledge","DS","B树","B树与B+树","27"
"knowledge","DS","B树插入","B树与B+树","3"
"knowledge","DS","B树性质","B树与B+树","5"
"knowledge","DS","DAG","拓扑排序","1"
"knowledge","DS","DFS序列","图的遍历","3"
"knowledge","DS","Dijkstra算法","最短路径","14"
"knowledge","DS","Kahn算法","拓扑排序","8"
"knowledge","DS","KMP算法","串与KMP","17"
"knowledge","DS","Kruskal算法","最小生成树","15"
"knowledge","DS","LL_LR_RR_RL失衡","平衡二叉树","1"
"knowledge","DS","MST唯一性","最小生成树","3"
"knowledge","DS","next数组","串与KMP","11"
"knowledge","DS","nextval数组","串与KMP","5"
"knowledge","DS","Prim算法","最小生成树","9"
"knowledge","LA","按行展开","行列式","9"
"knowledge","LA","半正定矩阵","二次型","5"
"knowledge","LA","伴随矩阵的秩","矩阵的秩","3"
"knowledge","LA","伴随矩阵性质","伴随矩阵","13"
"knowledge","LA","标准形","二次型","9"
"knowledge","LA","不变子空间","向量组线性相关性","7"
"knowledge","LA","参数求解","线性方程组","9"
"knowledge","LA","参数讨论","线性方程组","13"
"knowledge","LA","初等矩阵","初等变换","22"
"knowledge","LA","初等列变换","初等变换","8"
"knowledge","LA","初等行变换","初等变换","13"
"knowledge","LA","代数余子式","伴随矩阵","62"
"knowledge","LA","单位矩阵","矩阵运算","5"
"knowledge","LA","单位向量","向量","2"
"knowledge","LA","递推法","行列式","9"
"knowledge","LA","递推关系","行列式","5"
"knowledge","LA","对称矩阵","实对称矩阵","18"
"knowledge","LA","对合矩阵","矩阵","3"
"knowledge","LA","对角化","相似对角化","15"
"knowledge","LA","对角矩阵","矩阵运算","10"
"knowledge","LA","二次曲面","向量","12"
"knowledge","LA","二次曲面分类","向量","5"
"knowledge","LA","二次型的标准形","二次型","25"
"knowledge","LA","二次型的规范形","二次型","17"
"knowledge","LA","二次型的秩","二次型","4"
"knowledge","LA","二次型矩阵","二次型","19"
"knowledge","LA","二次型正定","二次型","6"
"knowledge","LA","二次型最值","二次型","4"
"knowledge","LA","二项式展开","矩阵多项式","7"
"knowledge","LA","法向量","向量","4"
"knowledge","LA","反对称矩阵","实对称矩阵","21"
"knowledge","LA","范德蒙德行列式","行列式","14"
"knowledge","LA","方程组的公共解","线性方程组","3"
"knowledge","LA","非齐次方程组","线性方程组","13"
"knowledge","LA","非齐次通解","线性方程组","4"
"knowledge","LA","非齐次线性方程组","线性方程组","35"
"knowledge","LA","分块对角矩阵","分块矩阵","4"
"knowledge","LA","分块矩阵的秩","矩阵的秩","5"
"knowledge","LA","分块矩阵行列式","分块矩阵","7"
"knowledge","LA","分块行列式","分块矩阵","7"
"knowledge","LA","负惯性指数","二次型","3"
"knowledge","LA","公共解","线性方程组","7"
"knowledge","LA","惯性定理","二次型","37"
"knowledge","LA","惯性指数","二次型","65"
"knowledge","LA","广义特征向量","特征值与特征向量","8"
"knowledge","LA","规范形","二次型","19"
"knowledge","LA","过渡矩阵","向量组线性相关性","15"
"knowledge","LA","含参数","线性方程组","9"
"knowledge","LA","含参数的方程组","线性方程组","7"
"knowledge","LA","合同","矩阵运算","11"
"knowledge","LA","合同变换","二次型","50"
"knowledge","LA","合同对角化","二次型","5"
"knowledge","LA","合同矩阵","矩阵运算","7"
"knowledge","LA","核空间","向量组线性相关性","14"
"knowledge","LA","迹","矩阵运算","11"
"knowledge","LA","基变换","向量组线性相关性","17"
"knowledge","LA","基础解系","线性方程组","64"
"knowledge","LA","基与坐标","向量组线性相关性","8"
"knowledge","LA","极大无关组","向量组线性相关性","7"
"knowledge","LA","极大线性无关组","向量组线性相关性","17"
"knowledge","LA","几何重数","特征值与特征向量","14"
"knowledge","LA","解的结构","线性方程组","16"
"knowledge","LA","解的判定","线性方程组","16"
"knowledge","LA","解空间","线性方程组","20"
"knowledge","LA","解空间维数","线性方程组","7"
"knowledge","LA","矩阵/伴随矩阵","伴随矩阵","1"
"knowledge","LA","矩阵/伴随矩阵/代数性质","伴随矩阵","1"
"knowledge","LA","矩阵/反对称矩阵","实对称矩阵","1"
"knowledge","LA","矩阵/矩阵乘法","矩阵运算","1"
"knowledge","LA","矩阵/矩阵乘法/交换律","矩阵运算","1"
"knowledge","LA","矩阵/矩阵的幂","矩阵","1"
"knowledge","LA","矩阵/矩阵方程","矩阵方程","5"
"knowledge","LA","矩阵/矩阵相似","相似矩阵","1"
"knowledge","LA","矩阵/幂等矩阵/满秩分解","矩阵多项式","1"
"knowledge","LA","矩阵/实对称矩阵/性质","实对称矩阵","1"
"knowledge","LA","矩阵/向量视角","向量","1"
"knowledge","LA","矩阵/正交矩阵/定义","正交变换","3"
"knowledge","LA","矩阵表示","矩阵运算","4"
"knowledge","LA","矩阵乘法","矩阵运算","84"
"knowledge","LA","矩阵乘积","矩阵运算","7"
"knowledge","LA","矩阵乘积的秩","矩阵的秩","5"
"knowledge","LA","矩阵初等变换","初等变换","4"
"knowledge","LA","矩阵的迹","矩阵运算","19"
"knowledge","LA","矩阵的运算","矩阵运算","49"
"knowledge","LA","矩阵等价","初等变换","18"
"knowledge","LA","矩阵对角化","相似对角化","12"
"knowledge","LA","矩阵方程求解","矩阵方程","8"
"knowledge","LA","矩阵高次幂","矩阵","3"
"knowledge","LA","矩阵合同","矩阵运算","14"
"knowledge","LA","矩阵开方","矩阵","3"
"knowledge","LA","矩阵可对角化","相似对角化","3"
"knowledge","LA","矩阵可交换","逆矩阵","6"
"knowledge","LA","矩阵可逆","逆矩阵","21"
"knowledge","LA","矩阵可逆判定","逆矩阵","3"
"knowledge","LA","矩阵可逆性","逆矩阵","13"
"knowledge","LA","矩阵幂","矩阵多项式","75"
"knowledge","LA","矩阵幂计算","矩阵多项式","4"
"knowledge","LA","矩阵幂运算","矩阵多项式","4"
"knowledge","LA","矩阵逆","矩阵","3"
"knowledge","LA","矩阵平方根","矩阵多项式","6"
"knowledge","LA","矩阵求逆","逆矩阵","13"
"knowledge","LA","矩阵特征值","特征值与特征向量","8"
"knowledge","LA","矩阵维数","矩阵","4"
"knowledge","LA","矩阵相似","相似矩阵","59"
"knowledge","LA","矩阵相似对角化","相似对角化","3"
"knowledge","LA","矩阵相似判定","相似矩阵","3"
"knowledge","LA","矩阵行列式","行列式","4"
"knowledge","LA","矩阵因式分解","矩阵","3"
"knowledge","LA","矩阵转置","矩阵运算","14"
"knowledge","LA","可对角化","相似对角化","17"
"knowledge","LA","可对角化条件","相似对角化","15"
"knowledge","LA","可交换矩阵","逆矩阵","5"
"knowledge","LA","可逆矩阵","逆矩阵","82"
"knowledge","LA","可逆线性变换","线性变换","12"
"knowledge","LA","可逆线性替换","线性变换","9"
"knowledge","LA","可逆性","逆矩阵","4"
"knowledge","LA","克拉默法则","线性方程组","5"
"knowledge","LA","列空间","向量组线性相关性","30"
"knowledge","LA","列满秩","矩阵的秩","6"
"knowledge","LA","列向量","向量","3"
"knowledge","LA","列向量线性表示","向量组线性相关性","3"
"knowledge","LA","列向量线性关系","向量","3"
"knowledge","LA","列向量线性组合","向量组线性相关性","4"
"knowledge","LA","零化多项式","特征值与特征向量","6"
"knowledge","LA","零空间","向量组线性相关性","41"
"knowledge","LA","幂等矩阵","矩阵多项式","13"
"knowledge","LA","幂零矩阵","矩阵多项式","40"
"knowledge","LA","逆矩阵求解","逆矩阵","4"
"knowledge","LA","逆矩阵行列式","逆矩阵","3"
"knowledge","LA","逆矩阵运算","逆矩阵","3"
"knowledge","LA","配方法","二次型","47"
"knowledge","LA","平面位置关系","向量","8"
"knowledge","LA","谱分解","特征值与特征向量","8"
"knowledge","LA","齐次方程组","线性方程组","57"
"knowledge","LA","齐次方程组非零解","线性方程组","3"
"knowledge","LA","齐次方程组解空间","线性方程组","5"
"knowledge","LA","齐次方程组同解","线性方程组","3"
"knowledge","LA","齐次线性方程组","线性方程组","28"
"knowledge","LA","全1矩阵","矩阵运算","5"
"knowledge","LA","若尔当标准形","二次型","5"
"knowledge","LA","若尔当标准型","特征值与特征向量","3"
"knowledge","LA","若尔当块","特征值与特征向量","3"
"knowledge","LA","三对角行列式","行列式","7"
"knowledge","LA","三角矩阵","矩阵运算","2"
"knowledge","LA","三平面位置关系","向量","3"
"knowledge","LA","上三角矩阵","矩阵运算","9"
"knowledge","LA","生成子空间","向量组线性相关性","3"
"knowledge","LA","施密特正交化","正交变换","8"
"knowledge","LA","实对称矩阵对角化","相似对角化","6"
"knowledge","LA","实对称矩阵特征值","特征值与特征向量","4"
"knowledge","LA","实对称矩阵正交对角化","相似对角化","4"
"knowledge","LA","顺序主子式","二次型","18"
"knowledge","LA","特征多项式","特征值与特征向量","61"
"knowledge","LA","特征向量","特征值与特征向量","187"
"knowledge","LA","特征向量定义","特征值与特征向量","4"
"knowledge","LA","特征值","特征值与特征向量","409"
"knowledge","LA","特征值法","特征值与特征向量","27"
"knowledge","LA","特征值计算","特征值与特征向量","5"
"knowledge","LA","特征值与特征向量/定义","特征值与特征向量","1"
"knowledge","LA","特征值与特征向量/定义/各行元素之和","特征值与特征向量","1"
"knowledge","LA","特征子空间","特征值与特征向量","20"
"knowledge","LA","通解","线性方程组","35"
"knowledge","LA","通解结构","线性方程组","8"
"knowledge","LA","同解","线性方程组","19"
"knowledge","LA","同解方程组","线性方程组","7"
"knowledge","LA","同时对角化","相似对角化","6"
"knowledge","LA","投影矩阵","矩阵多项式","8"
"knowledge","LA","外积矩阵","矩阵","4"
"knowledge","LA","维数公式","向量组线性相关性","5"
"knowledge","LA","稀疏矩阵","矩阵","1"
"knowledge","LA","系数行列式","行列式","3"
"knowledge","LA","下三角矩阵","矩阵运算","1"
"knowledge","LA","线性表示","向量组线性相关性","78"
"knowledge","LA","线性表示唯一性","向量组线性相关性","3"
"knowledge","LA","线性方程组/抽象问题转化为线性方程组的解","线性方程组","4"
"knowledge","LA","线性方程组/解的讨论","线性方程组","2"
"knowledge","LA","线性方程组/解的讨论/非齐次","线性方程组","1"
"knowledge","LA","线性方程组/解的讨论/齐次","线性方程组","1"
"knowledge","LA","线性方程组解","线性方程组","4"
"knowledge","LA","线性方程组解的存在性","线性方程组","3"
"knowledge","LA","线性方程组解的结构","线性方程组","8"
"knowledge","LA","线性方程组解空间","线性方程组","4"
"knowledge","LA","线性方程组解判定","线性方程组","4"
"knowledge","LA","线性方程组求解","线性方程组","6"
"knowledge","LA","线性方程组通解","线性方程组","8"
"knowledge","LA","线性无关","向量组线性相关性","122"
"knowledge","LA","线性无关定义","向量组线性相关性","3"
"knowledge","LA","线性无关判定","向量组线性相关性","8"
"knowledge","LA","线性相关","向量组线性相关性","99"
"knowledge","LA","线性相关判定","向量组线性相关性","4"
"knowledge","LA","线性相关性","向量组线性相关性","9"
"knowledge","LA","线性相关与无关","向量组线性相关性","3"
"knowledge","LA","线性相关与线性无关","向量组线性相关性","3"
"knowledge","LA","线性映射","线性变换","5"
"knowledge","LA","线性组合","向量组线性相关性","14"
"knowledge","LA","相似","相似矩阵","7"
"knowledge","LA","相似变换","相似矩阵","15"
"knowledge","LA","相似不变量","相似矩阵","10"
"knowledge","LA","向量空间","向量","3"
"knowledge","LA","向量线性表示","向量组线性相关性","3"
"knowledge","LA","向量正交","向量","5"
"knowledge","LA","向量组","向量组线性相关性","36"
"knowledge","LA","向量组的线性相关性","向量组线性相关性","17"
"knowledge","LA","向量组的秩","向量组线性相关性","33"
"knowledge","LA","向量组等价","向量组线性相关性","32"
"knowledge","LA","向量组线性表示","向量组线性相关性","3"
"knowledge","LA","向量组线性无关","向量组线性相关性","7"
"knowledge","LA","向量组线性相关","向量组线性相关性","6"
"knowledge","LA","行变换","初等变换","10"
"knowledge","LA","行等价","初等变换","5"
"knowledge","LA","行空间","向量组线性相关性","13"
"knowledge","LA","行列式/递推","行列式","1"
"knowledge","LA","行列式/定义/代数余子式","伴随矩阵","5"
"knowledge","LA","行列式/具体型/递推","行列式","2"
"knowledge","LA","行列式/具体型/拉普拉斯展开式","行列式","1"
"knowledge","LA","行列式/具体型/么型","行列式","1"
"knowledge","LA","行列式/具体型/X型","行列式","1"
"knowledge","LA","行列式/元素余子式同异","行列式","2"
"knowledge","LA","行列式按行展开","行列式","10"
"knowledge","LA","行列式计算","行列式","45"
"knowledge","LA","行列式性质","行列式","22"
"knowledge","LA","行列式运算","行列式","3"
"knowledge","LA","行列式展开","行列式","12"
"knowledge","LA","行满秩","矩阵的秩","3"
"knowledge","LA","行向量组等价","向量组线性相关性","4"
"knowledge","LA","行最简形","初等变换","7"
"knowledge","LA","循环矩阵","矩阵","3"
"knowledge","LA","友矩阵","矩阵","4"
"knowledge","LA","增广矩阵","线性方程组","14"
"knowledge","LA","增广矩阵秩","线性方程组","3"
"knowledge","LA","张成子空间","向量组线性相关性","4"
"knowledge","LA","正定","二次型","5"
"knowledge","LA","正定二次型","二次型","11"
"knowledge","LA","正定矩阵","二次型","73"
"knowledge","LA","正定矩阵判定","二次型","4"
"knowledge","LA","正定性","二次型","9"
"knowledge","LA","正定性判定","二次型","6"
"knowledge","LA","正负惯性指数","二次型","5"
"knowledge","LA","正惯性指数","二次型","8"
"knowledge","LA","正交变换法","正交变换","17"
"knowledge","LA","正交变换化标准形","二次型","5"
"knowledge","LA","正交补","正交变换","13"
"knowledge","LA","正交对角化","相似对角化","32"
"knowledge","LA","正交矩阵","正交变换","74"
"knowledge","LA","正交向量","正交变换","5"
"knowledge","LA","正交性","正交变换","5"
"knowledge","LA","秩-零化度定理","矩阵的秩","13"
"knowledge","LA","秩不等式","矩阵的秩","22"
"knowledge","LA","秩一矩阵","矩阵","46"
"knowledge","LA","秩与解空间维数","线性方程组","3"
"knowledge","LA","秩与相似","相似矩阵","6"
"knowledge","LA","置换矩阵","矩阵运算","11"
"knowledge","LA","子空间","向量组线性相关性","6"
"knowledge","LA","坐标变换","向量组线性相关性","11"
"knowledge","LA","Gram矩阵","矩阵","10"
"knowledge","LA","Hessian矩阵","矩阵","1"
"knowledge","LA","Jordan标准形","二次型","5"
"knowledge","LA","Jordan标准型","特征值与特征向量","4"
"knowledge","LA","Jordan块","特征值与特征向量","4"
"knowledge","LA","LA/二次型","二次型","98"
"knowledge","LA","LA/矩阵","矩阵","64"
"knowledge","LA","LA/矩阵相似","相似矩阵","50"
"knowledge","LA","LA/特征值与对角化","特征值与特征向量","74"
"knowledge","LA","LA/线性方程组","线性方程组","45"
"knowledge","LA","LA/向量","向量","16"
"knowledge","LA","LA/向量与方程组","向量","61"
"knowledge","LA","LA/行列式","行列式","31"
"knowledge","LA","LA/行列式与矩阵","行列式","73"
"knowledge","LA","LU分解","矩阵分解","5"
"knowledge","LA","Rayleigh商","特征值与特征向量","9"
"knowledge","LA","Schur补","分块矩阵","6"
"knowledge","LA","Sylvester不等式","行列式","5"
"knowledge","OS","安全序列","死锁","12"
"knowledge","OS","安全状态","死锁","7"
"knowledge","OS","按需调页","虚拟内存","6"
"knowledge","OS","并发进程","进程与线程","9"
"knowledge","OS","并发性","进程与线程","4"
"knowledge","OS","并发与并行","进程与线程","3"
"knowledge","OS","并发执行","进程与线程","7"
"knowledge","OS","操作系统定义","操作系统概述","4"
"knowledge","OS","操作系统功能","操作系统概述","4"
"knowledge","OS","操作系统内核","操作系统概述","3"
"knowledge","OS","磁盘调度算法","磁盘调度","23"
"knowledge","OS","磁盘访问次数","磁盘调度","7"
"knowledge","OS","磁盘访问时间","磁盘调度","5"
"knowledge","OS","磁盘I_O","I_O管理","5"
"knowledge","OS","磁盘I_O次数","I_O管理","2"
"knowledge","OS","磁盘I_O时间组成","I_O管理","1"
"knowledge","OS","单缓冲","I_O管理","4"
"knowledge","OS","地址转换","分页与分段","40"
"knowledge","OS","调度算法","进程调度","6"
"knowledge","OS","动态分区分配","内存分配","12"
"knowledge","OS","动态重定位","分页与分段","10"
"knowledge","OS","抖动","页面置换","5"
"knowledge","OS","读者-写者问题","经典同步问题","3"
"knowledge","OS","短进程优先","进程与线程","4"
"knowledge","OS","短作业优先调度","进程调度","12"
"knowledge","OS","段表","分页与分段","6"
"knowledge","OS","段页式存储管理","分页与分段","5"
"knowledge","OS","多道程序度","操作系统概述","4"
"knowledge","OS","多道程序设计","操作系统概述","7"
"knowledge","OS","多级反馈队列","进程调度","7"
"knowledge","OS","多级索引","文件系统","5"
"knowledge","OS","多级页表","虚拟内存","7"
"knowledge","OS","二级页表","虚拟内存","6"
"knowledge","OS","分段存储管理","分页与分段","14"
"knowledge","OS","分时操作系统","操作系统概述","3"
"knowledge","OS","分时系统","操作系统概述","11"
"knowledge","OS","分页存储","分页与分段","1"
"knowledge","OS","分页存储管理","分页与分段","29"
"knowledge","OS","改进型CLOCK","页面置换","3"
"knowledge","OS","高响应比优先","进程调度","6"
"knowledge","OS","工作集","页面置换","7"
"knowledge","OS","共享变量","同步与互斥","10"
"knowledge","OS","共享设备","I_O管理","5"
"knowledge","OS","管程","经典同步问题","5"
"knowledge","OS","互斥","同步与互斥","6"
"knowledge","OS","互斥访问","同步与互斥","10"
"knowledge","OS","互斥条件","同步与互斥","3"
"knowledge","OS","互斥信号量","同步与互斥","7"
"knowledge","OS","缓冲池","I_O管理","3"
"knowledge","OS","缓冲技术","I_O管理","4"
"knowledge","OS","缓冲区管理","I_O管理","5"
"knowledge","OS","饥饿现象","进程调度","5"
"knowledge","OS","减少磁盘I_O次数","I_O管理","1"
"knowledge","OS","进程并发执行","进程与线程","3"
"knowledge","OS","进程创建","进程与线程","8"
"knowledge","OS","进程调度时机","进程调度","3"
"knowledge","OS","进程概念","进程与线程","3"
"knowledge","OS","进程互斥","同步与互斥","5"
"knowledge","OS","进程间通信","进程与线程","6"
"knowledge","OS","进程控制块","进程与线程","18"
"knowledge","OS","进程切换","进程与线程","8"
"knowledge","OS","进程三态模型","进程与线程","4"
"knowledge","OS","进程通信","进程与线程","3"
"knowledge","OS","进程同步","同步与互斥","28"
"knowledge","OS","进程映像","进程与线程","4"
"knowledge","OS","进程状态","进程与线程","6"
"knowledge","OS","进程状态转换","进程与线程","34"
"knowledge","OS","进程阻塞","进程与线程","7"
"knowledge","OS","就绪队列","进程调度","11"
"knowledge","OS","就绪态","进程与线程","11"
"knowledge","OS","空闲空间管理","文件系统","5"
"knowledge","OS","连续分配","文件系统","17"
"knowledge","OS","链接分配","文件系统","8"
"knowledge","OS","临界区","同步与互斥","22"
"knowledge","OS","临界区互斥","同步与互斥","6"
"knowledge","OS","临界资源","同步与互斥","13"
"knowledge","OS","逻辑地址转换","分页与分段","3"
"knowledge","OS","目录文件","文件系统","3"
"knowledge","OS","目录项","文件系统","9"
"knowledge","OS","内部碎片","内存分配","5"
"knowledge","OS","内核级线程","进程与线程","6"
"knowledge","OS","内核态","系统调用与中断","8"
"knowledge","OS","内核态切换","系统调用与中断","3"
"knowledge","OS","批处理系统","操作系统概述","6"
"knowledge","OS","平均周转时间","进程调度","5"
"knowledge","OS","抢占式调度","进程调度","10"
"knowledge","OS","请求分页","分页与分段","5"
"knowledge","OS","缺页","页面置换","2"
"knowledge","OS","缺页处理","页面置换","10"
"knowledge","OS","缺页率","页面置换","6"
"knowledge","OS","缺页率计算","页面置换","3"
"knowledge","OS","缺页异常","页面置换","24"
"knowledge","OS","设备管理","I_O管理","7"
"knowledge","OS","设备驱动程序","I_O管理","15"
"knowledge","OS","生产者-消费者问题","经典同步问题","20"
"knowledge","OS","时间片轮转调度","进程调度","26"
"knowledge","OS","时钟中断","系统调用与中断","8"
"knowledge","OS","实时操作系统","操作系统概述","5"
"knowledge","OS","首次适应算法","内存分配","4"
"knowledge","OS","树形目录结构","文件系统","5"
"knowledge","OS","双缓冲区","I_O管理","6"
"knowledge","OS","死锁必要条件","死锁","11"
"knowledge","OS","死锁避免","死锁","25"
"knowledge","OS","死锁检测","死锁","8"
"knowledge","OS","死锁解除","死锁","4"
"knowledge","OS","死锁预防","死锁","13"
"knowledge","OS","随机访问","文件系统","5"
"knowledge","OS","索引分配","文件系统","10"
"knowledge","OS","索引结点","文件系统","16"
"knowledge","OS","特权指令","系统调用与中断","9"
"knowledge","OS","外部碎片","内存分配","5"
"knowledge","OS","外部中断","系统调用与中断","2"
"knowledge","OS","微内核","操作系统概述","6"
"knowledge","OS","位示图","文件系统","8"
"knowledge","OS","文件控制块","文件系统","16"
"knowledge","OS","文件描述符","文件系统","7"
"knowledge","OS","文件物理结构","文件系统","13"
"knowledge","OS","系统调用","系统调用与中断","27"
"knowledge","OS","先来先服务调度","进程调度","11"
"knowledge","OS","线程调度","进程与线程","4"
"knowledge","OS","线程切换","进程与线程","6"
"knowledge","OS","线程切换开销","进程与线程","3"
"knowledge","OS","线程同步","同步与互斥","5"
"knowledge","OS","陷入指令","系统调用与中断","6"
"knowledge","OS","响应时间","进程调度","7"
"knowledge","OS","信号量","同步与互斥","41"
"knowledge","OS","信号量机制","同步与互斥","3"
"knowledge","OS","信号量V操作","同步与互斥","3"
"knowledge","OS","虚拟地址","虚拟内存","2"
"knowledge","OS","虚拟地址空间","虚拟内存","6"
"knowledge","OS","旋转延迟","磁盘调度","8"
"knowledge","OS","寻道时间","磁盘调度","4"
"knowledge","OS","循环等待","死锁","10"
"knowledge","OS","循环等待条件","死锁","5"
"knowledge","OS","页表","虚拟内存","7"
"knowledge","OS","页表基址寄存器","虚拟内存","3"
"knowledge","OS","页表项","虚拟内存","5"
"knowledge","OS","页表项大小","虚拟内存","4"
"knowledge","OS","页表映射","虚拟内存","8"
"knowledge","OS","页面大小","虚拟内存","5"
"knowledge","OS","页内偏移","虚拟内存","6"
"knowledge","OS","页式虚拟存储管理","虚拟内存","8"
"knowledge","OS","异步I_O","I_O管理","1"
"knowledge","OS","异常","系统调用与中断","1"
"knowledge","OS","异常处理","系统调用与中断","4"
"knowledge","OS","银行家算法","死锁","22"
"knowledge","OS","隐式链接分配","文件系统","4"
"knowledge","OS","硬链接","文件系统","5"
"knowledge","OS","用户级线程","进程与线程","9"
"knowledge","OS","用户级线程切换","进程与线程","3"
"knowledge","OS","用户态","系统调用与中断","7"
"knowledge","OS","用户态内核态切换","系统调用与中断","3"
"knowledge","OS","用户态切换","系统调用与中断","3"
"knowledge","OS","用户态与内核态","系统调用与中断","9"
"knowledge","OS","优先级调度","进程调度","11"
"knowledge","OS","原子操作","同步与互斥","5"
"knowledge","OS","哲学家进餐问题","经典同步问题","3"
"knowledge","OS","中断","系统调用与中断","4"
"knowledge","OS","中断处理","系统调用与中断","7"
"knowledge","OS","中断处理程序","系统调用与中断","9"
"knowledge","OS","中断处理开销","系统调用与中断","3"
"knowledge","OS","中断方式","系统调用与中断","2"
"knowledge","OS","中断服务程序","系统调用与中断","2"
"knowledge","OS","中断机制","系统调用与中断","2"
"knowledge","OS","中断屏蔽字","系统调用与中断","2"
"knowledge","OS","中断驱动I_O","I_O管理","3"
"knowledge","OS","中断响应","系统调用与中断","2"
"knowledge","OS","中断向量","系统调用与中断","2"
"knowledge","OS","中断向量表","系统调用与中断","3"
"knowledge","OS","中断隐指令","系统调用与中断","3"
"knowledge","OS","周转时间","进程调度","14"
"knowledge","OS","周转时间计算","进程调度","5"
"knowledge","OS","资源分配","死锁","17"
"knowledge","OS","资源分配图","死锁","8"
"knowledge","OS","资源管理","操作系统概述","6"
"knowledge","OS","资源互斥","同步与互斥","3"
"knowledge","OS","资源利用率","进程调度","6"
"knowledge","OS","阻塞式I_O","I_O管理","1"
"knowledge","OS","阻塞态","进程与线程","6"
"knowledge","OS","最短寻道时间优先","磁盘调度","4"
"knowledge","OS","最佳适应算法","内存分配","7"
"knowledge","OS","作业调度","进程调度","6"
"knowledge","OS","Belady异常","页面置换","3"
"knowledge","OS","C-SCAN","磁盘调度","4"
"knowledge","OS","CPU利用率","进程调度","6"
"knowledge","OS","CPU与I_O并行","I_O管理","1"
"knowledge","OS","CPU与I_O速度匹配","I_O管理","1"
"knowledge","OS","CPU与I_O重叠","I_O管理","1"
"knowledge","OS","DMA传送","I_O管理","1"
"knowledge","OS","DMA方式","I_O管理","6"
"knowledge","OS","DMA控制器","I_O管理","2"
"knowledge","OS","FAT","文件系统","1"
"knowledge","OS","FIFO页面置换算法","页面置换","10"
"knowledge","OS","I_O操作","I_O管理","1"
"knowledge","OS","I_O等待","I_O管理","1"
"knowledge","OS","I_O缓冲","I_O管理","1"
"knowledge","OS","I_O缓冲技术","I_O管理","1"
"knowledge","OS","I_O接口","I_O管理","1"
"knowledge","OS","I_O开销","I_O管理","1"
"knowledge","OS","I_O控制方式","I_O管理","6"
"knowledge","OS","I_O逻辑","I_O管理","1"
"knowledge","OS","I_O请求处理流程","I_O管理","2"
"knowledge","OS","I_O软件层次","I_O管理","5"
"knowledge","OS","I_O设备管理","I_O管理","1"
"knowledge","OS","I_O设备利用率","I_O管理","1"
"knowledge","OS","I_O时间计算","I_O管理","1"
"knowledge","OS","I_O数据路径","I_O管理","1"
"knowledge","OS","I_O完成唤醒","I_O管理","1"
"knowledge","OS","I_O完成事件","I_O管理","1"
"knowledge","OS","I_O效率","I_O管理","1"
"knowledge","OS","I_O型作业","I_O管理","1"
"knowledge","OS","I_O与CPU并行","I_O管理","1"
"knowledge","OS","I_O指令","I_O管理","1"
"knowledge","OS","I_O中断","I_O管理","2"
"knowledge","OS","LRU页面置换算法","页面置换","12"
"knowledge","OS","P操作","同步与互斥","15"
"knowledge","OS","Peterson算法","同步与互斥","5"
"knowledge","OS","PV操作","同步与互斥","22"
"knowledge","OS","SCAN算法","磁盘调度","7"
"knowledge","OS","SPOOLing","I_O管理","13"
"knowledge","OS","SSTF算法","磁盘调度","6"
"knowledge","OS","TLB","虚拟内存","2"
"knowledge","OS","TLB命中率","虚拟内存","5"
"knowledge","OS","V操作","同步与互斥","14"
"knowledge","PS","0-1分布","二项分布","16"
"knowledge","PS","半正态分布","正态分布","6"
"knowledge","PS","边缘分布函数","边缘分布","6"
"knowledge","PS","边缘分布律","边缘分布","3"
"knowledge","PS","边缘概率密度","边缘分布","33"
"knowledge","PS","变量变换","随机变量函数的分布","5"
"knowledge","PS","变量变换法","随机变量函数的分布","6"
"knowledge","PS","变量替换","随机变量函数的分布","6"
"knowledge","PS","变量替换法","随机变量函数的分布","3"
"knowledge","PS","标准化","正态分布","29"
"knowledge","PS","标准正态","正态分布","4"
"knowledge","PS","标准正态分布","正态分布","43"
"knowledge","PS","标准正态分布函数","正态分布","9"
"knowledge","PS","标准正态分位数","置信区间","3"
"knowledge","PS","伯努利分布","二项分布","8"
"knowledge","PS","伯努利试验","二项分布","6"
"knowledge","PS","补事件概率","随机事件与概率","5"
"knowledge","PS","不放回抽样","超几何分布","10"
"knowledge","PS","不相关","协方差与相关系数","15"
"knowledge","PS","不相关与独立","协方差与相关系数","15"
"knowledge","PS","超几何分布","几何分布","6"
"knowledge","PS","乘法公式","条件概率","13"
"knowledge","PS","次序统计量","总体与样本","25"
"knowledge","PS","大数定律与中心极限定理","中心极限定理","9"
"knowledge","PS","单侧检验","假设检验","5"
"knowledge","PS","德摩根定律","随机事件与概率","3"
"knowledge","PS","德摩根律","随机事件与概率","17"
"knowledge","PS","第二类错误","假设检验","17"
"knowledge","PS","第一类错误","假设检验","11"
"knowledge","PS","独立事件","事件独立性","7"
"knowledge","PS","独立事件概率","事件独立性","4"
"knowledge","PS","独立随机变量","随机变量独立性","28"
"knowledge","PS","独立随机变量和","随机变量独立性","4"
"knowledge","PS","独立同分布","随机变量独立性","23"
"knowledge","PS","独立性","事件独立性","95"
"knowledge","PS","独立与不相关","协方差与相关系数","3"
"knowledge","PS","独立正态线性组合","随机变量函数的分布","4"
"knowledge","PS","独立重复试验","二项分布","20"
"knowledge","PS","对称性","分布性质","27"
"knowledge","PS","对立事件","随机事件与概率","39"
"knowledge","PS","对立事件概率","随机事件与概率","5"
"knowledge","PS","对数似然函数","最大似然估计","3"
"knowledge","PS","多维随机变量及其分布","联合分布","50"
"knowledge","PS","多项分布","其他常见分布","10"
"knowledge","PS","二维分布函数","联合分布","8"
"knowledge","PS","二维均匀分布","均匀分布","47"
"knowledge","PS","二维连续型随机变量","联合分布","5"
"knowledge","PS","二维联合分布函数","联合分布","3"
"knowledge","PS","二维随机变量","联合分布","7"
"knowledge","PS","二维正态","正态分布","4"
"knowledge","PS","二维正态分布","正态分布","52"
"knowledge","PS","二重积分","联合分布","11"
"knowledge","PS","二重积分换元","联合分布","1"
"knowledge","PS","方差公式","方差","7"
"knowledge","PS","方差计算","方差","23"
"knowledge","PS","方差可加性","方差","5"
"knowledge","PS","方差性质","方差","34"
"knowledge","PS","方差已知","方差","4"
"knowledge","PS","分布函数单调性","分布函数","3"
"knowledge","PS","分布函数定义","分布函数","6"
"knowledge","PS","分布函数法","分布函数","44"
"knowledge","PS","分布函数连续性","分布函数","3"
"knowledge","PS","分布函数求解","分布函数","5"
"knowledge","PS","分布函数性质","分布函数","5"
"knowledge","PS","分布律","分布函数","16"
"knowledge","PS","分段函数","随机变量函数的分布","7"
"knowledge","PS","分段函数积分","随机变量函数的分布","3"
"knowledge","PS","分段积分","随机变量函数的分布","8"
"knowledge","PS","分位数","置信区间","17"
"knowledge","PS","负二项分布","二项分布","10"
"knowledge","PS","概率乘法公式","条件概率","6"
"knowledge","PS","概率单调性","随机事件与概率","7"
"knowledge","PS","概率的性质","随机事件与概率","15"
"knowledge","PS","概率积分变换","随机变量函数的分布","11"
"knowledge","PS","概率计算","随机事件与概率","36"
"knowledge","PS","概率加法公式","随机事件与概率","27"
"knowledge","PS","概率密度归一化","概率密度函数","9"
"knowledge","PS","概率密度归一性","概率密度函数","5"
"knowledge","PS","概率密度积分","概率密度函数","4"
"knowledge","PS","估计量的评选标准","估计量评价","3"
"knowledge","PS","估计量方差","估计量评价","3"
"knowledge","PS","归一化条件","概率密度函数","12"
"knowledge","PS","和差积商的分布","随机变量函数的分布","13"
"knowledge","PS","和事件概率","随机事件与概率","3"
"knowledge","PS","互不相容","事件独立性","9"
"knowledge","PS","互斥事件","事件独立性","4"
"knowledge","PS","混合分布","其他常见分布","10"
"knowledge","PS","混合型分布","其他常见分布","6"
"knowledge","PS","混合型随机变量","其他常见分布","13"
"knowledge","PS","几何概率","古典概型","7"
"knowledge","PS","几何概型","古典概型","26"
"knowledge","PS","加法公式","随机事件与概率","11"
"knowledge","PS","伽马函数","其他常见分布","5"
"knowledge","PS","简单随机样本","总体与样本","6"
"knowledge","PS","矩母函数","数学期望","6"
"knowledge","PS","拒绝域","假设检验","22"
"knowledge","PS","卷积","随机变量函数的分布","4"
"knowledge","PS","卷积公式","随机变量函数的分布","16"
"knowledge","PS","绝对值期望","数学期望","5"
"knowledge","PS","卡方分布","抽样分布","84"
"knowledge","PS","柯西分布","其他常见分布","8"
"knowledge","PS","拉普拉斯分布","其他常见分布","7"
"knowledge","PS","离散均匀分布","均匀分布","6"
"knowledge","PS","离散型随机变量","分布函数","25"
"knowledge","PS","连续型随机变量","概率密度函数","42"
"knowledge","PS","联合分布函数","联合分布","13"
"knowledge","PS","联合分布律","联合分布","13"
"knowledge","PS","联合概率密度","联合分布","29"
"knowledge","PS","两类错误","假设检验","10"
"knowledge","PS","两两独立","随机变量独立性","11"
"knowledge","PS","林德伯格-莱维中心极限定理","中心极限定理","3"
"knowledge","PS","零概率事件","随机事件与概率","5"
"knowledge","PS","密度函数","概率密度函数","7"
"knowledge","PS","泊松分布可加性","泊松分布","3"
"knowledge","PS","泊松过程","泊松分布","8"
"knowledge","PS","期望方差计算","方差","3"
"knowledge","PS","期望计算","数学期望","21"
"knowledge","PS","切比雪夫不等式","概率不等式","31"
"knowledge","PS","切比雪夫大数定律","大数定律","4"
"knowledge","PS","区间概率计算","随机事件与概率","3"
"knowledge","PS","区间估计","置信区间","16"
"knowledge","PS","全方差公式","方差","4"
"knowledge","PS","全期望公式","数学期望","8"
"knowledge","PS","容斥公式","随机事件与概率","5"
"knowledge","PS","容斥原理","随机事件与概率","22"
"knowledge","PS","上侧分位数","置信区间","5"
"knowledge","PS","示性函数","随机变量函数的分布","6"
"knowledge","PS","似然函数","最大似然估计","15"
"knowledge","PS","似然函数求导","最大似然估计","3"
"knowledge","PS","事件包含关系","随机事件与概率","11"
"knowledge","PS","事件概率","随机事件与概率","7"
"knowledge","PS","事件概率计算","随机事件与概率","4"
"knowledge","PS","事件关系","随机事件与概率","15"
"knowledge","PS","事件运算","随机事件与概率","37"
"knowledge","PS","枢轴量","置信区间","7"
"knowledge","PS","枢轴量法","置信区间","12"
"knowledge","PS","数理统计","总体与样本","10"
"knowledge","PS","数理统计的基本概念","总体与样本","23"
"knowledge","PS","数学期望的线性性","数学期望","16"
"knowledge","PS","数学期望与方差","方差","29"
"knowledge","PS","数字特征","数学期望","11"
"knowledge","PS","数字特征的性质","数学期望","15"
"knowledge","PS","顺序统计量","总体与样本","24"
"knowledge","PS","随机变量的独立性","随机变量独立性","42"
"knowledge","PS","随机变量的数字特征","数学期望","46"
"knowledge","PS","随机变量函数","随机变量函数的分布","65"
"knowledge","PS","随机变量函数的期望","数学期望","16"
"knowledge","PS","随机变量及其分布","分布函数","32"
"knowledge","PS","随机事件","随机事件与概率","4"
"knowledge","PS","随机事件及其概率","随机事件与概率","40"
"knowledge","PS","条件概率密度","条件分布","11"
"knowledge","PS","条件密度","条件分布","7"
"knowledge","PS","条件期望","数学期望","19"
"knowledge","PS","统计量","总体与样本","23"
"knowledge","PS","尾概率计算","随机事件与概率","4"
"knowledge","PS","无放回抽样","超几何分布","5"
"knowledge","PS","无记忆性","指数分布","17"
"knowledge","PS","无偏估计","估计量评价","29"
"knowledge","PS","无偏估计量","估计量评价","4"
"knowledge","PS","无偏性","估计量评价","35"
"knowledge","PS","显著性水平","假设检验","16"
"knowledge","PS","线性变换","随机变量函数的分布","10"
"knowledge","PS","线性组合","随机变量函数的分布","12"
"knowledge","PS","相关系数","协方差与相关系数","97"
"knowledge","PS","相关系数计算","协方差与相关系数","3"
"knowledge","PS","相合性","估计量评价","9"
"knowledge","PS","相互独立","随机变量独立性","19"
"knowledge","PS","协方差","协方差与相关系数","126"
"knowledge","PS","协方差计算","协方差与相关系数","15"
"knowledge","PS","协方差双线性","协方差与相关系数","5"
"knowledge","PS","协方差性质","协方差与相关系数","4"
"knowledge","PS","辛钦大数定律","大数定律","11"
"knowledge","PS","样本独立性","总体与样本","6"
"knowledge","PS","样本二阶矩","总体与样本","2"
"knowledge","PS","样本二阶原点矩","总体与样本","3"
"knowledge","PS","样本方差","总体与样本","42"
"knowledge","PS","样本方差分布","抽样分布","3"
"knowledge","PS","样本矩","矩估计","8"
"knowledge","PS","样本均值","总体与样本","55"
"knowledge","PS","样本均值方差","总体与样本","5"
"knowledge","PS","样本均值分布","抽样分布","13"
"knowledge","PS","样本容量","总体与样本","4"
"knowledge","PS","一维随机变量及其分布","分布函数","20"
"knowledge","PS","一致性","估计量评价","3"
"knowledge","PS","依概率收敛","大数定律","23"
"knowledge","PS","有效性","估计量评价","7"
"knowledge","PS","右连续性","分布函数","7"
"knowledge","PS","正态分布标准化","正态分布","15"
"knowledge","PS","正态分布对称性","正态分布","7"
"knowledge","PS","正态分布函数","正态分布","4"
"knowledge","PS","正态分布可加性","正态分布","3"
"knowledge","PS","正态分布性质","正态分布","6"
"knowledge","PS","正态近似","中心极限定理","12"
"knowledge","PS","正态线性组合","随机变量函数的分布","6"
"knowledge","PS","正态总体","总体与样本","22"
"knowledge","PS","正态总体抽样分布","抽样分布","31"
"knowledge","PS","正态总体均值估计","总体与样本","3"
"knowledge","PS","正态总体均值检验","假设检验","8"
"knowledge","PS","正态总体均值区间估计","置信区间","4"
"knowledge","PS","指示变量","随机变量函数的分布","8"
"knowledge","PS","重期望公式","数学期望","4"
"knowledge","PS","自由度","抽样分布","10"
"knowledge","PS","组合计数","古典概型","15"
"knowledge","PS","最大值分布","随机变量函数的分布","13"
"knowledge","PS","最大值最小值分布","随机变量函数的分布","10"
"knowledge","PS","最小值分布","随机变量函数的分布","6"
"knowledge","PS","F分布","抽样分布","43"
"knowledge","PS","Gamma分布","其他常见分布","5"
"knowledge","PS","t分布","抽样分布","47"
"knowledge","PS","t检验","假设检验","8"
"knowledge","PS","Z检验","假设检验","5"
"knowledge","PS","χ2分布","抽样分布","13"
"points","AM","阿贝尔定理","[points]","3"
"points","AM","鞍点","[points]","3"
"points","AM","凹函数","[points]","4"
"points","AM","摆线","[points]","4"
"points","AM","半角公式","[points]","3"
"points","AM","比较大小","[points]","4"
"points","AM","比较系数","[points]","4"
"points","AM","边界条件","[points]","1"
"points","AM","部分和","[points]","5"
"points","AM","参数范围","[points]","4"
"points","AM","参数分类讨论","[points]","1"
"points","AM","参数求解","[points]","3"
"points","AM","参数讨论","[points]","6"
"points","AM","乘积求导","[points]","4"
"points","AM","充分必要条件","[points]","3"
"points","AM","充要条件","[points]","8"
"points","AM","抽水做功","[points]","4"
"points","AM","抽样分布","[points]","1"
"points","AM","初始条件","[points]","4"
"points","AM","待定常数","[points]","4"
"points","AM","单调函数","[points]","6"
"points","AM","单调数列","[points]","3"
"points","AM","单位球面","[points]","4"
"points","AM","单位向量","[points]","2"
"points","AM","倒代换","[points]","3"
"points","AM","等比数列","[points]","5"
"points","AM","等价无穷大","[points]","3"
"points","AM","狄利克雷收敛定理","[points]","5"
"points","AM","递推","[points]","1"
"points","AM","点到平面距离","[points]","4"
"points","AM","点积","[points]","2"
"points","AM","叠加原理","[points]","3"
"points","AM","定义域","[points]","4"
"points","AM","对称区间","[points]","3"
"points","AM","对称区间积分","[points]","4"
"points","AM","对数恒等式","[points]","5"
"points","AM","对数积分","[points]","4"
"points","AM","对数展开式","[points]","3"
"points","AM","多项式","[points]","1"
"points","AM","多项式除法","[points]","3"
"points","AM","多元函数","[points]","6"
"points","AM","多元函数可微","[points]","4"
"points","AM","多元微分","[points]","3"
"points","AM","二次函数","[points]","3"
"points","AM","二维正态分布","[points]","1"
"points","AM","二项式展开","[points]","5"
"points","AM","法线方程","[points]","5"
"points","AM","反例","[points]","6"
"points","AM","反例法","[points]","2"
"points","AM","反三角积分","[points]","3"
"points","AM","反正切积分","[points]","7"
"points","AM","方差","[points]","1"
"points","AM","方差计算","[points]","1"
"points","AM","方程的根","[points]","4"
"points","AM","方向向量","[points]","5"
"points","AM","放缩法","[points]","6"
"points","AM","分离变量","[points]","4"
"points","AM","符号判定","[points]","1"
"points","AM","复合求导","[points]","3"
"points","AM","高斯积分","[points]","2"
"points","AM","含参积分","[points]","5"
"points","AM","函数表达式","[points]","3"
"points","AM","函数迭代","[points]","5"
"points","AM","函数连续","[points]","2"
"points","AM","函数性质","[points]","3"
"points","AM","函数值域","[points]","4"
"points","AM","恒等变形","[points]","2"
"points","AM","华里士公式","[points]","7"
"points","AM","混合分布","[points]","1"
"points","AM","混合积","[points]","4"
"points","AM","积分比较","[points]","6"
"points","AM","积分次序","[points]","3"
"points","AM","积分大小比较","[points]","3"
"points","AM","积分估计","[points]","4"
"points","AM","积分换序","[points]","3"
"points","AM","积分条件","[points]","3"
"points","AM","基础解系","[points]","3"
"points","AM","级数判敛","[points]","3"
"points","AM","几何级数","[points]","2"
"points","AM","几何应用","[points]","5"
"points","AM","加权平均","[points]","3"
"points","AM","伽马函数","[points]","2"
"points","AM","渐近估计","[points]","4"
"points","AM","阶乘","[points]","4"
"points","AM","截面法","[points]","4"
"points","AM","解空间","[points]","1"
"points","AM","矩阵的迹","[points]","1"
"points","AM","矩阵的秩","[points]","3"
"points","AM","矩阵对角化","[points]","1"
"points","AM","矩阵相似","[points]","1"
"points","AM","卷积","[points]","2"
"points","AM","卡方分布","[points]","1"
"points","AM","柯西-阿达马公式","[points]","3"
"points","AM","可积性","[points]","3"
"points","AM","可降阶方程","[points]","3"
"points","AM","空间直线","[points]","4"
"points","AM","拉格朗日乘子法","[points]","2"
"points","AM","拉普拉斯算子","[points]","3"
"points","AM","连续","[points]","5"
"points","AM","连续的定义","[points]","3"
"points","AM","列满秩","[points]","2"
"points","AM","裂项","[points]","2"
"points","AM","零点","[points]","4"
"points","AM","零点存在定理","[points]","4"
"points","AM","零点存在性","[points]","5"
"points","AM","零基础","[points]","16"
"points","AM","幂函数积分","[points]","4"
"points","AM","面积","[points]","4"
"points","AM","牛顿第二定律","[points]","4"
"points","AM","判别式","[points]","1"
"points","AM","配方","[points]","2"
"points","AM","配方法","[points]","7"
"points","AM","偏积分","[points]","6"
"points","AM","平方和","[points]","1"
"points","AM","平面区域面积","[points]","1"
"points","AM","平面束","[points]","3"
"points","AM","平移换元","[points]","5"
"points","AM","齐次函数","[points]","7"
"points","AM","奇点","[points]","5"
"points","AM","切线截距","[points]","3"
"points","AM","切线斜率","[points]","4"
"points","AM","球面坐标","[points]","5"
"points","AM","区间再现","[points]","5"
"points","AM","曲面方程","[points]","4"
"points","AM","曲面面积","[points]","4"
"points","AM","曲线交点","[points]","3"
"points","AM","取对数","[points]","4"
"points","AM","取对数法","[points]","4"
"points","AM","三角恒等变换","[points]","4"
"points","AM","三角有理式积分","[points]","3"
"points","AM","实对称矩阵","[points]","1"
"points","AM","实根个数","[points]","2"
"points","AM","势函数","[points]","7"
"points","AM","收敛必要条件","[points]","4"
"points","AM","收敛区间","[points]","4"
"points","AM","收敛性","[points]","4"
"points","AM","收敛性判断","[points]","3"
"points","AM","数学归纳法","[points]","2"
"points","AM","数学期望","[points]","2"
"points","AM","顺序主子式","[points]","1"
"points","AM","随机变量函数的分布","[points]","1"
"points","AM","特征多项式","[points]","2"
"points","AM","特征值","[points]","2"
"points","AM","特征值与特征向量","[points]","1"
"points","AM","投影","[points]","6"
"points","AM","投影法","[points]","6"
"points","AM","投影区域","[points]","3"
"points","AM","投影转化法","[points]","4"
"points","AM","椭球面","[points]","4"
"points","AM","椭圆","[points]","3"
"points","AM","椭圆面积","[points]","3"
"points","AM","椭圆区域","[points]","4"
"points","AM","万能代换","[points]","3"
"points","AM","韦达定理","[points]","2"
"points","AM","尾概率","[points]","1"
"points","AM","无穷大","[points]","4"
"points","AM","物理应用","[points]","4"
"points","AM","系数比较","[points]","6"
"points","AM","线性变换","[points]","3"
"points","AM","线性方程组","[points]","2"
"points","AM","线性方程组解判定","[points]","1"
"points","AM","线性无关","[points]","4"
"points","AM","线性相关判定","[points]","1"
"points","AM","线性组合","[points]","1"
"points","AM","向量场","[points]","4"
"points","AM","消元法","[points]","5"
"points","AM","协方差","[points]","1"
"points","AM","星形线","[points]","6"
"points","AM","行列式","[points]","2"
"points","AM","旋转面","[points]","3"
"points","AM","旋转体","[points]","3"
"points","AM","液体静压力","[points]","3"
"points","AM","液体压力","[points]","3"
"points","AM","因式分解","[points]","8"
"points","AM","圆的方程","[points]","3"
"points","AM","增量","[points]","1"
"points","AM","正定矩阵判定","[points]","1"
"points","AM","正交变换","[points]","2"
"points","AM","正交向量","[points]","1"
"points","AM","正交性","[points]","1"
"points","AM","正态总体","[points]","1"
"points","AM","指数分布","[points]","2"
"points","AM","指数函数","[points]","4"
"points","AM","秩一矩阵","[points]","1"
"points","AM","周期解","[points]","4"
"points","AM","周期延拓","[points]","4"
"points","AM","柱面","[points]","1"
"points","AM","柱面坐标","[points]","6"
"points","AM","最大值","[points]","2"
"points","AM","最大值函数","[points]","3"
"points","AM","最小二乘","[points]","1"
"points","AM","坐标变换","[points]","3"
"points","AM","F分布","[points]","1"
"points","AM","Jacobian","[points]","1"
"points","AM","Jordan标准型","[points]","1"
"points","AM","p积分","[points]","3"
"points","AM","Wallis公式","[points]","3"
"points","AM","Wronskian","[points]","1"
"points","CN","被动模式","[points]","3"
"points","CN","比特率","[points]","2"
"points","CN","标识字段","[points]","3"
"points","CN","波特率","[points]","3"
"points","CN","传输介质","[points]","3"
"points","CN","传输时延","[points]","3"
"points","CN","传输效率计算","[points]","3"
"points","CN","单源最短路径","[points]","1"
"points","CN","地址解析","[points]","3"
"points","CN","地址空间","[points]","1"
"points","CN","地址字段","[points]","2"
"points","CN","动态路由","[points]","3"
"points","CN","端到端通信","[points]","3"
"points","CN","分层结构","[points]","2"
"points","CN","分层体系结构","[points]","3"
"points","CN","分组转发","[points]","4"
"points","CN","概念辨析","[points]","1"
"points","CN","功能特性","[points]","4"
"points","CN","广域网","[points]","3"
"points","CN","会话层","[points]","3"
"points","CN","路由环路","[points]","3"
"points","CN","路由转发","[points]","3"
"points","CN","面向连接服务","[points]","3"
"points","CN","内积计算","[points]","1"
"points","CN","奇偶校验","[points]","3"
"points","CN","确认机制","[points]","4"
"points","CN","十六进制转换","[points]","3"
"points","CN","数据报","[points]","3"
"points","CN","死锁避免","[points]","1"
"points","CN","同步传输","[points]","1"
"points","CN","位同步","[points]","3"
"points","CN","位运算","[points]","1"
"points","CN","无连接服务","[points]","3"
"points","CN","物理地址","[points]","1"
"points","CN","协议定义","[points]","3"
"points","CN","信道容量","[points]","3"
"points","CN","信号状态数","[points]","3"
"points","CN","异步传输","[points]","1"
"points","CN","应用层","[points]","3"
"points","CN","用户接口","[points]","1"
"points","CN","语法","[points]","3"
"points","CN","帧间间隔","[points]","3"
"points","CN","帧序号比特数","[points]","3"
"points","CN","中继器功能","[points]","3"
"points","CN","逐跳转发","[points]","3"
"points","CN","主机位计算","[points]","3"
"points","CN","总长度字段","[points]","3"
"points","CN","最短路径","[points]","1"
"points","CN","最短帧长","[points]","3"
"points","CN","Bellman-Ford","[points]","1"
"points","CN","C_S分工","[points]","1"
"points","CN","C_S模式对比","[points]","1"
"points","CN","C_S模型","[points]","2"
"points","CN","C_S模型特点","[points]","1"
"points","CN","C_S与P2P对比","[points]","1"
"points","CN","LSA","[points]","1"
"points","CN","NCP","[points]","1"
"points","CO","比特率","[points]","1"
"points","CO","编译程序","[points]","3"
"points","CO","编译优化","[points]","3"
"points","CO","操作码扩展","[points]","3"
"points","CO","操作码位数","[points]","3"
"points","CO","操作元件","[points]","3"
"points","CO","程序查询方式","[points]","2"
"points","CO","程序状态字","[points]","4"
"points","CO","传输时间","[points]","2"
"points","CO","存储容量","[points]","4"
"points","CO","带宽计算","[points]","4"
"points","CO","单周期处理器","[points]","3"
"points","CO","地址_数据线复用","[points]","1"
"points","CO","地址对齐","[points]","3"
"points","CO","地址划分","[points]","4"
"points","CO","地址结构","[points]","4"
"points","CO","地址空间","[points]","2"
"points","CO","地址空间隔离","[points]","1"
"points","CO","地址码","[points]","3"
"points","CO","地址线","[points]","4"
"points","CO","地址映射","[points]","4"
"points","CO","地址字段","[points]","1"
"points","CO","低位交叉编址","[points]","4"
"points","CO","递归调用","[points]","1"
"points","CO","定点数表示","[points]","3"
"points","CO","段表","[points]","1"
"points","CO","断点保护","[points]","3"
"points","CO","多处理器系统","[points]","2"
"points","CO","多核处理器","[points]","3"
"points","CO","返回地址","[points]","4"
"points","CO","访存次数","[points]","2"
"points","CO","分页存储","[points]","3"
"points","CO","分支预测","[points]","4"
"points","CO","冯·诺依曼结构","[points]","3"
"points","CO","符号位","[points]","3"
"points","CO","共享内存","[points]","1"
"points","CO","关键路径","[points]","2"
"points","CO","核心态","[points]","1"
"points","CO","回写法","[points]","3"
"points","CO","机器周期","[points]","4"
"points","CO","加法器","[points]","3"
"points","CO","阶码","[points]","3"
"points","CO","进程切换","[points]","1"
"points","CO","精度","[points]","3"
"points","CO","快表","[points]","1"
"points","CO","逻辑移位","[points]","3"
"points","CO","内核态","[points]","1"
"points","CO","偏移量","[points]","2"
"points","CO","片选译码","[points]","3"
"points","CO","奇偶校验","[points]","1"
"points","CO","请求_回答信号","[points]","1"
"points","CO","取指操作","[points]","4"
"points","CO","全双工","[points]","1"
"points","CO","缺页","[points]","2"
"points","CO","缺页处理","[points]","1"
"points","CO","闪存","[points]","3"
"points","CO","设备分类","[points]","1"
"points","CO","设备驱动程序","[points]","1"
"points","CO","数据传送","[points]","3"
"points","CO","数据宽度","[points]","4"
"points","CO","数据线","[points]","4"
"points","CO","数组存储","[points]","1"
"points","CO","数组访问","[points]","3"
"points","CO","双符号位","[points]","3"
"points","CO","随机存取","[points]","3"
"points","CO","随机访问","[points]","2"
"points","CO","特权指令","[points]","1"
"points","CO","同步传输","[points]","3"
"points","CO","微操作","[points]","4"
"points","CO","微操作序列","[points]","4"
"points","CO","微架构","[points]","3"
"points","CO","握手信号","[points]","4"
"points","CO","物理地址","[points]","1"
"points","CO","系统调用","[points]","3"
"points","CO","写分配法","[points]","3"
"points","CO","性能评价","[points]","3"
"points","CO","性能指标","[points]","3"
"points","CO","虚拟地址","[points]","2"
"points","CO","旋转延迟","[points]","1"
"points","CO","寻道时间","[points]","1"
"points","CO","循环右移","[points]","1"
"points","CO","页面置换","[points]","1"
"points","CO","页内偏移","[points]","1"
"points","CO","页式存储管理","[points]","1"
"points","CO","移位运算","[points]","4"
"points","CO","异步传输","[points]","2"
"points","CO","异步通信","[points]","3"
"points","CO","真值转换","[points]","4"
"points","CO","阵列乘法器","[points]","3"
"points","CO","指令分类","[points]","2"
"points","CO","指令级并行","[points]","3"
"points","CO","指令集体系结构","[points]","3"
"points","CO","指令译码","[points]","3"
"points","CO","周期挪用","[points]","3"
"points","CO","主存带宽","[points]","3"
"points","CO","转发技术","[points]","3"
"points","CO","状态元件","[points]","3"
"points","CO","状态转移","[points]","1"
"points","CO","字节序","[points]","3"
"points","CO","子程序调用","[points]","2"
"points","CO","组合逻辑","[points]","4"
"points","CO","DDR3","[points]","1"
"points","CO","FIFO算法","[points]","1"
"points","CO","FTL","[points]","1"
"points","CO","IPC","[points]","1"
"points","CO","load-use","[points]","1"
"points","CO","MAR","[points]","1"
"points","CO","MAR_MDR位数","[points]","1"
"points","CO","MDR","[points]","1"
"points","CO","MIMD","[points]","2"
"points","CO","MISD","[points]","1"
"points","CO","MPP","[points]","1"
"points","CO","PCIe","[points]","2"
"points","CO","PSW","[points]","1"
"points","CO","RAS_CAS信号","[points]","1"
"points","CO","SIMD","[points]","4"
"points","CO","SMP","[points]","1"
"points","CO","UMA_NUMA","[points]","1"
"points","CO","USB","[points]","1"
"points","CO","VLIW","[points]","1"
"points","DS","边数关系","[points]","3"
"points","DS","遍历对应关系","[points]","3"
"points","DS","标志位","[points]","1"
"points","DS","表达式求值","[points]","4"
"points","DS","层次遍历","[points]","4"
"points","DS","层序编号","[points]","3"
"points","DS","插入分裂","[points]","3"
"points","DS","插入删除","[points]","5"
"points","DS","查找路径","[points]","3"
"points","DS","查找效率","[points]","3"
"points","DS","出队操作","[points]","3"
"points","DS","出队序列","[points]","3"
"points","DS","带权图","[points]","4"
"points","DS","地址映射","[points]","1"
"points","DS","等比级数","[points]","1"
"points","DS","等比数列","[points]","1"
"points","DS","递推关系","[points]","5"
"points","DS","顶点度","[points]","4"
"points","DS","对数复杂度","[points]","3"
"points","DS","二叉查找树","[points]","4"
"points","DS","二分查找","[points]","4"
"points","DS","二路归并","[points]","3"
"points","DS","反例构造","[points]","1"
"points","DS","分配收集","[points]","3"
"points","DS","概率分布","[points]","1"
"points","DS","关键活动","[points]","4"
"points","DS","关键字范围","[points]","3"
"points","DS","关键字数","[points]","5"
"points","DS","孩子表示法","[points]","3"
"points","DS","黑高","[points]","3"
"points","DS","划分","[points]","3"
"points","DS","渐进分析","[points]","3"
"points","DS","交换次数","[points]","3"
"points","DS","矩阵乘法","[points]","1"
"points","DS","矩阵幂","[points]","1"
"points","DS","快慢指针","[points]","4"
"points","DS","路径压缩","[points]","4"
"points","DS","模运算","[points]","3"
"points","DS","内存分配","[points]","1"
"points","DS","内存管理","[points]","1"
"points","DS","逆序数","[points]","2"
"points","DS","排序过程","[points]","4"
"points","DS","判空条件","[points]","3"
"points","DS","偏移量","[points]","1"
"points","DS","平方探测","[points]","3"
"points","DS","平衡调整","[points]","3"
"points","DS","前缀编码","[points]","4"
"points","DS","入队操作","[points]","4"
"points","DS","三叉树","[points]","3"
"points","DS","三角矩阵","[points]","3"
"points","DS","三元组表","[points]","3"
"points","DS","散列冲突","[points]","3"
"points","DS","上三角矩阵","[points]","2"
"points","DS","生产者-消费者问题","[points]","1"
"points","DS","时间余量","[points]","4"
"points","DS","枢轴","[points]","3"
"points","DS","树","[points]","3"
"points","DS","树的遍历","[points]","3"
"points","DS","顺序统计量","[points]","1"
"points","DS","松弛操作","[points]","3"
"points","DS","算法复杂度","[points]","3"
"points","DS","随机访问","[points]","3"
"points","DS","索引表","[points]","3"
"points","DS","贪心策略","[points]","5"
"points","DS","图的基本概念","[points]","3"
"points","DS","图的连通性","[points]","4"
"points","DS","图的应用","[points]","3"
"points","DS","图论","[points]","4"
"points","DS","位运算","[points]","1"
"points","DS","下三角矩阵","[points]","4"
"points","DS","先进先出","[points]","5"
"points","DS","旋转","[points]","4"
"points","DS","旋转操作","[points]","4"
"points","DS","循环分析","[points]","4"
"points","DS","循环嵌套","[points]","5"
"points","DS","循环右移","[points]","2"
"points","DS","移动次数","[points]","5"
"points","DS","有向环","[points]","3"
"points","DS","有序序列","[points]","3"
"points","DS","运算符优先级","[points]","3"
"points","DS","增量","[points]","2"
"points","DS","指针修改","[points]","4"
"points","DS","中位数","[points]","1"
"points","DS","中缀表达式","[points]","3"
"points","DS","中缀转后缀","[points]","4"
"points","DS","转置","[points]","1"
"points","DS","组合计数","[points]","1"
"points","DS","最近公共祖先","[points]","3"
"points","DS","FIFO","[points]","1"
"points","DS","OSPF","[points]","1"
"points","DS","Top-k问题","[points]","4"
"points","DS","TTL","[points]","2"
"points","LA","按行按列展开定理","[points]","5"
"points","LA","边缘概率密度","[points]","2"
"points","LA","变量变换","[points]","1"
"points","LA","变限积分","[points]","3"
"points","LA","伯努利分布","[points]","1"
"points","LA","不定积分","[points]","1"
"points","LA","不相关","[points]","1"
"points","LA","参数范围","[points]","2"
"points","LA","参数分类讨论","[points]","4"
"points","LA","常数项","[points]","3"
"points","LA","常微分方程","[points]","1"
"points","LA","充分必要条件","[points]","7"
"points","LA","充要条件","[points]","5"
"points","LA","凑微分","[points]","1"
"points","LA","大数定律","[points]","1"
"points","LA","待定系数","[points]","1"
"points","LA","待定系数法","[points]","1"
"points","LA","单调性","[points]","2"
"points","LA","导数","[points]","1"
"points","LA","等价无穷小","[points]","3"
"points","LA","递推","[points]","2"
"points","LA","递推数列","[points]","3"
"points","LA","第二类错误","[points]","1"
"points","LA","第二类曲线积分","[points]","1"
"points","LA","第二型曲面积分","[points]","2"
"points","LA","点积","[points]","1"
"points","LA","定积分","[points]","1"
"points","LA","定积分比较","[points]","1"
"points","LA","独立同分布","[points]","1"
"points","LA","独立性","[points]","2"
"points","LA","独立性判定","[points]","1"
"points","LA","对称区间积分","[points]","1"
"points","LA","对称性","[points]","2"
"points","LA","对数函数","[points]","1"
"points","LA","多项分布","[points]","1"
"points","LA","多项式","[points]","2"
"points","LA","多项式除法","[points]","1"
"points","LA","多项式系数","[points]","3"
"points","LA","多元复合函数","[points]","1"
"points","LA","多元函数极值","[points]","2"
"points","LA","多元函数微分","[points]","1"
"points","LA","多重线性性","[points]","3"
"points","LA","二阶导数","[points]","1"
"points","LA","二阶偏导","[points]","1"
"points","LA","二阶偏导数","[points]","1"
"points","LA","二维均匀分布","[points]","1"
"points","LA","二维正态分布","[points]","1"
"points","LA","二项分布","[points]","1"
"points","LA","二重积分","[points]","1"
"points","LA","法方程","[points]","3"
"points","LA","反常积分","[points]","1"
"points","LA","反例","[points]","7"
"points","LA","反例法","[points]","1"
"points","LA","反例构造","[points]","3"
"points","LA","反证法","[points]","3"
"points","LA","方差","[points]","1"
"points","LA","方程的根","[points]","1"
"points","LA","非零解","[points]","3"
"points","LA","分布函数","[points]","2"
"points","LA","分部积分法","[points]","2"
"points","LA","分段函数","[points]","3"
"points","LA","分离变量","[points]","2"
"points","LA","符号判定","[points]","3"
"points","LA","辅助函数","[points]","1"
"points","LA","辅助函数构造","[points]","1"
"points","LA","复合函数","[points]","2"
"points","LA","傅里叶级数","[points]","1"
"points","LA","概率密度函数","[points]","1"
"points","LA","概念辨析","[points]","2"
"points","LA","高阶导数","[points]","1"
"points","LA","格林公式","[points]","1"
"points","LA","公因子提取","[points]","3"
"points","LA","拐点","[points]","1"
"points","LA","广义瑞利商","[points]","3"
"points","LA","归一化条件","[points]","1"
"points","LA","函数极限","[points]","1"
"points","LA","函数连续","[points]","1"
"points","LA","和函数","[points]","1"
"points","LA","恒等变形","[points]","4"
"points","LA","积分不等式","[points]","1"
"points","LA","积分因子","[points]","1"
"points","LA","积分中值定理","[points]","1"
"points","LA","基","[points]","3"
"points","LA","级数求和","[points]","1"
"points","LA","极限","[points]","2"
"points","LA","极坐标","[points]","2"
"points","LA","几何级数","[points]","1"
"points","LA","假设检验","[points]","1"
"points","LA","间断点","[points]","1"
"points","LA","降阶","[points]","3"
"points","LA","降阶法","[points]","3"
"points","LA","降阶展开","[points]","3"
"points","LA","交换积分次序","[points]","1"
"points","LA","介值定理","[points]","1"
"points","LA","绝对收敛","[points]","1"
"points","LA","柯西不等式","[points]","5"
"points","LA","可降阶微分方程","[points]","1"
"points","LA","可微性","[points]","1"
"points","LA","拉格朗日乘子法","[points]","1"
"points","LA","连续型随机变量","[points]","1"
"points","LA","连续性","[points]","1"
"points","LA","联合概率密度","[points]","1"
"points","LA","敛散性","[points]","1"
"points","LA","链式法则","[points]","2"
"points","LA","裂项","[points]","1"
"points","LA","零点存在性","[points]","1"
"points","LA","罗尔定理","[points]","1"
"points","LA","幂级数","[points]","1"
"points","LA","幂级数展开","[points]","1"
"points","LA","幂零变换","[points]","3"
"points","LA","内积","[points]","4"
"points","LA","内积计算","[points]","2"
"points","LA","逆序数","[points]","4"
"points","LA","判别式","[points]","2"
"points","LA","配方","[points]","1"
"points","LA","偏导数","[points]","7"
"points","LA","偏微分方程","[points]","1"
"points","LA","平方和","[points]","2"
"points","LA","平方和分解","[points]","1"
"points","LA","平面方程","[points]","3"
"points","LA","齐次方程","[points]","2"
"points","LA","奇偶函数","[points]","1"
"points","LA","奇偶性","[points]","2"
"points","LA","切平面","[points]","2"
"points","LA","曲面分类","[points]","3"
"points","LA","曲面积分","[points]","2"
"points","LA","全微分","[points]","1"
"points","LA","全微分方程","[points]","1"
"points","LA","三角函数积分","[points]","1"
"points","LA","三角恒等变换","[points]","1"
"points","LA","三角换元","[points]","1"
"points","LA","实根个数","[points]","1"
"points","LA","事件独立性","[points]","1"
"points","LA","事件运算","[points]","1"
"points","LA","收敛半径","[points]","1"
"points","LA","数学归纳法","[points]","4"
"points","LA","数学期望","[points]","2"
"points","LA","数学期望的线性性","[points]","1"
"points","LA","数字特征","[points]","1"
"points","LA","随机变量函数","[points]","1"
"points","LA","随机占优","[points]","1"
"points","LA","泰勒公式","[points]","4"
"points","LA","特解","[points]","2"
"points","LA","特征方程","[points]","2"
"points","LA","梯度","[points]","1"
"points","LA","条件概率","[points]","3"
"points","LA","条件极值","[points]","2"
"points","LA","条件密度","[points]","1"
"points","LA","条件最值","[points]","1"
"points","LA","通量","[points]","1"
"points","LA","投影法","[points]","1"
"points","LA","投影区域","[points]","1"
"points","LA","凸函数","[points]","1"
"points","LA","椭球面","[points]","2"
"points","LA","外积","[points]","3"
"points","LA","微分方程","[points]","2"
"points","LA","韦达定理","[points]","2"
"points","LA","无偏性","[points]","1"
"points","LA","无穷小阶数","[points]","1"
"points","LA","线性表出","[points]","3"
"points","LA","相关系数","[points]","1"
"points","LA","协方差","[points]","3"
"points","LA","斜渐近线","[points]","1"
"points","LA","行和","[points]","6"
"points","LA","样本二阶矩","[points]","1"
"points","LA","样本均值","[points]","1"
"points","LA","一阶微分方程","[points]","2"
"points","LA","一阶线性微分方程","[points]","1"
"points","LA","因式分解","[points]","2"
"points","LA","隐函数求导","[points]","3"
"points","LA","有理函数积分","[points]","1"
"points","LA","有效性","[points]","1"
"points","LA","右逆","[points]","4"
"points","LA","余子式","[points]","4"
"points","LA","原函数","[points]","1"
"points","LA","张成空间","[points]","4"
"points","LA","正交投影","[points]","3"
"points","LA","正态分布","[points]","1"
"points","LA","指示变量","[points]","1"
"points","LA","指数分布","[points]","1"
"points","LA","秩一扰动","[points]","3"
"points","LA","秩一修正","[points]","4"
"points","LA","中值定理","[points]","1"
"points","LA","周期解","[points]","1"
"points","LA","周期性","[points]","1"
"points","LA","周期延拓","[points]","1"
"points","LA","驻点","[points]","1"
"points","LA","柱面","[points]","3"
"points","LA","转置","[points]","2"
"points","LA","最大似然估计","[points]","3"
"points","LA","最小二乘","[points]","3"
"points","LA","左右极限","[points]","1"
"points","LA","Jensen不等式","[points]","1"
"points","LA","Rolle定理","[points]","1"
"points","OS","安全性检查","[points]","4"
"points","OS","按名存取","[points]","3"
"points","OS","程序查询方式","[points]","1"
"points","OS","程序计数器","[points]","4"
"points","OS","程序状态字","[points]","1"
"points","OS","传输时间","[points]","1"
"points","OS","磁盘空间管理","[points]","3"
"points","OS","磁盘块","[points]","3"
"points","OS","磁头移动距离","[points]","4"
"points","OS","存储保护","[points]","4"
"points","OS","存储层次","[points]","1"
"points","OS","存储管理","[points]","3"
"points","OS","存储器分类","[points]","1"
"points","OS","打开文件表","[points]","3"
"points","OS","单位换算","[points]","2"
"points","OS","地址划分","[points]","1"
"points","OS","地址结构","[points]","2"
"points","OS","地址空间","[points]","1"
"points","OS","地址空间隔离","[points]","3"
"points","OS","地址越界检查","[points]","3"
"points","OS","等待队列","[points]","3"
"points","OS","电梯调度","[points]","3"
"points","OS","独占设备","[points]","4"
"points","OS","多处理器系统","[points]","1"
"points","OS","访存次数","[points]","2"
"points","OS","分层结构","[points]","1"
"points","OS","符号链接","[points]","3"
"points","OS","概念辨析","[points]","1"
"points","OS","共享内存","[points]","4"
"points","OS","固定分区","[points]","3"
"points","OS","固态硬盘","[points]","3"
"points","OS","核心态","[points]","3"
"points","OS","滑动窗口","[points]","1"
"points","OS","假脱机技术","[points]","4"
"points","OS","进制转换","[points]","1"
"points","OS","竞态条件","[points]","4"
"points","OS","局部性","[points]","3"
"points","OS","局部性原理","[points]","2"
"points","OS","局部置换","[points]","3"
"points","OS","空间局部性","[points]","2"
"points","OS","库函数","[points]","3"
"points","OS","快表","[points]","2"
"points","OS","链表插入","[points]","1"
"points","OS","链式存储","[points]","1"
"points","OS","流水线计算","[points]","2"
"points","OS","路径解析","[points]","4"
"points","OS","逻辑结构","[points]","1"
"points","OS","忙等","[points]","3"
"points","OS","磨损均衡","[points]","3"
"points","OS","内存保护","[points]","3"
"points","OS","内存利用率","[points]","3"
"points","OS","平均查找长度","[points]","1"
"points","OS","期望计算","[points]","1"
"points","OS","请求调入","[points]","3"
"points","OS","全双工通信","[points]","2"
"points","OS","让权等待","[points]","3"
"points","OS","上下文切换","[points]","4"
"points","OS","设备分类","[points]","2"
"points","OS","设备控制器","[points]","3"
"points","OS","时间复杂度","[points]","1"
"points","OS","时间局部性","[points]","2"
"points","OS","时间片","[points]","3"
"points","OS","事件驱动模拟","[points]","3"
"points","OS","输入输出井","[points]","3"
"points","OS","数据传输率","[points]","1"
"points","OS","数据传输速率","[points]","1"
"points","OS","数据通路","[points]","1"
"points","OS","数组实现","[points]","1"
"points","OS","随机存取","[points]","2"
"points","OS","索引表","[points]","2"
"points","OS","条件变量","[points]","4"
"points","OS","通道技术","[points]","3"
"points","OS","通用寄存器","[points]","1"
"points","OS","吞吐量","[points]","1"
"points","OS","吞吐量计算","[points]","1"
"points","OS","位图法","[points]","3"
"points","OS","位运算","[points]","1"
"points","OS","文件保护","[points]","3"
"points","OS","文件访问控制","[points]","3"
"points","OS","文件分配表","[points]","4"
"points","OS","文件分配方式","[points]","4"
"points","OS","文件最大长度","[points]","4"
"points","OS","物理地址","[points]","2"
"points","OS","物理地址计算","[points]","4"
"points","OS","系统启动流程","[points]","3"
"points","OS","消息传递","[points]","4"
"points","OS","行优先存储","[points]","2"
"points","OS","虚拟设备","[points]","4"
"points","OS","寻址方式","[points]","1"
"points","OS","引导程序","[points]","3"
"points","OS","引用计数","[points]","4"
"points","OS","用户接口","[points]","2"
"points","OS","有限等待","[points]","4"
"points","OS","有效存取时间","[points]","3"
"points","OS","原语","[points]","3"
"points","OS","执行时间","[points]","1"
"points","OS","指令分类","[points]","1"
"points","OS","重定位寄存器","[points]","4"
"points","OS","驻留集","[points]","4"
"points","OS","状态寄存器","[points]","1"
"points","OS","状态转移","[points]","1"
"points","OS","子程序调用","[points]","1"
"points","OS","阻塞队列","[points]","4"
"points","OS","ACL","[points]","1"
"points","OS","BIOS","[points]","2"
"points","OS","C_S模式","[points]","1"
"points","OS","Cache映射","[points]","1"
"points","OS","MBR","[points]","1"
"points","OS","MMU","[points]","1"
"points","OS","RAM","[points]","1"
"points","OS","ROM","[points]","2"
"points","OS","SIGKILL","[points]","2"
"points","OS","SIGSTOP","[points]","1"
"points","PS","凹函数","[points]","1"
"points","PS","必然事件","[points]","3"
"points","PS","边界条件","[points]","1"
"points","PS","变量代换","[points]","2"
"points","PS","变限积分","[points]","1"
"points","PS","不等式","[points]","1"
"points","PS","不等式放缩","[points]","2"
"points","PS","不等式证明","[points]","1"
"points","PS","不可能事件","[points]","3"
"points","PS","参数范围","[points]","1"
"points","PS","参数求解","[points]","7"
"points","PS","充要条件","[points]","7"
"points","PS","凑微分法","[points]","1"
"points","PS","单调性","[points]","5"
"points","PS","等比级数","[points]","3"
"points","PS","等比级数求和","[points]","1"
"points","PS","等比数列","[points]","1"
"points","PS","递推法","[points]","1"
"points","PS","递推数列","[points]","3"
"points","PS","调和级数","[points]","2"
"points","PS","定积分的计算","[points]","2"
"points","PS","定积分求面积","[points]","1"
"points","PS","独立性判定","[points]","17"
"points","PS","独立正态变量","[points]","4"
"points","PS","对称分布","[points]","3"
"points","PS","对数积分","[points]","1"
"points","PS","二次型","[points]","3"
"points","PS","二阶矩","[points]","5"
"points","PS","二阶原点矩","[points]","5"
"points","PS","反常积分","[points]","3"
"points","PS","反函数求导","[points]","1"
"points","PS","反例法","[points]","2"
"points","PS","反例构造","[points]","4"
"points","PS","反三角函数积分","[points]","1"
"points","PS","反三角函数求导","[points]","1"
"points","PS","反证法","[points]","1"
"points","PS","分布列","[points]","4"
"points","PS","分部积分法","[points]","3"
"points","PS","概率分布","[points]","3"
"points","PS","概率归一化","[points]","3"
"points","PS","概率减法公式","[points]","3"
"points","PS","概率为0/1","[points]","1"
"points","PS","高斯积分","[points]","3"
"points","PS","函数单调性","[points]","1"
"points","PS","函数性质","[points]","1"
"points","PS","函数最值","[points]","3"
"points","PS","互斥","[points]","3"
"points","PS","换元积分法","[points]","3"
"points","PS","混合偏导","[points]","1"
"points","PS","积分的计算","[points]","3"
"points","PS","积分区域确定","[points]","1"
"points","PS","级数敛散性","[points]","1"
"points","PS","级数求和","[points]","3"
"points","PS","级数收敛","[points]","2"
"points","PS","极限计算","[points]","1"
"points","PS","极限条件","[points]","1"
"points","PS","极值","[points]","1"
"points","PS","极坐标","[points]","3"
"points","PS","极坐标变换","[points]","5"
"points","PS","集合运算","[points]","3"
"points","PS","几何级数","[points]","2"
"points","PS","间断点","[points]","4"
"points","PS","绝对收敛","[points]","3"
"points","PS","绝对值处理","[points]","1"
"points","PS","绝对值函数","[points]","2"
"points","PS","均方误差","[points]","3"
"points","PS","均值不等式","[points]","1"
"points","PS","柯西-施瓦茨不等式","[points]","2"
"points","PS","柯西不等式","[points]","2"
"points","PS","拉格朗日乘数法","[points]","1"
"points","PS","离散型分布","[points]","4"
"points","PS","连续性","[points]","1"
"points","PS","两点分布","[points]","4"
"points","PS","裂项求和","[points]","1"
"points","PS","密度归一化","[points]","3"
"points","PS","幂级数","[points]","1"
"points","PS","幂级数求和","[points]","5"
"points","PS","幂级数展开","[points]","3"
"points","PS","模运算","[points]","1"
"points","PS","偶函数","[points]","1"
"points","PS","偶函数积分","[points]","3"
"points","PS","排列组合","[points]","4"
"points","PS","判别式","[points]","7"
"points","PS","配方","[points]","1"
"points","PS","配方法","[points]","3"
"points","PS","平方和分解","[points]","4"
"points","PS","平面区域面积","[points]","2"
"points","PS","泊松定理","[points]","3"
"points","PS","奇偶性","[points]","1"
"points","PS","奇偶性积分","[points]","1"
"points","PS","琴生不等式","[points]","1"
"points","PS","区间概率","[points]","3"
"points","PS","区间长度","[points]","3"
"points","PS","取整函数","[points]","5"
"points","PS","瑞利分布","[points]","4"
"points","PS","三角分布","[points]","4"
"points","PS","三角函数","[points]","1"
"points","PS","事件差","[points]","3"
"points","PS","事件的关系与运算","[points]","7"
"points","PS","收敛性判断","[points]","1"
"points","PS","随机变量","[points]","3"
"points","PS","随机变量独立","[points]","4"
"points","PS","随机占优","[points]","3"
"points","PS","特征函数","[points]","3"
"points","PS","特征值","[points]","1"
"points","PS","条件极值","[points]","1"
"points","PS","条件收敛","[points]","1"
"points","PS","跳跃间断点","[points]","1"
"points","PS","同分布","[points]","5"
"points","PS","退化分布","[points]","4"
"points","PS","微分方程","[points]","1"
"points","PS","尾部概率","[points]","5"
"points","PS","尾概率","[points]","4"
"points","PS","无穷级数求和","[points]","1"
"points","PS","显著性检验","[points]","4"
"points","PS","线性相关","[points]","4"
"points","PS","相合估计","[points]","3"
"points","PS","行列式","[points]","2"
"points","PS","行列式展开","[points]","1"
"points","PS","雅可比行列式","[points]","4"
"points","PS","一阶线性微分方程","[points]","1"
"points","PS","因式分解","[points]","1"
"points","PS","有放回抽样","[points]","4"
"points","PS","原点矩","[points]","3"
"points","PS","正定矩阵","[points]","1"
"points","PS","支撑集","[points]","3"
"points","PS","中位数","[points]","3"
"points","PS","状态转移","[points]","1"
"points","PS","最大值","[points]","1"
"points","PS","最大值最小值","[points]","4"
"points","PS","LOTUS","[points]","1"
"points","PS","max/min恒等变形","[points]","1"
"points","PS","max/min事件转化","[points]","1"
"points","PS","Pareto分布","[points]","3"
"points","PS","Rayleigh分布","[points]","4"
"source","AM","26_姜晓千四套卷/卷二/FIB","26_姜晓千四套卷","4"
"source","AM","26_姜晓千四套卷/卷二/FRQ","26_姜晓千四套卷","4"
"source","AM","26_姜晓千四套卷/卷二/MCQ","26_姜晓千四套卷","4"
"source","AM","26_姜晓千四套卷/卷三/FIB","26_姜晓千四套卷","4"
"source","AM","26_姜晓千四套卷/卷三/FRQ","26_姜晓千四套卷","4"
"source","AM","26_姜晓千四套卷/卷三/MCQ","26_姜晓千四套卷","4"
"source","AM","26_姜晓千四套卷/卷四/FIB","26_姜晓千四套卷","4"
"source","AM","26_姜晓千四套卷/卷四/FRQ","26_姜晓千四套卷","4"
"source","AM","26_姜晓千四套卷/卷四/MCQ","26_姜晓千四套卷","4"
"source","AM","26_姜晓千四套卷/卷一/FIB","26_姜晓千四套卷","4"
"source","AM","26_姜晓千四套卷/卷一/FRQ","26_姜晓千四套卷","4"
"source","AM","26_姜晓千四套卷/卷一/MCQ","26_姜晓千四套卷","4"
"source","AM","26_李林六套卷/卷二/FIB","26_李林六套卷","4"
"source","AM","26_李林六套卷/卷二/FRQ","26_李林六套卷","4"
"source","AM","26_李林六套卷/卷二/MCQ","26_李林六套卷","4"
"source","AM","26_李林六套卷/卷六/FIB","26_李林六套卷","4"
"source","AM","26_李林六套卷/卷六/FRQ","26_李林六套卷","4"
"source","AM","26_李林六套卷/卷六/MCQ","26_李林六套卷","4"
"source","AM","26_李林六套卷/卷三/FIB","26_李林六套卷","4"
"source","AM","26_李林六套卷/卷三/FRQ","26_李林六套卷","4"
"source","AM","26_李林六套卷/卷三/MCQ","26_李林六套卷","4"
"source","AM","26_李林六套卷/卷四/FIB","26_李林六套卷","4"
"source","AM","26_李林六套卷/卷四/FRQ","26_李林六套卷","4"
"source","AM","26_李林六套卷/卷四/MCQ","26_李林六套卷","4"
"source","AM","26_李林六套卷/卷五/FIB","26_李林六套卷","4"
"source","AM","26_李林六套卷/卷五/FRQ","26_李林六套卷","4"
"source","AM","26_李林六套卷/卷五/MCQ","26_李林六套卷","4"
"source","AM","26_李林六套卷/卷一/FIB","26_李林六套卷","4"
"source","AM","26_李林六套卷/卷一/FRQ","26_李林六套卷","4"
"source","AM","26_李林六套卷/卷一/MCQ","26_李林六套卷","4"
"source","AM","26_余丙森五套卷/卷二/FIB","26_余丙森五套卷","4"
"source","AM","26_余丙森五套卷/卷二/FRQ","26_余丙森五套卷","4"
"source","AM","26_余丙森五套卷/卷二/MCQ","26_余丙森五套卷","4"
"source","AM","26_余丙森五套卷/卷三/FIB","26_余丙森五套卷","4"
"source","AM","26_余丙森五套卷/卷三/FRQ","26_余丙森五套卷","4"
"source","AM","26_余丙森五套卷/卷三/MCQ","26_余丙森五套卷","4"
"source","AM","26_余丙森五套卷/卷四/FIB","26_余丙森五套卷","4"
"source","AM","26_余丙森五套卷/卷四/FRQ","26_余丙森五套卷","4"
"source","AM","26_余丙森五套卷/卷四/MCQ","26_余丙森五套卷","4"
"source","AM","26_余丙森五套卷/卷五/FIB","26_余丙森五套卷","4"
"source","AM","26_余丙森五套卷/卷五/FRQ","26_余丙森五套卷","4"
"source","AM","26_余丙森五套卷/卷五/MCQ","26_余丙森五套卷","5"
"source","AM","26_余丙森五套卷/卷一/FIB","26_余丙森五套卷","4"
"source","AM","26_余丙森五套卷/卷一/FRQ","26_余丙森五套卷","4"
"source","AM","26_余丙森五套卷/卷一/MCQ","26_余丙森五套卷","4"
"source","AM","26_张宇八套卷/卷八/FIB","26_张宇八套卷","4"
"source","AM","26_张宇八套卷/卷八/FRQ","26_张宇八套卷","4"
"source","AM","26_张宇八套卷/卷八/MCQ","26_张宇八套卷","4"
"source","AM","26_张宇八套卷/卷二/FIB","26_张宇八套卷","4"
"source","AM","26_张宇八套卷/卷二/FRQ","26_张宇八套卷","4"
"source","AM","26_张宇八套卷/卷二/MCQ","26_张宇八套卷","4"
"source","AM","26_张宇八套卷/卷六/FIB","26_张宇八套卷","4"
"source","AM","26_张宇八套卷/卷六/FRQ","26_张宇八套卷","4"
"source","AM","26_张宇八套卷/卷六/MCQ","26_张宇八套卷","4"
"source","AM","26_张宇八套卷/卷七/FIB","26_张宇八套卷","4"
"source","AM","26_张宇八套卷/卷七/FRQ","26_张宇八套卷","4"
"source","AM","26_张宇八套卷/卷七/MCQ","26_张宇八套卷","4"
"source","AM","26_张宇八套卷/卷三/FIB","26_张宇八套卷","4"
"source","AM","26_张宇八套卷/卷三/FRQ","26_张宇八套卷","4"
"source","AM","26_张宇八套卷/卷三/MCQ","26_张宇八套卷","4"
"source","AM","26_张宇八套卷/卷四/FIB","26_张宇八套卷","4"
"source","AM","26_张宇八套卷/卷四/FRQ","26_张宇八套卷","4"
"source","AM","26_张宇八套卷/卷四/MCQ","26_张宇八套卷","4"
"source","AM","26_张宇八套卷/卷五/FIB","26_张宇八套卷","4"
"source","AM","26_张宇八套卷/卷五/FRQ","26_张宇八套卷","4"
"source","AM","26_张宇八套卷/卷五/MCQ","26_张宇八套卷","4"
"source","AM","26_张宇八套卷/卷一/FIB","26_张宇八套卷","4"
"source","AM","26_张宇八套卷/卷一/FRQ","26_张宇八套卷","4"
"source","AM","26_张宇八套卷/卷一/MCQ","26_张宇八套卷","4"
"source","AM","26_张宇四套卷/卷二/FIB","26_张宇四套卷","4"
"source","AM","26_张宇四套卷/卷二/FRQ","26_张宇四套卷","4"
"source","AM","26_张宇四套卷/卷二/MCQ","26_张宇四套卷","4"
"source","AM","26_张宇四套卷/卷三/FIB","26_张宇四套卷","5"
"source","AM","26_张宇四套卷/卷三/FRQ","26_张宇四套卷","4"
"source","AM","26_张宇四套卷/卷三/MCQ","26_张宇四套卷","4"
"source","AM","26_张宇四套卷/卷四/FIB","26_张宇四套卷","4"
"source","AM","26_张宇四套卷/卷四/FRQ","26_张宇四套卷","4"
"source","AM","26_张宇四套卷/卷四/MCQ","26_张宇四套卷","4"
"source","AM","26_张宇四套卷/卷一/FIB","26_张宇四套卷","4"
"source","AM","26_张宇四套卷/卷一/FRQ","26_张宇四套卷","4"
"source","AM","26_张宇四套卷/卷一/MCQ","26_张宇四套卷","4"
"source","AM","26_ep最后一卷/套五/FIB","26_ep最后一卷","4"
"source","AM","26_ep最后一卷/套五/FRQ","26_ep最后一卷","5"
"source","AM","26_ep最后一卷/套五/MCQ","26_ep最后一卷","5"
"source","AM","27_1000/测试卷2/FIB","27_1000","4"
"source","AM","27_1000/测试卷2/FRQ","27_1000","4"
"source","AM","27_1000/测试卷2/MCQ","27_1000","1"
"source","AM","27_1000/b","27_1000","1"
"source","AM","27_1000/C00/a/FIB","27_1000","5"
"source","AM","27_1000/C00/a/FRQ","27_1000","9"
"source","AM","27_1000/C00/a/MCQ","27_1000","2"
"source","AM","27_1000/C01/a/FIB","27_1000","13"
"source","AM","27_1000/C01/a/FRQ","27_1000","5"
"source","AM","27_1000/C01/a/MCQ","27_1000","5"
"source","AM","27_1000/C01/b/FIB","27_1000","11"
"source","AM","27_1000/C01/b/FRQ","27_1000","9"
"source","AM","27_1000/C01/b/MCQ","27_1000","18"
"source","AM","27_1000/C02/a/FIB","27_1000","2"
"source","AM","27_1000/C02/a/FRQ","27_1000","8"
"source","AM","27_1000/C02/a/MCQ","27_1000","2"
"source","AM","27_1000/C02/b/FIB","27_1000","1"
"source","AM","27_1000/C02/b/FRQ","27_1000","7"
"source","AM","27_1000/C02/b/MCQ","27_1000","3"
"source","AM","27_1000/C03/a/FIB","27_1000","8"
"source","AM","27_1000/C03/a/FRQ","27_1000","2"
"source","AM","27_1000/C03/a/MCQ","27_1000","5"
"source","AM","27_1000/C03/b/FIB","27_1000","5"
"source","AM","27_1000/C03/b/FRQ","27_1000","9"
"source","AM","27_1000/C03/b/MCQ","27_1000","8"
"source","AM","27_1000/C04/a/FIB","27_1000","13"
"source","AM","27_1000/C04/a/MCQ","27_1000","5"
"source","AM","27_1000/C04/b/FIB","27_1000","12"
"source","AM","27_1000/C04/b/FRQ","27_1000","4"
"source","AM","27_1000/C05/a/FIB","27_1000","8"
"source","AM","27_1000/C05/a/FRQ","27_1000","3"
"source","AM","27_1000/C05/a/MCQ","27_1000","13"
"source","AM","27_1000/C05/b/FIB","27_1000","10"
"source","AM","27_1000/C05/b/FRQ","27_1000","8"
"source","AM","27_1000/C05/b/MCQ","27_1000","15"
"source","AM","27_1000/C06/a/FIB","27_1000","2"
"source","AM","27_1000/C06/a/FRQ","27_1000","11"
"source","AM","27_1000/C06/a/MCQ","27_1000","9"
"source","AM","27_1000/C06/b/FIB","27_1000","1"
"source","AM","27_1000/C06/b/FRQ","27_1000","14"
"source","AM","27_1000/C06/b/MCQ","27_1000","6"
"source","AM","27_1000/C07/a/FIB","27_1000","2"
"source","AM","27_1000/C07/a/FRQ","27_1000","1"
"source","AM","27_1000/C07/a/MCQ","27_1000","2"
"source","AM","27_1000/C07/b/FIB","27_1000","1"
"source","AM","27_1000/C07/b/FRQ","27_1000","2"
"source","AM","27_1000/C08/a/FIB","27_1000","4"
"source","AM","27_1000/C08/a/FRQ","27_1000","6"
"source","AM","27_1000/C08/a/MCQ","27_1000","15"
"source","AM","27_1000/C08/b/FIB","27_1000","2"
"source","AM","27_1000/C08/b/FRQ","27_1000","4"
"source","AM","27_1000/C08/b/MCQ","27_1000","13"
"source","AM","27_1000/C09/a/FIB","27_1000","19"
"source","AM","27_1000/C09/a/FRQ","27_1000","5"
"source","AM","27_1000/C09/a/MCQ","27_1000","12"
"source","AM","27_1000/C09/b/FIB","27_1000","9"
"source","AM","27_1000/C09/b/FRQ","27_1000","17"
"source","AM","27_1000/C09/b/MCQ","27_1000","2"
"source","AM","27_1000/C10/a/FIB","27_1000","12"
"source","AM","27_1000/C10/a/FRQ","27_1000","4"
"source","AM","27_1000/C10/a/MCQ","27_1000","3"
"source","AM","27_1000/C10/b/FIB","27_1000","10"
"source","AM","27_1000/C10/b/FRQ","27_1000","16"
"source","AM","27_1000/C11/a/FRQ","27_1000","7"
"source","AM","27_1000/C11/a/MCQ","27_1000","4"
"source","AM","27_1000/C11/b/FRQ","27_1000","6"
"source","AM","27_1000/C11/b/MCQ","27_1000","3"
"source","AM","27_1000/C12/a/FIB","27_1000","3"
"source","AM","27_1000/C12/a/FRQ","27_1000","2"
"source","AM","27_1000/C12/a/MCQ","27_1000","2"
"source","AM","27_1000/C12/b/FIB","27_1000","2"
"source","AM","27_1000/C12/b/FRQ","27_1000","1"
"source","AM","27_1000/C12/b/MCQ","27_1000","2"
"source","AM","27_1000/C13/a/FIB","27_1000","9"
"source","AM","27_1000/C13/a/FRQ","27_1000","11"
"source","AM","27_1000/C13/a/MCQ","27_1000","4"
"source","AM","27_1000/C13/b/FIB","27_1000","12"
"source","AM","27_1000/C13/b/FRQ","27_1000","18"
"source","AM","27_1000/C13/b/MCQ","27_1000","10"
"source","AM","27_1000/C14/a/FIB","27_1000","5"
"source","AM","27_1000/C14/a/FRQ","27_1000","12"
"source","AM","27_1000/C14/a/MCQ","27_1000","7"
"source","AM","27_1000/C14/b/FIB","27_1000","11"
"source","AM","27_1000/C14/b/FRQ","27_1000","26"
"source","AM","27_1000/C14/b/MCQ","27_1000","4"
"source","AM","27_1000/C15/a/FIB","27_1000","8"
"source","AM","27_1000/C15/a/FRQ","27_1000","11"
"source","AM","27_1000/C15/a/MCQ","27_1000","2"
"source","AM","27_1000/C15/b/FIB","27_1000","16"
"source","AM","27_1000/C15/b/FRQ","27_1000","16"
"source","AM","27_1000/C15/b/MCQ","27_1000","8"
"source","AM","27_1000/C16/a/FIB","27_1000","5"
"source","AM","27_1000/C16/a/FRQ","27_1000","9"
"source","AM","27_1000/C16/a/MCQ","27_1000","5"
"source","AM","27_1000/C16/b/FIB","27_1000","6"
"source","AM","27_1000/C16/b/FRQ","27_1000","25"
"source","AM","27_1000/C16/b/MCQ","27_1000","9"
"source","AM","27_1000/C17/a/FIB","27_1000","8"
"source","AM","27_1000/C17/a/FRQ","27_1000","5"
"source","AM","27_1000/C17/a/MCQ","27_1000","1"
"source","AM","27_1000/C17/b/FIB","27_1000","9"
"source","AM","27_1000/C17/b/FRQ","27_1000","4"
"source","AM","27_1000/C17/b/MCQ","27_1000","2"
"source","AM","27_1000/C18/a/FIB","27_1000","11"
"source","AM","27_1000/C18/a/FRQ","27_1000","4"
"source","AM","27_1000/C18/a/MCQ","27_1000","1"
"source","AM","27_1000/C18/b/FIB","27_1000","12"
"source","AM","27_1000/C18/b/FRQ","27_1000","16"
"source","AM","27_1000/C18/b/MCQ","27_1000","1"
"source","AM","27_880/a","27_880","15"
"source","AM","27_880/C01/a/FIB","27_880","3"
"source","AM","27_880/C01/a/FRQ","27_880","5"
"source","AM","27_880/C01/a/MCQ","27_880","12"
"source","AM","27_880/C01/b/FIB","27_880","6"
"source","AM","27_880/C01/b/FRQ","27_880","12"
"source","AM","27_880/C01/b/MCQ","27_880","16"
"source","AM","27_880/C01/c/FRQ","27_880","2"
"source","AM","27_880/C02/a/FIB","27_880","17"
"source","AM","27_880/C02/a/FRQ","27_880","19"
"source","AM","27_880/C02/a/MCQ","27_880","17"
"source","AM","27_880/C02/b/FIB","27_880","8"
"source","AM","27_880/C02/b/FRQ","27_880","16"
"source","AM","27_880/C02/b/MCQ","27_880","27"
"source","AM","27_880/C02/c/FRQ","27_880","3"
"source","AM","27_880/C03/a/FIB","27_880","16"
"source","AM","27_880/C03/a/FRQ","27_880","17"
"source","AM","27_880/C03/a/MCQ","27_880","16"
"source","AM","27_880/C03/b/FIB","27_880","17"
"source","AM","27_880/C03/b/FRQ","27_880","41"
"source","AM","27_880/C03/b/MCQ","27_880","16"
"source","AM","27_880/C03/c/FRQ","27_880","4"
"source","AM","27_880/C04/a/FIB","27_880","12"
"source","AM","27_880/C04/a/FRQ","27_880","9"
"source","AM","27_880/C04/a/MCQ","27_880","3"
"source","AM","27_880/C04/c/FRQ","27_880","1"
"source","AM","27_880/C05/a/FIB","27_880","15"
"source","AM","27_880/C05/a/FRQ","27_880","9"
"source","AM","27_880/C05/a/MCQ","27_880","10"
"source","AM","27_880/C05/b/FIB","27_880","7"
"source","AM","27_880/C05/b/FRQ","27_880","16"
"source","AM","27_880/C05/b/MCQ","27_880","10"
"source","AM","27_880/C05/c/MCQ","27_880","1"
"source","AM","27_880/C06/a/FIB","27_880","14"
"source","AM","27_880/C06/a/FRQ","27_880","17"
"source","AM","27_880/C06/a/MCQ","27_880","6"
"source","AM","27_880/C06/b/FIB","27_880","7"
"source","AM","27_880/C06/b/FRQ","27_880","26"
"source","AM","27_880/C06/b/MCQ","27_880","5"
"source","AM","27_880/C06/c/FRQ","27_880","3"
"source","AM","27_880/C07/a/FIB","27_880","11"
"source","AM","27_880/C07/a/FRQ","27_880","11"
"source","AM","27_880/C07/a/MCQ","27_880","7"
"source","AM","27_880/C07/b/FIB","27_880","10"
"source","AM","27_880/C07/b/FRQ","27_880","17"
"source","AM","27_880/C07/b/MCQ","27_880","7"
"source","AM","27_880/C07/c/FRQ","27_880","2"
"source","AM","27_880/C08/a/FIB","27_880","6"
"source","AM","27_880/C08/a/FRQ","27_880","13"
"source","AM","27_880/C08/a/MCQ","27_880","9"
"source","AM","27_880/C08/b/FIB","27_880","6"
"source","AM","27_880/C08/b/FRQ","27_880","17"
"source","AM","27_880/C08/b/MCQ","27_880","14"
"source","AM","27_880/C08/c/FRQ","27_880","2"
"source","AM","27_880/C09/a/FIB","27_880","9"
"source","AM","27_880/C09/a/FRQ","27_880","16"
"source","AM","27_880/C09/a/MCQ","27_880","4"
"source","AM","27_880/C09/b/FIB","27_880","7"
"source","AM","27_880/C09/b/FRQ","27_880","25"
"source","AM","27_880/C09/b/MCQ","27_880","4"
"source","AM","27_880/C09/c/FRQ","27_880","2"
"source","AM","27_900/常微分方程","27_900","60"
"source","AM","27_900/多元函数微分学","27_900","65"
"source","AM","27_900/函数、极限、连续","27_900","55"
"source","AM","27_900/曲线积分与曲面积分","27_900","45"
"source","AM","27_900/无穷级数","27_900","55"
"source","AM","27_900/向量代数与空间解析几何","27_900","10"
"source","AM","27_900/一元函数积分学","27_900","85"
"source","AM","27_900/一元函数微分学","27_900","100"
"source","AM","27_900/重积分及其应用","27_900","60"
"source","AM","27_模拟卷概念题摘选/李良五套卷卷二","27_模拟卷概念题摘选","1"
"source","AM","27_模拟卷概念题摘选/李良五套卷卷三","27_模拟卷概念题摘选","1"
"source","AM","27_模拟卷概念题摘选/李良五套卷卷五","27_模拟卷概念题摘选","1"
"source","AM","27_模拟卷概念题摘选/李良五套卷卷一","27_模拟卷概念题摘选","3"
"source","AM","27_模拟卷概念题摘选/李林四套卷卷二","27_模拟卷概念题摘选","1"
"source","AM","27_模拟卷概念题摘选/李林四套卷卷三","27_模拟卷概念题摘选","2"
"source","AM","27_模拟卷概念题摘选/李林四套卷卷四","27_模拟卷概念题摘选","1"
"source","AM","27_模拟卷概念题摘选/李林四套卷卷一","27_模拟卷概念题摘选","3"
"source","AM","27_模拟卷概念题摘选/欧几里得卷二","27_模拟卷概念题摘选","2"
"source","AM","27_模拟卷概念题摘选/欧几里得卷三","27_模拟卷概念题摘选","1"
"source","AM","27_模拟卷概念题摘选/欧几里得卷一","27_模拟卷概念题摘选","2"
"source","AM","27_模拟卷概念题摘选/余炳森五套卷卷二","27_模拟卷概念题摘选","1"
"source","AM","27_模拟卷概念题摘选/余炳森五套卷卷三","27_模拟卷概念题摘选","1"
"source","AM","27_模拟卷概念题摘选/余炳森五套卷卷四","27_模拟卷概念题摘选","1"
"source","AM","27_模拟卷概念题摘选/余炳森五套卷卷五","27_模拟卷概念题摘选","2"
"source","AM","27_模拟卷概念题摘选/余炳森五套卷卷一","27_模拟卷概念题摘选","2"
"source","AM","27_模拟卷概念题摘选/张宇四套卷卷二","27_模拟卷概念题摘选","2"
"source","AM","27_模拟卷概念题摘选/张宇四套卷卷三","27_模拟卷概念题摘选","1"
"source","AM","27_模拟卷概念题摘选/张宇四套卷卷四","27_模拟卷概念题摘选","1"
"source","AM","27_模拟卷概念题摘选/张宇四套卷卷一","27_模拟卷概念题摘选","1"
"source","AM","27_欧几里得模考/7","27_欧几里得模考","1"
"source","AM","27_张宇36讲/高数/第10讲-一元函数积分学的应用一-几何应用","27_张宇36讲","15"
"source","AM","27_张宇36讲/高数/第11讲-一元函数积分学的应用二-积分等式与积分不等式","27_张宇36讲","19"
"source","AM","27_张宇36讲/高数/第12讲-一元函数积分学的应用三-物理应用与经济应用","27_张宇36讲","6"
"source","AM","27_张宇36讲/高数/第13讲-多元函数微分学","27_张宇36讲","31"
"source","AM","27_张宇36讲/高数/第14讲-二重积分","27_张宇36讲","8"
"source","AM","27_张宇36讲/高数/第15讲-微分方程","27_张宇36讲","17"
"source","AM","27_张宇36讲/高数/第16讲-无穷级数","27_张宇36讲","57"
"source","AM","27_张宇36讲/高数/第17讲-多元函数积分学的预备知识","27_张宇36讲","7"
"source","AM","27_张宇36讲/高数/第18讲-多元函数积分学","27_张宇36讲","37"
"source","AM","27_张宇36讲/高数/第1讲-函数极限与连续","27_张宇36讲","15"
"source","AM","27_张宇36讲/高数/第2讲-数列极限","27_张宇36讲","13"
"source","AM","27_张宇36讲/高数/第3讲-一元函数微分学的概念","27_张宇36讲","8"
"source","AM","27_张宇36讲/高数/第4讲-一元函数微分学的计算","27_张宇36讲","9"
"source","AM","27_张宇36讲/高数/第5讲-一元函数微分学的应用一-几何应用","27_张宇36讲","9"
"source","AM","27_张宇36讲/高数/第6讲-一元函数微分学的应用二-中值定理微分等式与微分不等式","27_张宇36讲","22"
"source","AM","27_张宇36讲/高数/第7讲-一元函数微分学的应用三-物理应用与经济应用","27_张宇36讲","2"
"source","AM","27_张宇36讲/高数/第8讲-一元函数积分学的概念与性质","27_张宇36讲","8"
"source","AM","27_张宇36讲/高数/第9讲-一元函数积分学的计算","27_张宇36讲","22"
"source","AM","27_ep/大雪深埋","27_ep","11"
"source","AM","27_ep/题型方法梳理班","27_ep","2"
"source","AM","27_ep大雪深埋/凹凸性","27_ep大雪深埋","13"
"source","AM","27_ep大雪深埋/保号性","27_ep大雪深埋","18"
"source","AM","27_ep大雪深埋/不定积分与定积分","27_ep大雪深埋","30"
"source","AM","27_ep大雪深埋/多元微分学","27_ep大雪深埋","23"
"source","AM","27_ep大雪深埋/二重积分","27_ep大雪深埋","19"
"source","AM","27_ep大雪深埋/方程根与零点问题","27_ep大雪深埋","10"
"source","AM","27_ep大雪深埋/函数极限","27_ep大雪深埋","10"
"source","AM","27_ep大雪深埋/积分学不等式","27_ep大雪深埋","15"
"source","AM","27_ep大雪深埋/曲线曲面积分","27_ep大雪深埋","27"
"source","AM","27_ep大雪深埋/三重积分","27_ep大雪深埋","6"
"source","AM","27_ep大雪深埋/数列极限","27_ep大雪深埋","31"
"source","AM","27_ep大雪深埋/泰勒公式","27_ep大雪深埋","12"
"source","AM","27_ep大雪深埋/微分方程","27_ep大雪深埋","19"
"source","AM","27_ep大雪深埋/微积分应用","27_ep大雪深埋","27"
"source","AM","27_ep大雪深埋/无穷级数","27_ep大雪深埋","37"
"source","AM","27_ep大雪深埋/一元微分学","27_ep大雪深埋","24"
"source","AM","27_ep大雪深埋/中值定理","27_ep大雪深埋","24"
"source","AM","27_ep月考卷/套二/FIB","27_ep月考卷","6"
"source","AM","27_ep月考卷/套二/FRQ","27_ep月考卷","6"
"source","AM","27_ep月考卷/套二/MCQ","27_ep月考卷","10"
"source","AM","27_ep月考卷/套三/FIB","27_ep月考卷","5"
"source","AM","27_ep月考卷/套三/FRQ","27_ep月考卷","5"
"source","AM","27_ep月考卷/套三/MCQ","27_ep月考卷","8"
"source","AM","27_ep月考卷/套四/FIB","27_ep月考卷","5"
"source","AM","27_ep月考卷/套四/FRQ","27_ep月考卷","5"
"source","AM","27_ep月考卷/套四/MCQ","27_ep月考卷","7"
"source","AM","27_ep月考卷/套一/FIB","27_ep月考卷","6"
"source","AM","27_ep月考卷/套一/FRQ","27_ep月考卷","6"
"source","AM","27_ep月考卷/套一/MCQ","27_ep月考卷","10"
"source","AM","大计算量真题大题汇总_不会微分算子","大计算量真题大题汇总","75"
"source","AM","真题/2009","真题","5"
"source","AM","真题/2009/数一","真题","1"
"source","AM","真题/2010","真题","4"
"source","AM","真题/2011","真题","4"
"source","AM","真题/2012","真题","2"
"source","AM","真题/2013","真题","3"
"source","AM","真题/2014","真题","1"
"source","AM","真题/2015","真题","1"
"source","AM","真题/2016","真题","5"
"source","AM","真题/2017","真题","4"
"source","AM","真题/2018","真题","4"
"source","AM","真题/2019","真题","5"
"source","AM","真题/2020","真题","6"
"source","AM","真题/2021","真题","7"
"source","AM","真题/2022","真题","3"
"source","AM","真题/2023","真题","5"
"source","AM","真题/2024","真题","6"
"source","AM","真题/2025","真题","7"
"source","AM","真题/2025/数二","真题","1"
"source","AM","真题/2026","真题","4"
"source","AM","AM/解答题","解答题","6"
"source","AM","AM/精选好题","好题","6"
"source","AM","AM/填空题","填空题","6"
"source","AM","AM/选择题","选择题","10"
"source","CN","27_王道408/传输层","27_王道408","107"
"source","CN","27_王道408/计算机网络体系结构","27_王道408","58"
"source","CN","27_王道408/数据链路层","27_王道408","166"
"source","CN","27_王道408/网络层","27_王道408","183"
"source","CN","27_王道408/物理层","27_王道408","51"
"source","CN","27_王道408/应用层","27_王道408","78"
"source","CO","27_零壹习题册/存储器","27_零壹习题册","36"
"source","CO","27_零壹习题册/基础绪论","27_零壹习题册","7"
"source","CO","27_零壹习题册/输入输出系统IO","27_零壹习题册","11"
"source","CO","27_零壹习题册/数据的表示和运算","27_零壹习题册","45"
"source","CO","27_零壹习题册/指令系统","27_零壹习题册","24"
"source","CO","27_零壹习题册/总线系统","27_零壹习题册","19"
"source","CO","27_零壹习题册/CPU","27_零壹习题册","58"
"source","CO","27_王道408/存储系统","27_王道408","152"
"source","CO","27_王道408/计算机系统概述","27_王道408","36"
"source","CO","27_王道408/输入/输出系统","27_王道408","87"
"source","CO","27_王道408/数据的表示和运算","27_王道408","122"
"source","CO","27_王道408/指令系统","27_王道408","82"
"source","CO","27_王道408/中央处理器","27_王道408","156"
"source","CO","27_王道408/总线","27_王道408","47"
"source","DS","27_零壹习题册/程序代码分析","27_零壹习题册","1"
"source","DS","27_零壹习题册/单链表与双链表","27_零壹习题册","13"
"source","DS","27_零壹习题册/队列与循环队列","27_零壹习题册","5"
"source","DS","27_零壹习题册/二叉排序树","27_零壹习题册","3"
"source","DS","27_零壹习题册/二叉树的遍历","27_零壹习题册","16"
"source","DS","27_零壹习题册/哈夫曼树","27_零壹习题册","8"
"source","DS","27_零壹习题册/静态链表","27_零壹习题册","2"
"source","DS","27_零壹习题册/平衡二叉树","27_零壹习题册","13"
"source","DS","27_零壹习题册/森林-树与二叉树的转换","27_零壹习题册","7"
"source","DS","27_零壹习题册/时间复杂度","27_零壹习题册","6"
"source","DS","27_零壹习题册/树与二叉树","27_零壹习题册","11"
"source","DS","27_零壹习题册/数据结构算法题","27_零壹习题册","6"
"source","DS","27_零壹习题册/数据结构综合题","27_零壹习题册","2"
"source","DS","27_零壹习题册/数组与矩阵","27_零壹习题册","6"
"source","DS","27_零壹习题册/顺序表","27_零壹习题册","2"
"source","DS","27_零壹习题册/搜索与排序","27_零壹习题册","9"
"source","DS","27_零壹习题册/图","27_零壹习题册","32"
"source","DS","27_零壹习题册/线索二叉树","27_零壹习题册","1"
"source","DS","27_零壹习题册/栈及其应用","27_零壹习题册","15"
"source","DS","27_零壹习题册/折半查找树","27_零壹习题册","1"
"source","DS","27_零壹习题册/B树-B-树-红黑树","27_零壹习题册","7"
"source","DS","27_零壹习题册/KMP字符串匹配","27_零壹习题册","3"
"source","DS","27_王道408/查找","27_王道408","135"
"source","DS","27_王道408/串","27_王道408","14"
"source","DS","27_王道408/排序","27_王道408","147"
"source","DS","27_王道408/树与二叉树","27_王道408","159"
"source","DS","27_王道408/图","27_王道408","130"
"source","DS","27_王道408/线性表","27_王道408","88"
"source","DS","27_王道408/绪论","27_王道408","26"
"source","DS","27_王道408/栈、队列和数组","27_王道408","101"
"source","DS","王道算法应用题打卡表做题本/查找算法的分析和应用/分块查找","王道算法应用题打卡表做题本","2"
"source","DS","王道算法应用题打卡表做题本/查找算法的分析和应用/散列查找","王道算法应用题打卡表做题本","6"
"source","DS","王道算法应用题打卡表做题本/查找算法的分析和应用/折半查找","王道算法应用题打卡表做题本","2"
"source","DS","王道算法应用题打卡表做题本/排序算法的分析和应用/堆排序","王道算法应用题打卡表做题本","2"
"source","DS","王道算法应用题打卡表做题本/排序算法的分析和应用/基数排序","王道算法应用题打卡表做题本","2"
"source","DS","王道算法应用题打卡表做题本/排序算法的分析和应用/快速排序","王道算法应用题打卡表做题本","2"
"source","DS","王道算法应用题打卡表做题本/排序算法的分析和应用/希尔排序","王道算法应用题打卡表做题本","2"
"source","DS","王道算法应用题打卡表做题本/树的应用/并查集的应用","王道算法应用题打卡表做题本","5"
"source","DS","王道算法应用题打卡表做题本/树的应用/二叉排序树-平衡二叉树的应用","王道算法应用题打卡表做题本","5"
"source","DS","王道算法应用题打卡表做题本/树的应用/二叉树的顺序存储和基本操作实现","王道算法应用题打卡表做题本","10"
"source","DS","王道算法应用题打卡表做题本/树的应用/二叉树的性质","王道算法应用题打卡表做题本","1"
"source","DS","王道算法应用题打卡表做题本/树的应用/哈夫曼树的应用","王道算法应用题打卡表做题本","4"
"source","DS","王道算法应用题打卡表做题本/树的应用/树(森林)的定义和画图","王道算法应用题打卡表做题本","6"
"source","DS","王道算法应用题打卡表做题本/树的应用/树的性质","王道算法应用题打卡表做题本","1"
"source","DS","王道算法应用题打卡表做题本/数组的应用/对称矩阵的压缩存储","王道算法应用题打卡表做题本","6"
"source","DS","王道算法应用题打卡表做题本/数组的应用/三对角矩阵的压缩存储","王道算法应用题打卡表做题本","5"
"source","DS","王道算法应用题打卡表做题本/数组的应用/上-下三角矩阵的压缩存储","王道算法应用题打卡表做题本","6"
"source","DS","王道算法应用题打卡表做题本/图的应用/图的数据结构定义","王道算法应用题打卡表做题本","4"
"source","DS","王道算法应用题打卡表做题本/图的应用/图的性质","王道算法应用题打卡表做题本","1"
"source","DS","王道算法应用题打卡表做题本/图的应用/图的应用-关键路径","王道算法应用题打卡表做题本","2"
"source","DS","王道算法应用题打卡表做题本/图的应用/图的应用-拓扑排序","王道算法应用题打卡表做题本","5"
"source","DS","王道算法应用题打卡表做题本/图的应用/图的应用-最短路径","王道算法应用题打卡表做题本","2"
"source","DS","王道算法应用题打卡表做题本/图的应用/图的应用-最小生成树-MST","王道算法应用题打卡表做题本","3"
"source","DS","王道算法应用题打卡表做题本/外部排序专题/败者树","王道算法应用题打卡表做题本","1"
"source","DS","王道算法应用题打卡表做题本/外部排序专题/置换-选择排序","王道算法应用题打卡表做题本","1"
"source","DS","王道算法应用题打卡表做题本/外部排序专题/最佳归并树","王道算法应用题打卡表做题本","1"
"source","DS","王道算法应用题打卡表做题本/栈队列的应用/队列的定义和基本操作实现","王道算法应用题打卡表做题本","4"
"source","DS","王道算法应用题打卡表做题本/栈队列的应用/栈的定义和基本操作实现","王道算法应用题打卡表做题本","9"
"source","DS","王道算法应用题打卡表做题本/真题训练","王道算法应用题打卡表做题本","17"
"source","LA","26_姜晓千四套卷/卷二/FIB","26_姜晓千四套卷","1"
"source","LA","26_姜晓千四套卷/卷二/FRQ","26_姜晓千四套卷","1"
"source","LA","26_姜晓千四套卷/卷二/MCQ","26_姜晓千四套卷","3"
"source","LA","26_姜晓千四套卷/卷三/FIB","26_姜晓千四套卷","1"
"source","LA","26_姜晓千四套卷/卷三/FRQ","26_姜晓千四套卷","1"
"source","LA","26_姜晓千四套卷/卷三/MCQ","26_姜晓千四套卷","3"
"source","LA","26_姜晓千四套卷/卷四/FIB","26_姜晓千四套卷","1"
"source","LA","26_姜晓千四套卷/卷四/FRQ","26_姜晓千四套卷","1"
"source","LA","26_姜晓千四套卷/卷四/MCQ","26_姜晓千四套卷","3"
"source","LA","26_姜晓千四套卷/卷一/FIB","26_姜晓千四套卷","1"
"source","LA","26_姜晓千四套卷/卷一/FRQ","26_姜晓千四套卷","1"
"source","LA","26_姜晓千四套卷/卷一/MCQ","26_姜晓千四套卷","3"
"source","LA","26_李林六套卷/卷二/FIB","26_李林六套卷","1"
"source","LA","26_李林六套卷/卷二/FRQ","26_李林六套卷","1"
"source","LA","26_李林六套卷/卷二/MCQ","26_李林六套卷","3"
"source","LA","26_李林六套卷/卷六/FIB","26_李林六套卷","1"
"source","LA","26_李林六套卷/卷六/FRQ","26_李林六套卷","1"
"source","LA","26_李林六套卷/卷六/MCQ","26_李林六套卷","3"
"source","LA","26_李林六套卷/卷三/FIB","26_李林六套卷","1"
"source","LA","26_李林六套卷/卷三/FRQ","26_李林六套卷","1"
"source","LA","26_李林六套卷/卷三/MCQ","26_李林六套卷","3"
"source","LA","26_李林六套卷/卷四/FIB","26_李林六套卷","1"
"source","LA","26_李林六套卷/卷四/FRQ","26_李林六套卷","1"
"source","LA","26_李林六套卷/卷四/MCQ","26_李林六套卷","3"
"source","LA","26_李林六套卷/卷五/FIB","26_李林六套卷","1"
"source","LA","26_李林六套卷/卷五/FRQ","26_李林六套卷","1"
"source","LA","26_李林六套卷/卷五/MCQ","26_李林六套卷","3"
"source","LA","26_李林六套卷/卷一/FIB","26_李林六套卷","1"
"source","LA","26_李林六套卷/卷一/FRQ","26_李林六套卷","1"
"source","LA","26_李林六套卷/卷一/MCQ","26_李林六套卷","3"
"source","LA","26_余丙森五套卷/卷二/FIB","26_余丙森五套卷","1"
"source","LA","26_余丙森五套卷/卷二/FRQ","26_余丙森五套卷","1"
"source","LA","26_余丙森五套卷/卷二/MCQ","26_余丙森五套卷","3"
"source","LA","26_余丙森五套卷/卷三/FIB","26_余丙森五套卷","1"
"source","LA","26_余丙森五套卷/卷三/FRQ","26_余丙森五套卷","1"
"source","LA","26_余丙森五套卷/卷三/MCQ","26_余丙森五套卷","3"
"source","LA","26_余丙森五套卷/卷四/FIB","26_余丙森五套卷","1"
"source","LA","26_余丙森五套卷/卷四/FRQ","26_余丙森五套卷","1"
"source","LA","26_余丙森五套卷/卷四/MCQ","26_余丙森五套卷","3"
"source","LA","26_余丙森五套卷/卷五/FIB","26_余丙森五套卷","1"
"source","LA","26_余丙森五套卷/卷五/FRQ","26_余丙森五套卷","1"
"source","LA","26_余丙森五套卷/卷五/MCQ","26_余丙森五套卷","2"
"source","LA","26_余丙森五套卷/卷一/FIB","26_余丙森五套卷","1"
"source","LA","26_余丙森五套卷/卷一/FRQ","26_余丙森五套卷","1"
"source","LA","26_余丙森五套卷/卷一/MCQ","26_余丙森五套卷","3"
"source","LA","26_张宇八套卷/卷八/FIB","26_张宇八套卷","1"
"source","LA","26_张宇八套卷/卷八/FRQ","26_张宇八套卷","1"
"source","LA","26_张宇八套卷/卷八/MCQ","26_张宇八套卷","3"
"source","LA","26_张宇八套卷/卷二/FIB","26_张宇八套卷","1"
"source","LA","26_张宇八套卷/卷二/FRQ","26_张宇八套卷","1"
"source","LA","26_张宇八套卷/卷二/MCQ","26_张宇八套卷","3"
"source","LA","26_张宇八套卷/卷六/FIB","26_张宇八套卷","1"
"source","LA","26_张宇八套卷/卷六/FRQ","26_张宇八套卷","1"
"source","LA","26_张宇八套卷/卷六/MCQ","26_张宇八套卷","3"
"source","LA","26_张宇八套卷/卷七/FIB","26_张宇八套卷","1"
"source","LA","26_张宇八套卷/卷七/FRQ","26_张宇八套卷","1"
"source","LA","26_张宇八套卷/卷七/MCQ","26_张宇八套卷","3"
"source","LA","26_张宇八套卷/卷三/FIB","26_张宇八套卷","1"
"source","LA","26_张宇八套卷/卷三/FRQ","26_张宇八套卷","1"
"source","LA","26_张宇八套卷/卷三/MCQ","26_张宇八套卷","3"
"source","LA","26_张宇八套卷/卷四/FIB","26_张宇八套卷","1"
"source","LA","26_张宇八套卷/卷四/FRQ","26_张宇八套卷","1"
"source","LA","26_张宇八套卷/卷四/MCQ","26_张宇八套卷","3"
"source","LA","26_张宇八套卷/卷五/FIB","26_张宇八套卷","1"
"source","LA","26_张宇八套卷/卷五/FRQ","26_张宇八套卷","1"
"source","LA","26_张宇八套卷/卷五/MCQ","26_张宇八套卷","3"
"source","LA","26_张宇八套卷/卷一/FIB","26_张宇八套卷","1"
"source","LA","26_张宇八套卷/卷一/FRQ","26_张宇八套卷","1"
"source","LA","26_张宇八套卷/卷一/MCQ","26_张宇八套卷","3"
"source","LA","26_张宇四套卷/卷二/FIB","26_张宇四套卷","1"
"source","LA","26_张宇四套卷/卷二/FRQ","26_张宇四套卷","1"
"source","LA","26_张宇四套卷/卷二/MCQ","26_张宇四套卷","3"
"source","LA","26_张宇四套卷/卷三/FRQ","26_张宇四套卷","1"
"source","LA","26_张宇四套卷/卷三/MCQ","26_张宇四套卷","3"
"source","LA","26_张宇四套卷/卷四/FIB","26_张宇四套卷","1"
"source","LA","26_张宇四套卷/卷四/FRQ","26_张宇四套卷","1"
"source","LA","26_张宇四套卷/卷四/MCQ","26_张宇四套卷","3"
"source","LA","26_张宇四套卷/卷一/FIB","26_张宇四套卷","1"
"source","LA","26_张宇四套卷/卷一/FRQ","26_张宇四套卷","1"
"source","LA","26_张宇四套卷/卷一/MCQ","26_张宇四套卷","3"
"source","LA","26_ep最后一卷/套五/FIB","26_ep最后一卷","1"
"source","LA","26_ep最后一卷/套五/MCQ","26_ep最后一卷","3"
"source","LA","27_1000/测试卷2/FIB","27_1000","1"
"source","LA","27_1000/测试卷2/FRQ","27_1000","1"
"source","LA","27_1000/测试卷2/MCQ","27_1000","3"
"source","LA","27_1000/a","27_1000","1"
"source","LA","27_1000/b","27_1000","9"
"source","LA","27_1000/C19/a/FIB","27_1000","5"
"source","LA","27_1000/C19/a/FRQ","27_1000","1"
"source","LA","27_1000/C19/a/MCQ","27_1000","5"
"source","LA","27_1000/C19/b/FIB","27_1000","2"
"source","LA","27_1000/C19/b/FRQ","27_1000","2"
"source","LA","27_1000/C19/b/MCQ","27_1000","1"
"source","LA","27_1000/C20/a/FIB","27_1000","10"
"source","LA","27_1000/C20/a/FRQ","27_1000","2"
"source","LA","27_1000/C20/a/MCQ","27_1000","7"
"source","LA","27_1000/C21/a/FIB","27_1000","3"
"source","LA","27_1000/C21/a/MCQ","27_1000","12"
"source","LA","27_1000/C22/a/FIB","27_1000","5"
"source","LA","27_1000/C22/a/FRQ","27_1000","3"
"source","LA","27_1000/C22/a/MCQ","27_1000","9"
"source","LA","27_1000/C23/a/FIB","27_1000","5"
"source","LA","27_1000/C23/a/FRQ","27_1000","10"
"source","LA","27_1000/C23/a/MCQ","27_1000","8"
"source","LA","27_1000/C23/b/FRQ","27_1000","1"
"source","LA","27_1000/C23/b/MCQ","27_1000","1"
"source","LA","27_1000/C24/a/FIB","27_1000","2"
"source","LA","27_1000/C24/a/FRQ","27_1000","13"
"source","LA","27_1000/C24/a/MCQ","27_1000","12"
"source","LA","27_880/a","27_880","1"
"source","LA","27_880/C10/a/FIB","27_880","11"
"source","LA","27_880/C10/a/FRQ","27_880","3"
"source","LA","27_880/C10/a/MCQ","27_880","3"
"source","LA","27_880/C10/b/FIB","27_880","6"
"source","LA","27_880/C10/b/FRQ","27_880","4"
"source","LA","27_880/C10/b/MCQ","27_880","3"
"source","LA","27_880/C10/c/FRQ","27_880","2"
"source","LA","27_880/C11/a/FIB","27_880","11"
"source","LA","27_880/C11/a/FRQ","27_880","11"
"source","LA","27_880/C11/a/MCQ","27_880","6"
"source","LA","27_880/C11/b/FIB","27_880","6"
"source","LA","27_880/C11/b/FRQ","27_880","4"
"source","LA","27_880/C11/b/MCQ","27_880","7"
"source","LA","27_880/C11/c/FRQ","27_880","2"
"source","LA","27_880/C12/a/FIB","27_880","3"
"source","LA","27_880/C12/a/FRQ","27_880","8"
"source","LA","27_880/C12/a/MCQ","27_880","6"
"source","LA","27_880/C12/b/FIB","27_880","3"
"source","LA","27_880/C12/b/FRQ","27_880","7"
"source","LA","27_880/C12/b/MCQ","27_880","8"
"source","LA","27_880/C12/c/FRQ","27_880","1"
"source","LA","27_880/C13/a/FIB","27_880","2"
"source","LA","27_880/C13/a/FRQ","27_880","7"
"source","LA","27_880/C13/a/MCQ","27_880","11"
"source","LA","27_880/C13/b/FIB","27_880","3"
"source","LA","27_880/C13/b/FRQ","27_880","8"
"source","LA","27_880/C13/b/MCQ","27_880","10"
"source","LA","27_880/C13/c/FRQ","27_880","3"
"source","LA","27_880/C14/a/FIB","27_880","4"
"source","LA","27_880/C14/a/FRQ","27_880","10"
"source","LA","27_880/C14/a/MCQ","27_880","6"
"source","LA","27_880/C14/b/FIB","27_880","3"
"source","LA","27_880/C14/b/FRQ","27_880","17"
"source","LA","27_880/C14/b/MCQ","27_880","10"
"source","LA","27_880/C14/c/FRQ","27_880","2"
"source","LA","27_880/C15/a/FIB","27_880","2"
"source","LA","27_880/C15/a/FRQ","27_880","6"
"source","LA","27_880/C15/a/MCQ","27_880","10"
"source","LA","27_880/C15/b/FIB","27_880","3"
"source","LA","27_880/C15/b/FRQ","27_880","12"
"source","LA","27_880/C15/b/MCQ","27_880","12"
"source","LA","27_880/C15/c/FRQ","27_880","5"
"source","LA","27_880/C15/c/MCQ","27_880","1"
"source","LA","27_900/二次型","27_900","37"
"source","LA","27_900/矩阵","27_900","33"
"source","LA","27_900/矩阵的特征值与特征向量","27_900","38"
"source","LA","27_900/线性方程组","27_900","33"
"source","LA","27_900/向量","27_900","28"
"source","LA","27_900/行列式","27_900","18"
"source","LA","27_模拟卷概念题摘选/李良五套卷卷二","27_模拟卷概念题摘选","1"
"source","LA","27_模拟卷概念题摘选/李良五套卷卷三","27_模拟卷概念题摘选","2"
"source","LA","27_模拟卷概念题摘选/李良五套卷卷四","27_模拟卷概念题摘选","2"
"source","LA","27_模拟卷概念题摘选/李良五套卷卷五","27_模拟卷概念题摘选","2"
"source","LA","27_模拟卷概念题摘选/李良五套卷卷一","27_模拟卷概念题摘选","2"
"source","LA","27_模拟卷概念题摘选/李林四套卷卷二","27_模拟卷概念题摘选","1"
"source","LA","27_模拟卷概念题摘选/欧几里得卷二","27_模拟卷概念题摘选","1"
"source","LA","27_模拟卷概念题摘选/欧几里得卷三","27_模拟卷概念题摘选","1"
"source","LA","27_模拟卷概念题摘选/欧几里得卷一","27_模拟卷概念题摘选","2"
"source","LA","27_模拟卷概念题摘选/余炳森五套卷卷二","27_模拟卷概念题摘选","2"
"source","LA","27_模拟卷概念题摘选/余炳森五套卷卷三","27_模拟卷概念题摘选","2"
"source","LA","27_模拟卷概念题摘选/余炳森五套卷卷四","27_模拟卷概念题摘选","2"
"source","LA","27_模拟卷概念题摘选/余炳森五套卷卷五","27_模拟卷概念题摘选","1"
"source","LA","27_模拟卷概念题摘选/余炳森五套卷卷一","27_模拟卷概念题摘选","1"
"source","LA","27_模拟卷概念题摘选/张宇四套卷卷三","27_模拟卷概念题摘选","2"
"source","LA","27_模拟卷概念题摘选/张宇四套卷卷四","27_模拟卷概念题摘选","1"
"source","LA","27_模拟卷概念题摘选/张宇四套卷卷一","27_模拟卷概念题摘选","1"
"source","LA","27_张宇36讲/线代/第1讲-行列式","27_张宇36讲","8"
"source","LA","27_张宇36讲/线代/第2讲-余子式和代数余子式的计算","27_张宇36讲","4"
"source","LA","27_张宇36讲/线代/第3讲-矩阵运算","27_张宇36讲","20"
"source","LA","27_张宇36讲/线代/第4讲-矩阵的秩","27_张宇36讲","9"
"source","LA","27_张宇36讲/线代/第5讲-线性方程组","27_张宇36讲","10"
"source","LA","27_张宇36讲/线代/第6讲-向量组","27_张宇36讲","7"
"source","LA","27_张宇36讲/线代/第7讲-特征值与特征向量","27_张宇36讲","4"
"source","LA","27_张宇36讲/线代/第8讲-相似理论","27_张宇36讲","10"
"source","LA","27_张宇36讲/线代/第9讲-二次型","27_张宇36讲","15"
"source","LA","27_ep大雪深埋/二次型理论","27_ep大雪深埋","32"
"source","LA","27_ep大雪深埋/矩阵和行列式","27_ep大雪深埋","45"
"source","LA","27_ep大雪深埋/相似理论","27_ep大雪深埋","30"
"source","LA","27_ep大雪深埋/向量组与方程组","27_ep大雪深埋","30"
"source","LA","27_ep题型方法梳理班/线代","27_ep题型方法梳理班","157"
"source","LA","27_ep月考卷/套三/FIB","27_ep月考卷","1"
"source","LA","27_ep月考卷/套三/FRQ","27_ep月考卷","1"
"source","LA","27_ep月考卷/套三/MCQ","27_ep月考卷","2"
"source","LA","27_ep月考卷/套四/FIB","27_ep月考卷","1"
"source","LA","27_ep月考卷/套四/FRQ","27_ep月考卷","1"
"source","LA","27_ep月考卷/套四/MCQ","27_ep月考卷","3"
"source","LA","大计算量真题大题汇总_不会微分算子","大计算量真题大题汇总","12"
"source","LA","真题/2013","真题","3"
"source","LA","真题/2015","真题","1"
"source","LA","真题/2016","真题","2"
"source","LA","真题/2018","真题","3"
"source","LA","真题/2019","真题","1"
"source","LA","真题/2020","真题","1"
"source","LA","真题/2021","真题","1"
"source","LA","真题/2022","真题","1"
"source","LA","真题/2023","真题","2"
"source","LA","真题/2024","真题","1"
"source","LA","真题/2025","真题","1"
"source","LA","真题/2026","真题","1"
"source","LA","LA/强化篇/线代/C19-行列式","LA/强化篇","2"
"source","LA","LA/强化篇/线代/C19-余子式和代数余子式的计算","LA/强化篇","4"
"source","LA","LA/强化篇/线代/C20-矩阵的秩","LA/强化篇","8"
"source","LA","LA/强化篇/线代/C20-矩阵运算","LA/强化篇","10"
"source","LA","LA/强化篇/线代/C21-向量组","LA/强化篇","11"
"source","LA","LA/强化篇/线代/C22-线性方程组","LA/强化篇","15"
"source","LA","LA/强化篇/线代/C23-特征值与特征向量","LA/强化篇","7"
"source","LA","LA/强化篇/线代/C23-相似理论","LA/强化篇","21"
"source","LA","LA/强化篇/线代/C24-二次型","LA/强化篇","27"
"source","LA","LA/综合篇/测试卷二","LA/综合篇","3"
"source","LA","LA/综合篇/测试卷三","LA/综合篇","22"
"source","LA","LA/综合篇/测试卷四","LA/综合篇","22"
"source","LA","LA/综合篇/测试卷一","LA/综合篇","22"
"source","OS","OS/计算机系统概述/操作系统的基本概念","OS/计算机系统概述","11"
"source","OS","OS/计算机系统概述/操作系统的运行环境","OS/计算机系统概述","33"
"source","OS","OS/计算机系统概述/操作系统发展历程","OS/计算机系统概述","22"
"source","OS","OS/计算机系统概述/虚拟机","OS/计算机系统概述","22"
"source","OS","OS/进程与线程/进程与线程简介","OS/进程与线程","74"
"source","OS","OS/进程与线程/死锁","OS/进程与线程","52"
"source","OS","OS/进程与线程/同步与互斥","OS/进程与线程","85"
"source","OS","OS/进程与线程/CPU调度","OS/进程与线程","80"
"source","OS","OS/内存管理/内存管理概念","OS/内存管理","88"
"source","OS","OS/内存管理/虚拟内存管理","OS/内存管理","84"
"source","OS","OS/输入-输出管理/磁盘和固态硬盘","OS/输入-输出管理","43"
"source","OS","OS/输入-输出管理/设备独立性软件","OS/输入-输出管理","53"
"source","OS","OS/输入-输出管理/I-O管理概述","OS/输入-输出管理","28"
"source","OS","OS/文件管理/目录与文件","OS/文件管理","103"
"source","OS","OS/文件管理/文件系统","OS/文件管理","2"
"source","OS","OS/文件管理/文件系统基础","OS/文件管理","5"
"source","PS","26_姜晓千四套卷/卷二/FIB","26_姜晓千四套卷","1"
"source","PS","26_姜晓千四套卷/卷二/FRQ","26_姜晓千四套卷","1"
"source","PS","26_姜晓千四套卷/卷二/MCQ","26_姜晓千四套卷","3"
"source","PS","26_姜晓千四套卷/卷三/FIB","26_姜晓千四套卷","1"
"source","PS","26_姜晓千四套卷/卷三/FRQ","26_姜晓千四套卷","1"
"source","PS","26_姜晓千四套卷/卷三/MCQ","26_姜晓千四套卷","3"
"source","PS","26_姜晓千四套卷/卷四/FIB","26_姜晓千四套卷","1"
"source","PS","26_姜晓千四套卷/卷四/FRQ","26_姜晓千四套卷","1"
"source","PS","26_姜晓千四套卷/卷四/MCQ","26_姜晓千四套卷","3"
"source","PS","26_姜晓千四套卷/卷一/FIB","26_姜晓千四套卷","1"
"source","PS","26_姜晓千四套卷/卷一/FRQ","26_姜晓千四套卷","1"
"source","PS","26_姜晓千四套卷/卷一/MCQ","26_姜晓千四套卷","3"
"source","PS","26_李林六套卷/卷二/FIB","26_李林六套卷","1"
"source","PS","26_李林六套卷/卷二/FRQ","26_李林六套卷","1"
"source","PS","26_李林六套卷/卷二/MCQ","26_李林六套卷","3"
"source","PS","26_李林六套卷/卷六/FIB","26_李林六套卷","1"
"source","PS","26_李林六套卷/卷六/FRQ","26_李林六套卷","1"
"source","PS","26_李林六套卷/卷六/MCQ","26_李林六套卷","3"
"source","PS","26_李林六套卷/卷三/FIB","26_李林六套卷","1"
"source","PS","26_李林六套卷/卷三/FRQ","26_李林六套卷","1"
"source","PS","26_李林六套卷/卷三/MCQ","26_李林六套卷","3"
"source","PS","26_李林六套卷/卷四/FIB","26_李林六套卷","1"
"source","PS","26_李林六套卷/卷四/FRQ","26_李林六套卷","1"
"source","PS","26_李林六套卷/卷四/MCQ","26_李林六套卷","3"
"source","PS","26_李林六套卷/卷五/FIB","26_李林六套卷","1"
"source","PS","26_李林六套卷/卷五/FRQ","26_李林六套卷","1"
"source","PS","26_李林六套卷/卷五/MCQ","26_李林六套卷","3"
"source","PS","26_李林六套卷/卷一/FIB","26_李林六套卷","1"
"source","PS","26_李林六套卷/卷一/FRQ","26_李林六套卷","1"
"source","PS","26_李林六套卷/卷一/MCQ","26_李林六套卷","3"
"source","PS","26_余丙森五套卷/卷二/FIB","26_余丙森五套卷","1"
"source","PS","26_余丙森五套卷/卷二/FRQ","26_余丙森五套卷","1"
"source","PS","26_余丙森五套卷/卷二/MCQ","26_余丙森五套卷","3"
"source","PS","26_余丙森五套卷/卷三/FIB","26_余丙森五套卷","1"
"source","PS","26_余丙森五套卷/卷三/FRQ","26_余丙森五套卷","1"
"source","PS","26_余丙森五套卷/卷三/MCQ","26_余丙森五套卷","3"
"source","PS","26_余丙森五套卷/卷四/FIB","26_余丙森五套卷","1"
"source","PS","26_余丙森五套卷/卷四/FRQ","26_余丙森五套卷","1"
"source","PS","26_余丙森五套卷/卷四/MCQ","26_余丙森五套卷","3"
"source","PS","26_余丙森五套卷/卷五/FIB","26_余丙森五套卷","1"
"source","PS","26_余丙森五套卷/卷五/FRQ","26_余丙森五套卷","1"
"source","PS","26_余丙森五套卷/卷五/MCQ","26_余丙森五套卷","3"
"source","PS","26_余丙森五套卷/卷一/FIB","26_余丙森五套卷","1"
"source","PS","26_余丙森五套卷/卷一/FRQ","26_余丙森五套卷","1"
"source","PS","26_余丙森五套卷/卷一/MCQ","26_余丙森五套卷","3"
"source","PS","26_张宇八套卷/卷八/FIB","26_张宇八套卷","1"
"source","PS","26_张宇八套卷/卷八/FRQ","26_张宇八套卷","1"
"source","PS","26_张宇八套卷/卷八/MCQ","26_张宇八套卷","3"
"source","PS","26_张宇八套卷/卷二/FIB","26_张宇八套卷","1"
"source","PS","26_张宇八套卷/卷二/FRQ","26_张宇八套卷","1"
"source","PS","26_张宇八套卷/卷二/MCQ","26_张宇八套卷","3"
"source","PS","26_张宇八套卷/卷六/FIB","26_张宇八套卷","1"
"source","PS","26_张宇八套卷/卷六/FRQ","26_张宇八套卷","1"
"source","PS","26_张宇八套卷/卷六/MCQ","26_张宇八套卷","3"
"source","PS","26_张宇八套卷/卷七/FIB","26_张宇八套卷","1"
"source","PS","26_张宇八套卷/卷七/FRQ","26_张宇八套卷","1"
"source","PS","26_张宇八套卷/卷七/MCQ","26_张宇八套卷","3"
"source","PS","26_张宇八套卷/卷三/FIB","26_张宇八套卷","1"
"source","PS","26_张宇八套卷/卷三/FRQ","26_张宇八套卷","1"
"source","PS","26_张宇八套卷/卷三/MCQ","26_张宇八套卷","3"
"source","PS","26_张宇八套卷/卷四/FIB","26_张宇八套卷","1"
"source","PS","26_张宇八套卷/卷四/FRQ","26_张宇八套卷","1"
"source","PS","26_张宇八套卷/卷四/MCQ","26_张宇八套卷","3"
"source","PS","26_张宇八套卷/卷五/FIB","26_张宇八套卷","1"
"source","PS","26_张宇八套卷/卷五/FRQ","26_张宇八套卷","1"
"source","PS","26_张宇八套卷/卷五/MCQ","26_张宇八套卷","3"
"source","PS","26_张宇八套卷/卷一/FIB","26_张宇八套卷","1"
"source","PS","26_张宇八套卷/卷一/FRQ","26_张宇八套卷","1"
"source","PS","26_张宇八套卷/卷一/MCQ","26_张宇八套卷","3"
"source","PS","26_张宇四套卷/卷二/FIB","26_张宇四套卷","1"
"source","PS","26_张宇四套卷/卷二/FRQ","26_张宇四套卷","1"
"source","PS","26_张宇四套卷/卷二/MCQ","26_张宇四套卷","3"
"source","PS","26_张宇四套卷/卷三/FIB","26_张宇四套卷","1"
"source","PS","26_张宇四套卷/卷三/FRQ","26_张宇四套卷","1"
"source","PS","26_张宇四套卷/卷三/MCQ","26_张宇四套卷","3"
"source","PS","26_张宇四套卷/卷四/FIB","26_张宇四套卷","1"
"source","PS","26_张宇四套卷/卷四/FRQ","26_张宇四套卷","1"
"source","PS","26_张宇四套卷/卷四/MCQ","26_张宇四套卷","3"
"source","PS","26_张宇四套卷/卷一/FIB","26_张宇四套卷","1"
"source","PS","26_张宇四套卷/卷一/FRQ","26_张宇四套卷","1"
"source","PS","26_张宇四套卷/卷一/MCQ","26_张宇四套卷","3"
"source","PS","26_ep最后一卷/套五/FIB","26_ep最后一卷","1"
"source","PS","26_ep最后一卷/套五/FRQ","26_ep最后一卷","1"
"source","PS","26_ep最后一卷/套五/MCQ","26_ep最后一卷","3"
"source","PS","27_1000/测试卷2/FIB","27_1000","2"
"source","PS","27_1000/测试卷2/FRQ","27_1000","1"
"source","PS","27_1000/测试卷2/MCQ","27_1000","2"
"source","PS","27_1000/C25/a/FIB","27_1000","5"
"source","PS","27_1000/C25/a/FRQ","27_1000","2"
"source","PS","27_1000/C25/a/MCQ","27_1000","7"
"source","PS","27_1000/C26/a/FIB","27_1000","2"
"source","PS","27_1000/C26/a/FRQ","27_1000","2"
"source","PS","27_1000/C26/a/MCQ","27_1000","7"
"source","PS","27_1000/C26/b/FIB","27_1000","2"
"source","PS","27_1000/C26/b/FRQ","27_1000","3"
"source","PS","27_1000/C26/b/MCQ","27_1000","3"
"source","PS","27_1000/C27/a/FIB","27_1000","2"
"source","PS","27_1000/C27/a/FRQ","27_1000","9"
"source","PS","27_1000/C27/a/MCQ","27_1000","3"
"source","PS","27_1000/C30/b/FIB","27_1000","1"
"source","PS","27_1000/C30/b/FRQ","27_1000","1"
"source","PS","27_1000/C30/b/MCQ","27_1000","6"
"source","PS","27_880/C16/a/FIB","27_880","6"
"source","PS","27_880/C16/a/FRQ","27_880","2"
"source","PS","27_880/C16/a/MCQ","27_880","7"
"source","PS","27_880/C16/b/FIB","27_880","5"
"source","PS","27_880/C16/b/FRQ","27_880","2"
"source","PS","27_880/C16/b/MCQ","27_880","2"
"source","PS","27_880/C16/c/FRQ","27_880","1"
"source","PS","27_880/C17/a/FIB","27_880","5"
"source","PS","27_880/C17/a/FRQ","27_880","7"
"source","PS","27_880/C17/a/MCQ","27_880","6"
"source","PS","27_880/C17/b/FIB","27_880","8"
"source","PS","27_880/C17/b/FRQ","27_880","2"
"source","PS","27_880/C17/b/MCQ","27_880","4"
"source","PS","27_880/C18/a/FIB","27_880","3"
"source","PS","27_880/C18/a/FRQ","27_880","10"
"source","PS","27_880/C18/a/MCQ","27_880","3"
"source","PS","27_880/C18/b/FIB","27_880","3"
"source","PS","27_880/C18/b/FRQ","27_880","9"
"source","PS","27_880/C18/b/MCQ","27_880","5"
"source","PS","27_880/C18/c/FRQ","27_880","3"
"source","PS","27_880/C19/a/FIB","27_880","5"
"source","PS","27_880/C19/a/FRQ","27_880","6"
"source","PS","27_880/C19/a/MCQ","27_880","8"
"source","PS","27_880/C19/b/FIB","27_880","8"
"source","PS","27_880/C19/b/FRQ","27_880","9"
"source","PS","27_880/C19/b/MCQ","27_880","8"
"source","PS","27_880/C19/c/FRQ","27_880","2"
"source","PS","27_880/C20/a/FIB","27_880","4"
"source","PS","27_880/C20/a/FRQ","27_880","2"
"source","PS","27_880/C20/a/MCQ","27_880","3"
"source","PS","27_880/C21/a/FIB","27_880","5"
"source","PS","27_880/C21/a/FRQ","27_880","2"
"source","PS","27_880/C21/a/MCQ","27_880","3"
"source","PS","27_880/C21/b/FIB","27_880","2"
"source","PS","27_880/C21/b/FRQ","27_880","4"
"source","PS","27_880/C21/b/MCQ","27_880","7"
"source","PS","27_880/C22/a/FIB","27_880","3"
"source","PS","27_880/C22/a/FRQ","27_880","21"
"source","PS","27_880/C22/c/FRQ","27_880","2"
"source","PS","27_880/C23/a/FIB","27_880","2"
"source","PS","27_880/C23/a/FRQ","27_880","2"
"source","PS","27_880/C23/a/MCQ","27_880","2"
"source","PS","27_900/参数估计","27_900","19"
"source","PS","27_900/大数定律与中心极限定理","27_900","10"
"source","PS","27_900/多维随机变量及其分布","27_900","33"
"source","PS","27_900/假设检验","27_900","4"
"source","PS","27_900/数理统计的基本概念","27_900","14"
"source","PS","27_900/随机变量的数字特征","27_900","36"
"source","PS","27_900/随机变量及其分布","27_900","32"
"source","PS","27_900/随机事件及其概率","27_900","24"
"source","PS","27_方浩概统500题/A组/参数估计","27_方浩概统500题","19"
"source","PS","27_方浩概统500题/A组/大数定律与中心极限定理","27_方浩概统500题","9"
"source","PS","27_方浩概统500题/A组/多维随机变量及其分布","27_方浩概统500题","41"
"source","PS","27_方浩概统500题/A组/假设检验","27_方浩概统500题","10"
"source","PS","27_方浩概统500题/A组/数理统计的基本概念","27_方浩概统500题","15"
"source","PS","27_方浩概统500题/A组/随机变量的数字特征","27_方浩概统500题","38"
"source","PS","27_方浩概统500题/A组/随机事件与概率","27_方浩概统500题","50"
"source","PS","27_方浩概统500题/A组/一维随机变量及其分布","27_方浩概统500题","35"
"source","PS","27_方浩概统500题/B组/参数估计","27_方浩概统500题","32"
"source","PS","27_方浩概统500题/B组/大数定律与中心极限定理","27_方浩概统500题","12"
"source","PS","27_方浩概统500题/B组/多维随机变量及其分布","27_方浩概统500题","34"
"source","PS","27_方浩概统500题/B组/假设检验","27_方浩概统500题","6"
"source","PS","27_方浩概统500题/B组/数理统计的基本概念","27_方浩概统500题","29"
"source","PS","27_方浩概统500题/B组/随机变量的数字特征","27_方浩概统500题","67"
"source","PS","27_方浩概统500题/B组/随机事件与概率","27_方浩概统500题","47"
"source","PS","27_方浩概统500题/B组/一维随机变量及其分布","27_方浩概统500题","37"
"source","PS","27_方浩概统500题/C组","27_方浩概统500题","51"
"source","PS","27_模拟卷概念题摘选/李良五套卷卷三","27_模拟卷概念题摘选","1"
"source","PS","27_模拟卷概念题摘选/李良五套卷卷四","27_模拟卷概念题摘选","2"
"source","PS","27_模拟卷概念题摘选/李良五套卷卷五","27_模拟卷概念题摘选","1"
"source","PS","27_模拟卷概念题摘选/欧几里得卷三","27_模拟卷概念题摘选","2"
"source","PS","27_模拟卷概念题摘选/余炳森五套卷卷二","27_模拟卷概念题摘选","1"
"source","PS","27_模拟卷概念题摘选/余炳森五套卷卷三","27_模拟卷概念题摘选","1"
"source","PS","27_模拟卷概念题摘选/余炳森五套卷卷四","27_模拟卷概念题摘选","1"
"source","PS","27_模拟卷概念题摘选/张宇四套卷卷二","27_模拟卷概念题摘选","1"
"source","PS","27_模拟卷概念题摘选/张宇四套卷卷三","27_模拟卷概念题摘选","1"
"source","PS","27_模拟卷概念题摘选/张宇四套卷卷一","27_模拟卷概念题摘选","1"
"source","PS","27_张宇36讲/概统/第1讲-随机事件和概率","27_张宇36讲","10"
"source","PS","27_张宇36讲/概统/第2讲-一维随机变量及其分布","27_张宇36讲","12"
"source","PS","27_张宇36讲/概统/第3讲-一维随机变量函数的分布","27_张宇36讲","6"
"source","PS","27_张宇36讲/概统/第4讲-多维随机变量及其分布","27_张宇36讲","4"
"source","PS","27_张宇36讲/概统/第5讲-多维随机变量函数的分布","27_张宇36讲","9"
"source","PS","27_张宇36讲/概统/第6讲-数字特征","27_张宇36讲","10"
"source","PS","27_张宇36讲/概统/第7讲-大数定律与中心极限定理","27_张宇36讲","3"
"source","PS","27_张宇36讲/概统/第8讲-统计量及其分布","27_张宇36讲","5"
"source","PS","27_张宇36讲/概统/第9讲-参数估计与假设检验","27_张宇36讲","12"
"source","PS","27_ep大雪深埋/参数估计和假设检验","27_ep大雪深埋","16"
"source","PS","27_ep大雪深埋/大数定律和中心极限定理","27_ep大雪深埋","9"
"source","PS","27_ep大雪深埋/多维随机变量(函数)及其分布","27_ep大雪深埋","17"
"source","PS","27_ep大雪深埋/随机变量的数字特征","27_ep大雪深埋","16"
"source","PS","27_ep大雪深埋/随机事件与概率","27_ep大雪深埋","14"
"source","PS","27_ep大雪深埋/统计量及其分布","27_ep大雪深埋","7"
"source","PS","27_ep大雪深埋/一维随机变量(函数)及其分布","27_ep大雪深埋","7"
"source","PS","27_ep题型方法梳理班/概率","27_ep题型方法梳理班","176"
"source","PS","大计算量真题大题汇总_不会微分算子","大计算量真题大题汇总","8"
"source","PS","真题/2013","真题","1"
"source","PS","真题/2014","真题","1"
"source","PS","真题/2016","真题","1"
"source","PS","真题/2017","真题","2"
"source","PS","真题/2023","真题","1"
"source","PS","真题/2024","真题","1"
"source","PS","真题/2025","真题","1"
"source","PS","PS/基础篇/概率/C28-随机变量的数字特征","PS/基础篇","21"
"source","PS","PS/基础篇/概率/C29-大数定律与中心极限定理","PS/基础篇","8"
"source","PS","PS/基础篇/概率/C30-数理统计","PS/基础篇","24"
"source","PS","PS/强化篇/概率/C25-随机事件和概率","PS/强化篇","6"
"source","PS","PS/强化篇/概率/C26-一维随机变量函数的分布","PS/强化篇","7"
"source","PS","PS/强化篇/概率/C26-一维随机变量及其分布","PS/强化篇","1"
"source","PS","PS/强化篇/概率/C27-多维随机变量函数的分布","PS/强化篇","12"
"source","PS","PS/强化篇/概率/C27-多维随机变量及其分布","PS/强化篇","7"
"source","PS","PS/强化篇/概率/C28-数字特征","PS/强化篇","21"
"source","PS","PS/强化篇/概率/C29-大数定律与中心极限定理","PS/强化篇","4"
"source","PS","PS/强化篇/概率/C30-参数估计与假设检验","PS/强化篇","30"
"source","PS","PS/强化篇/概率/C30-统计量及其分布","PS/强化篇","4"
