"RelativePath","Subjects","OriginalSha256","PlannedSha256","AliasChanges","DeduplicatedTags"
"_待确认\27_王道408\01 - DS\02 - 线性表\1-MCQ\DS-C02-23-M15.md","DS","4cbd015ea6747b519111be62a89cbef02776985d339847407544d5cfddc31144","0081998d016a4cec163a2aa3630a5c42237fc31fb4ce8afb65b01eb7f06263f1","1","0"
"_待确认\27_王道408\01 - DS\02 - 线性表\1-MCQ\DS-C02-23-M35.md","DS","1655e2bd21c0c4bf6e286c81b6445de2256ac1e1a240a2ec1fce457e62e8bef0","8e5df95d9b6be3bac820ee6153b71bb3c70e25d0ec0454f0c298e237f2c2333c","1","0"
"_待确认\27_王道408\01 - DS\03 - 栈、队列和数组\1-MCQ\DS-C03-34-M05.md","DS","8a9f2d91b32f05e04ef97a1bf1020cd797c2388d1a4337ad8a42815067eba12f","514e588f12dcbf575ee039a851cf3761766f70bcd7680ae565b26abf8678d959","1","0"
"_待确认\27_王道408\01 - DS\03 - 栈、队列和数组\1-MCQ\DS-C03-34-M06.md","DS","f25472bf64e0be8a3168e9865f44ec81a2f11ddfe6790d80b171a2d6d4272d84","f93a89a1ea3379686b10f6b80d6eea40740acc0f622c7e3595ec4961ed7492b8","1","0"
"_待确认\27_王道408\01 - DS\03 - 栈、队列和数组\1-MCQ\DS-C03-34-M07.md","DS","3b65389bde4ac9ce293963394b487bd51b1191fb8580f63ac72d60976b9ea4f7","ba3df9d8573d6e136ccac62f6f8dbd0445ce3e6c615c8b15e1e91fdd35b07c11","1","0"
"_待确认\27_王道408\01 - DS\05 - 树与二叉树\1-MCQ\DS-C05-51-M05.md","DS","db8e79acffd693023737904a585f0257e5f0861519c1fb985872e9007ed1018d","d14cb3e291ca6e7efa3d854cb50d787a1e79d3a8d83ff45928cb2b0f2a0af59d","1","0"
"_待确认\27_王道408\01 - DS\05 - 树与二叉树\1-MCQ\DS-C05-51-M09.md","DS","5ad547e67635e26d2549f70b7c6bebd35b575463f9b3bd0a1c2a5837cbc2cabf","c073e330db58fade9f9bbe9897523184f7ad085937469022384d425c0326b025","1","0"
"_待确认\27_王道408\01 - DS\05 - 树与二叉树\1-MCQ\DS-C05-52-M04.md","DS","b5bd4dc0e9837a25d3de37524edfd84d49795ac31702f6c65768d3027e593792","80b920d844f93a819783f48f855bbc184bcaca860383eed5e8bcbbcd18435879","1","0"
"_待确认\27_王道408\01 - DS\05 - 树与二叉树\1-MCQ\DS-C05-52-M10.md","DS","e5468d8755615b5c67a19ff2e4529228d6e30b2204d48abb8d2277d612f5b774","b7c64b28fb1fcadbe8dcedf7e7ee2669e406f79ddb8f63bc5b256262929ce56f","1","0"
"_待确认\27_王道408\01 - DS\05 - 树与二叉树\1-MCQ\DS-C05-52-M11.md","DS","808a4c1e9c4155803524d04f12d0941d5c90fdd6caddaed374cfc8976262ef6a","52b62f45d6ebe293eff1d67399a24a6fac0a782950b9fefabec19915daa67237","1","0"
"_待确认\27_王道408\01 - DS\05 - 树与二叉树\1-MCQ\DS-C05-52-M12.md","DS","594fe4b441f9de919d79aaf5c3504e97e3549e4ce89805bc51493814e66016bf","8cb42aad2ad17aba35def1af7e25ad4aa0ac53170c9a32563adb76bc53e90089","1","0"
"_待确认\27_王道408\01 - DS\05 - 树与二叉树\1-MCQ\DS-C05-52-M13.md","DS","0d95c9256959443a966c7d13bae5ec8f7805f1026340cdc80173404cfdf28025","f2a6af66e7f8956e9bdfa7d585405280c05b5d84e3bcf517c37daf6ea892ccb4","1","0"
"_待确认\27_王道408\01 - DS\05 - 树与二叉树\1-MCQ\DS-C05-52-M15.md","DS","51c1ecbcfb115f00778042ec1525d785eac040ff21c1c1a53fc67a74f10fc41f","7698769a0ba061d65f7b67e72df31077d7b78d7e1558716b8a3617864ad61201","1","0"
"_待确认\27_王道408\01 - DS\05 - 树与二叉树\1-MCQ\DS-C05-52-M16.md","DS","2f605232a800a0d7bf34ac3e783d6bab43615fc298b4f1cce9c868322c95ad43","d476d7ebb1f441674e1f786e3b92386c0562e57fdbdea418759f72d6ba6f9f9f","1","0"
"_待确认\27_王道408\01 - DS\05 - 树与二叉树\1-MCQ\DS-C05-52-M17.md","DS","3a0cc0de5e9e6781a5e982a8df9a443d2924bbf28d4ce0534ee1147e69c70389","38a0f05814c6852ce3b55ba0f4fa549926a6e261e9dfa26d8438d07fd1535013","1","0"
"_待确认\27_王道408\01 - DS\05 - 树与二叉树\1-MCQ\DS-C05-52-M24.md","DS","ac5469dfc5e08b07fd9680dcca6f9186cf998f27a5dd104b200efc10f1353ee6","f5a8b4a0f54344ec8caed27cba9e0ae3a5638a4cf1d6e39e50c1b8b5ade4afd9","1","0"
"_待确认\27_王道408\01 - DS\05 - 树与二叉树\1-MCQ\DS-C05-52-M25.md","DS","abf4d0a477b246e1536bc36d46c489225cb26883c7bc7edd9bd73b4298f5205e","621ea9459311feedb2018e1608e7ff6fac60d736866b518cba6c91ef2c7d9897","1","0"
"_待确认\27_王道408\01 - DS\05 - 树与二叉树\1-MCQ\DS-C05-54-M01.md","DS","7478911d5e95b577b2bd6838b0ef8d120f6df24b84914b6d6640fe607cf8a515","6aa33eecdebddc0983b49fb0dd0b8d12141da175a7b75e5b70b993dd96a16195","1","0"
"_待确认\27_王道408\01 - DS\05 - 树与二叉树\1-MCQ\DS-C05-54-M03.md","DS","e86f3eea6377360c28d01066f1bf5162be8378a29d6ad20de365786288a4f003","ec54d1f6727a3476d868d8a3fb8389fc341726401690b151fb5a66839c7df509","1","0"
"_待确认\27_王道408\01 - DS\05 - 树与二叉树\1-MCQ\DS-C05-54-M04.md","DS","c2a21456f40a289ffef4ed7ed77b6836c9af1c02d1d7e0253076b98658671aba","99becd9a5e3ec08fffbae34dd4d00701998b8aea3138e39ba09cfca15bd88c4c","3","0"
"_待确认\27_王道408\01 - DS\05 - 树与二叉树\1-MCQ\DS-C05-54-M05.md","DS","be6b918e82a4b8eea95928130887284d8954872c51eec99a53055ad99c0eb13a","e1aa80f3827429cadb1ec076e4f15eabce4e5ca5e28c684dfd28a723ec20f5c8","1","0"
"_待确认\27_王道408\01 - DS\05 - 树与二叉树\1-MCQ\DS-C05-54-M06.md","DS","6d0e77cf3ced59ef4040bd995e1b792ace8bd3efe9d9dd1b18d198adcdd4ae95","fdf92cafd58289f6c3f6bcd92a9a0ad2513fa1c8c2e90cb712f5038630ae6872","1","0"
"_待确认\27_王道408\01 - DS\05 - 树与二叉树\1-MCQ\DS-C05-54-M07.md","DS","e82d42df2ccf166ad4e4967476dd238c03b4a2066f39c97ee617778bfb180ba4","73d6c3a79d801108bae008c4fb90213d850739433e1c7f23a58aaca984560d99","1","0"
"_待确认\27_王道408\01 - DS\05 - 树与二叉树\1-MCQ\DS-C05-54-M08.md","DS","6c5c2964a1ca7a69baeabb847af47079efdea041d6292e0a4e01d145f5049c2f","c28b603fa0fa29f854bc2388ed48dd577cf1056346b26ee1f1198ff120aa6461","2","0"
"_待确认\27_王道408\01 - DS\05 - 树与二叉树\1-MCQ\DS-C05-54-M11.md","DS","feeaa5f903daea8dd754cfeef3c171040affadb873ca9416acfd2820addd73cf","85f29c9228604638dcbb77eb886d68f1462d87226d37f169d36be103ea5239ce","1","0"
"_待确认\27_王道408\01 - DS\05 - 树与二叉树\1-MCQ\DS-C05-54-M12.md","DS","7b4c91cbf50178b9c38b9a545b0ac6005f0626fe0c8b81d6217d88798d5b953b","80cd329ca973dd30dfbe488d6ab5f349c7b21eeb250e59d75d1af2bb85c94f22","1","1"
"_待确认\27_王道408\01 - DS\05 - 树与二叉树\1-MCQ\DS-C05-54-M14.md","DS","75021e7703d5066aba8e776967d8da7b809ae2e1543076a6d332d6dd0c3beb36","3a1d4f94078411ccef7e574a879bc369091b34fdf50cd52930d79d68b2f30926","2","0"
"_待确认\27_王道408\01 - DS\05 - 树与二叉树\1-MCQ\DS-C05-54-M15.md","DS","1460734a160ea2b0bbd7448c8e97d4bf36f8edde01aa0f053a10bb1f75994af3","2aa5a3575cebd989183e03dd83d0facd17cfa21980fb186b0029d34173f55c42","1","0"
"_待确认\27_王道408\01 - DS\05 - 树与二叉树\1-MCQ\DS-C05-54-M16.md","DS","d41b398afe692b50bb99b96fc01726a364470a468ef0fd901d69f35a50239864","97569a5cd7d80d87eed4245f827f48f9c1a609b3c484530ccd83025dd75e2d47","2","0"
"_待确认\27_王道408\01 - DS\05 - 树与二叉树\1-MCQ\DS-C05-54-M17.md","DS","f0024b8638aa06357b07bea7725c9a358be77a438dd921fb7718ec3da3a44c6f","9c164be0282592573b28afc1164a28d747662a6352912264ac9cc4840e8a05c8","3","0"
"_待确认\27_王道408\01 - DS\05 - 树与二叉树\1-MCQ\DS-C05-54-M20.md","DS","c46d44f50e53bda8a338aaee0ee37e2a815568d76e9754077d947246341e10ad","5531308c94ac8cf4531d57050ebe419c66a323976031e6c1c5bfb7421a178b7c","2","0"
"_待确认\27_王道408\01 - DS\05 - 树与二叉树\1-MCQ\DS-C05-54-M21.md","DS","7cb9edae146f4094a5e88f80cdcaaffa4fc78e05c3400df851009c447f9e561d","0719c81f931d1c141a3ccc1438efd6460272e18284c7ed5a6f8cf0058e6f1e4a","1","0"
"_待确认\27_王道408\01 - DS\05 - 树与二叉树\1-MCQ\DS-C05-55-M09.md","DS","054477668928d4d8b60846dffd2b021f5f6def1f372afcac02d5262f8290acd3","82df4e20637675d23e5a0da817faa54a1bceabc54c9b5d96fa49798cd8ff086e","1","0"
"_待确认\27_王道408\01 - DS\05 - 树与二叉树\1-MCQ\DS-C05-55-M18.md","DS","851a89f0bd72845a7d8eebc45b1d4d5c6c04fe959ed56d8a048e793cf5c5b584","1675852dda4656c34617032dbcf3134540f523a725e1ea7205119e49be75f5c5","1","0"
"_待确认\27_王道408\01 - DS\05 - 树与二叉树\1-MCQ\DS-C05-55-M19.md","DS","3e3f341c6404e24a121d994e39bf505ff39af517dcff13b2938c1a96294e2a4d","39a33198cd90bf5f4bc8c6405befa8d22f68e069c169115cfdd4a503ed5b5556","1","0"
"_待确认\27_王道408\01 - DS\05 - 树与二叉树\3-FRQ\DS-C05-53-F05.md","DS","2bb9f3c4b3a5f4ce946ea0767f90dcbe2f4c4c39e41ae73313279d35c103eba9","cc7424dbe1f737c2684481dfa4654e2754706d9bb757ab6d8f0c70efe50aec43","1","0"
"_待确认\27_王道408\01 - DS\05 - 树与二叉树\3-FRQ\DS-C05-53-F09.md","DS","6a2f3027e98b536fb78892ced7b05684ec41b528ec12c892a0334aade2806546","3e1b2d826d7f60773f0e7643a5f9e2c4998167c84507d366c5d2bdf90e8f5f8f","1","0"
"_待确认\27_王道408\01 - DS\05 - 树与二叉树\3-FRQ\DS-C05-53-F15.md","DS","8d5acc7e6725046fdee9a149755d4825522b4c69d64eccf3fe15c206b41c715c","7a76813e3c6934245c66306bffb6ef119f61a962d89ab83370635cdf8a787d73","1","0"
"_待确认\27_王道408\01 - DS\05 - 树与二叉树\3-FRQ\DS-C05-54-F02.md","DS","f4540e58ffe513fd64349d8c0b3fe087fc6aa4c444a662ab8a577c5e5dfce748","fb52ff482af03b327da88e4bfeb825d52e870c290c4a4442268f49affb2a34f5","1","0"
"_待确认\27_王道408\01 - DS\05 - 树与二叉树\3-FRQ\DS-C05-54-F03.md","DS","1a8e65f2d166f82860d72a4b6eba9d99ea8247f2541563e44abc74694dd52c28","91d3e0e8e6f063628479464db563bc1d04674bf0442c0a04b6aabc05a0d7c9aa","1","0"
"_待确认\27_王道408\01 - DS\05 - 树与二叉树\3-FRQ\DS-C05-55-F01.md","DS","b8415348df7009636806b247bf1bdffd84d8bf49191a20873b91971bb775c492","f733b4c03565430efb275a09ec87e9a84fdb7bc779abffa94b6edc817ff58e57","1","0"
"_待确认\27_王道408\01 - DS\06 - 图\1-MCQ\DS-C06-61-M02.md","DS","cfb975bd55d52b72e9d9bbc01802c53aec5b10ea5b3b085c7d296306ca048737","57a1649747852039f78100942ca0a7db961993280d6d748d523f419d7fabe7b4","1","0"
"_待确认\27_王道408\01 - DS\06 - 图\1-MCQ\DS-C06-63-M01.md","DS","2ecd86385e405557857412ebbd048bdaf24d66027e7fbd90c24e9f60e7ae850b","35f57d595042754fa6403bea24b6301af31b3ff0af026bb2ed9ecc257e811b3c","1","0"
"_待确认\27_王道408\01 - DS\06 - 图\1-MCQ\DS-C06-63-M02.md","DS","fa35d8908e3b29888681cdb58d7f24c545a8854dd490fc874d68abddc75b64a0","ad8b4d1e760a90493197e0c4f9ae83ad1debad823d1f7dafd8b04ffa81aad1b9","2","0"
"_待确认\27_王道408\01 - DS\06 - 图\1-MCQ\DS-C06-63-M03.md","DS","0bd5ab901e3003bb83f90f6ee6e8f19436ec48705a3a8979d68b9e7289ab0558","d42a4e41621d016c3d4448276b505b8e536b10b558b02ab1cb68bbbf9622d64b","1","0"
"_待确认\27_王道408\01 - DS\06 - 图\1-MCQ\DS-C06-63-M05.md","DS","2ddbbc79cfb55f298677be277f4aa714c610535b6189c8ddc4cc6cfc7532b67d","7852f7c924aab27a5cb4f30dd1285a8b40e7b8f7410aac1fef5a7aee0c304b13","1","0"
"_待确认\27_王道408\01 - DS\06 - 图\1-MCQ\DS-C06-63-M07.md","DS","d911065e01fcfb1ae95de28d2ad5b4142310745f174b91b317ff95ed1a33ce79","d9623fc18826fa34264de5145aa9e996494e5190bc27b07af2a72582c7d00d60","1","0"
"_待确认\27_王道408\01 - DS\06 - 图\1-MCQ\DS-C06-63-M08.md","DS","45b348e440e51145c9b4a65c6eeef82159d98f1342b069041281bbd03e503c2a","d966ec10176b36e9ae84cd88efeecb1d682c5d41092d48cb023f337120ed807c","1","0"
"_待确认\27_王道408\01 - DS\06 - 图\1-MCQ\DS-C06-63-M09.md","DS","8b72baee2b000cab86aed9682ae42ec86820c3f88e47a68825b7387ddde88f4c","fd9a4438a04a51c9bd1ba5e60ebc5e9d1826bf07400d55c0e95178ea94a69bfc","2","0"
"_待确认\27_王道408\01 - DS\06 - 图\1-MCQ\DS-C06-63-M10.md","DS","fc0e2b910bc2ac758d162eb61ed799aef765c984a656f98b15156f339fe0b9c2","dfc915611543876ce306e40da68d381806a118577a95c80d3b9eb8b825ac8d60","2","0"
"_待确认\27_王道408\01 - DS\06 - 图\1-MCQ\DS-C06-63-M11.md","DS","3789d5db4465392e8f17041bef31da10ec46988d23c9b7eb5ba2de776136d84e","9a19ab0d52457c3ce851e71435c43b72a05d8298775f2bf6c05656e0ab96a425","1","0"
"_待确认\27_王道408\01 - DS\06 - 图\1-MCQ\DS-C06-63-M16.md","DS","d2ce44075471f7b95ccef11d533b5a661b71a9d4ce1b69e7f061bf34172f521b","2ea67818608e9d30a3532c38f2e815e3ef5f3330f216a67d37a91c1c3b8027d8","1","0"
"_待确认\27_王道408\01 - DS\06 - 图\1-MCQ\DS-C06-63-M17.md","DS","3cc9a7b893f2d9ec7100786583300f5c6b56a018885203902c5c3aec18f50d1e","8c48b6d55eed4274ea669aa41ecf7bcf16f37bd1d2741d52a6aeca7793b4e451","1","0"
"_待确认\27_王道408\01 - DS\06 - 图\1-MCQ\DS-C06-64-M11.md","DS","76c5e3c6316247493f14b84bec72bda831e23cf587335fa704c7fdb8c42deaf4","a576bed1873681dd042ca0e1ac0e6a48be4b892d73029850fe8c62ad106795b3","1","0"
"_待确认\27_王道408\01 - DS\06 - 图\1-MCQ\DS-C06-64-M41.md","DS","a4655f83a409d3eb8618d28341f0828b20103b636a51e7a407bc9d4551add734","5768ed8d3199103810bde14965b319fb342facf44b960a54b590127a73a96e89","1","0"
"_待确认\27_王道408\01 - DS\07 - 查找\1-MCQ\DS-C07-74-M10.md","DS","e9fb4b01b19874eff81620bbc98c62c157c97a3e66e7fa113dc4777f96c33fc3","f13c45d75d49f8819d0ab8e95301faea0a7dbeec4cbcce76a90c67ba9aa1d27d","1","0"
"_待确认\27_王道408\01 - DS\07 - 查找\1-MCQ\DS-C07-74-M11.md","DS","0a8a93317334a231e4b66bf06c7d30df139ee83fa9de9369fd2258c47d2b4438","459de8e75340c68f7b24d0822bb2bfa0e720000772b7bc43d7dec492b0552cca","1","0"
"_待确认\27_王道408\01 - DS\07 - 查找\1-MCQ\DS-C07-74-M22.md","DS","fc080c460cf005899a8b942e56bb481670f5d67ceaf9e077bccd5da9c8b51a0a","48e25b5033ef22bb0f3206bf597dfd88269ae9dfee4dd43232b7ef27598b98de","1","0"
"_待确认\27_王道408\01 - DS\07 - 查找\1-MCQ\DS-C07-75-M07.md","DS","f03d8e72ea80e38263a217f641cfd72b3be661c2732eb5ebc36f9a6bc5fef720","b2ce83c13afb83d1d14db285c6bec98d4928123056d32ec43f166e3f2a87c5f4","1","0"
"_待确认\27_王道408\01 - DS\07 - 查找\1-MCQ\DS-C07-75-M12.md","DS","3bf82f2fb3f1943b7a469493298e06b2e302706600944ba54089284ac27532a4","4ab6daf2a4d441f824f1a2b91ed53a9633d945b1d73fbb9cc7673827cdc1f3b9","1","0"
"_待确认\27_王道408\01 - DS\07 - 查找\1-MCQ\DS-C07-75-M14.md","DS","01dfef209439bc5e2fc9c4304942a4e20deb25df554ad9849a98324aaf4b6206","ba352c1b052ed5e8e38fa9ced5b5e0a291c570995278a6f28fea59f444427938","1","0"
"_待确认\27_王道408\01 - DS\08 - 排序\1-MCQ\DS-C08-82-M04.md","DS","ef52f69a5b60d3e168ee1ce85e5b8b0a99445220e8b2294d97ca5903da810b4a","01738e5a51d33e3695d248374b95c6bcd4e9be1ca5bf1325bdb041fb257beb4e","1","0"
"_待确认\27_王道408\01 - DS\08 - 排序\1-MCQ\DS-C08-82-M16.md","DS","192db200a17fd71bf315d859fa5a1d8ce271755238c55bcdfa83118e601f54db","d402c525fb5a37c7ef71a3ef77e512daa2cecc55bd2c78942a0fb329315dcb1f","1","0"
"_待确认\27_王道408\01 - DS\08 - 排序\1-MCQ\DS-C08-82-M17.md","DS","f04c2d4fd3ebbb93568afbe33d3c5542ccd4ea2f216a97dde59e85c7897bafb1","56f97fddd4f4a5b1cc47ec2b63d74dd1ecf21f9401f1fe951011aa9774b28684","1","0"
"_待确认\27_王道408\01 - DS\08 - 排序\1-MCQ\DS-C08-85-M12.md","DS","d616f415872c16cf70f24281a9546b8fac15c88bce8158fb6265923639de1579","2044ad0daaba8ad38de3e8ed52e4a3177fe86ca7ade2a1de7da2ac18217cd9ce","1","0"
"_待确认\27_王道408\01 - DS\08 - 排序\1-MCQ\DS-C08-85-M16.md","DS","3d633a366ad871f88218c46ecee7b3263d69e0f0270717300b5aed5f4b38b528","b3447b9477bc0456fa6de145861afb08dbb64a000ed240d726033aed4ff687a0","1","0"
"_待确认\27_王道408\01 - DS\08 - 排序\1-MCQ\DS-C08-85-M18.md","DS","6b4ccdb88d9ec57fe32ca463238e342e5a2bbe62497881b7b3229ac9b10f4a89","299d16e635138214fd7417f5ce5eecbf05b9214719deacfc5e21db2285b2ba92","1","0"
"_待确认\27_王道408\01 - DS\08 - 排序\1-MCQ\DS-C08-86-M02.md","DS","e9ce06c39534c7ee88223b68332de70f1eed2793e8f3877d4ff9cc93e0a802e3","f4fd060fbe01d3fb4cb7a430880f487ca0e9e59a0c52491b721e349c2f3dd072","1","0"
"_待确认\27_王道408\01 - DS\08 - 排序\1-MCQ\DS-C08-86-M04.md","DS","b43a7da2723b54554a500f521b20322c77d5011e51449b179b80abb5f8157306","b78a0dae85cd8717f2a46a953bd433623078075240a52efb74dd20977553e1a4","1","0"
"_待确认\27_王道408\01 - DS\08 - 排序\1-MCQ\DS-C08-86-M08.md","DS","f260378e5326332872629742432962b282c4b427fc743e0721c390338c435d26","d98943c84a21bbe812b5ee9c69194397aaf4d1ed1c29ead353e7d420088566f9","1","0"
"_待确认\27_王道408\01 - DS\08 - 排序\1-MCQ\DS-C08-86-M09.md","DS","551904b95f56fd93577fb70ae5a6abb106d1090a3be9790c261c5cc155988dfe","02dea727699660aad5fd3a1886debddbfd5e8415760ba686fee302e49c6a149b","1","0"
"_待确认\27_王道408\01 - DS\08 - 排序\1-MCQ\DS-C08-86-M13.md","DS","46ac0e989c13dbf03189d5032d2bd6813021eb02f3588b90a95528be6b62b5f0","d19d0cef4e1d8b14d53ac63669c46955c73ee56fc7e6746f5400f7b9f2d4d8d3","1","0"
"_待确认\27_王道408\01 - DS\08 - 排序\1-MCQ\DS-C08-86-M15.md","DS","d8c4dd5d9c4491c8ef923ef48cd91ba42bcc32bf2420688db90b076f8c03540f","bac1241f675ae8e580f93d808c670333023f1dc7085eefc39ef80f20573fe74c","1","0"
"_待确认\27_王道408\01 - DS\08 - 排序\1-MCQ\DS-C08-86-M18.md","DS","94195d244410d167ed9d01da718e453ea15c092dd751b123f1e448f787149636","633f05a9bec4943e7cddf3c066ee0173ac73215e8351afcfe96251f2527af44a","1","0"
"_待确认\27_王道408\01 - DS\08 - 排序\1-MCQ\DS-C08-86-M20.md","DS","b4212e3187e6004479dca4b67d082520576bf7cc00964fd6d6449a59f3026cea","998d09765eea8d33ac227b3659b7237b8fe6173ef99711ca90349e01a5cf7116","1","0"
"_待确认\27_王道408\01 - DS\08 - 排序\3-FRQ\DS-C08-82-F01.md","DS","7ea01b26d8ccf2d809911f48e5e2a5744f8d97f481e710f3844b4b6c3eadc3ac","128bff4806699aaca25a4692cdf8addc843aadf6b96dae720eb81f610402d43b","1","0"
"_待确认\27_王道408\01 - DS\08 - 排序\3-FRQ\DS-C08-85-F02.md","DS","86de31cbeb55d29936d6236b03d33ce9253db4e4bba2fdded2eea12575c41bca","94d325b896b7dd5d2e45bb135c38313e96a262134558b4ea584ed1601e68845c","1","0"
"_待确认\27_王道408\01 - DS\08 - 排序\3-FRQ\DS-C08-85-F03.md","DS","3869bc719e78cf9a8b231ff4bce965b468451b40b74e78ae00368a49c012dc10","b99d73915c7e6ba0f9720d3c0f29cacbadd9464264f6ff0fb249273e5086b487","1","0"
"_待确认\27_王道408\01 - DS\08 - 排序\3-FRQ\DS-C08-87-F02.md","DS","d1a4957d3720f9f43f352894acc642557d3f3082635070360935a9e20385a9a1","ef048d67d44df286309424c52bac9d8b4fca94a67af659b8debe5afcd87b0416","1","0"
"_待确认\27_王道408\02 - CO\01 - 计算机系统概述\1-MCQ\CO-C01-13-M04.md","CO","f41d5d09c7efd1e051d24615f0e05280214fcc6c34c3bbd173aac26a7f2fe67e","edcce2766745aaba438c425f3b2d9cc3abcab093e3e94e9c98fb98875e6b4315","1","0"
"_待确认\27_王道408\02 - CO\01 - 计算机系统概述\1-MCQ\CO-C01-13-M12.md","CO","853f8d4cc0f927725a4b1e6af1b3705cc413fcb8806fdfd327764814e1a56571","3ff396966400a9a69103e1c7a484574f4738235e3380c8630f956499dd9ab002","1","0"
"_待确认\27_王道408\02 - CO\02 - 数据的表示和运算\1-MCQ\CO-C02-21-M07.md","CO","d76dcd2eda0296793d2182dd57bc7d6501f8a48d263cafa8d5b6efb0bed7f941","e50c28bd05d58e4fabe7996f9e8151c97548d00a46299a8503d0999db6d6cc03","1","0"
"_待确认\27_王道408\02 - CO\02 - 数据的表示和运算\1-MCQ\CO-C02-23-M03.md","CO","0cb470d1799d7e19f6935ad715b37b53682849570d7e2056258eef43971a0150","87c915883c72499835e3710af6cbe308dc61b561a9e231ee9b7d0ddea11021c1","1","0"
"_待确认\27_王道408\02 - CO\02 - 数据的表示和运算\1-MCQ\CO-C02-23-M31.md","CO","84ce6dd98ab6c65f9166acb69874ba9bc35a672283eb95548a76e5d09a19e744","32759d2722a23884cbd88b4634738eabdac310877754deae40a9f018a6c753b7","1","0"
"_待确认\27_王道408\02 - CO\02 - 数据的表示和运算\1-MCQ\CO-C02-23-M39.md","CO","33a089afd47480246db02930d95e14471ba1fc74a03ee0dacb0765d853ed64ab","7ba0e79babfe2ea8a53674e11fb655a91bc92a183da57238b1eef8ad78d73892","1","0"
"_待确认\27_王道408\02 - CO\03 - 存储系统\1-MCQ\CO-C03-31-M11.md","CO","ed1dacb4f41119c41a48887456e709332599e0edac1753ec96ae3bfeb8b71163","3da36679c1e1f48eb250e1655feccd1a6b14ea05ae41dab9342119c5172cd847","2","0"
"_待确认\27_王道408\02 - CO\03 - 存储系统\1-MCQ\CO-C03-32-M22.md","CO","2972cc6e37001fa99a232642c71de748677f1ebaea2c26902cbb500b7cb4b87e","d7ba51396f310546f0eb38df54e55d68bd787b56d917f568873398fd09501e2a","1","0"
"_待确认\27_王道408\02 - CO\03 - 存储系统\1-MCQ\CO-C03-32-M23.md","CO","e4c6c6f262be07960a9eb1cb9c5c019e4c21dd4c44d8c95eb6e0cb77017a799d","ed5e47789963a9b0ae2e268f6e7bfdde7fc01c14e47ea690c95657379bc7aef4","1","0"
"_待确认\27_王道408\02 - CO\03 - 存储系统\1-MCQ\CO-C03-32-M24.md","CO","63fae9cf104b07a43379ee8032da2e36316de55ffa54258430c6eb6cf18bbe84","79fbd787424b7572f5b450aefbc5394c96f7ae7b8ed7ded8df48b481adc756ab","1","0"
"_待确认\27_王道408\02 - CO\03 - 存储系统\1-MCQ\CO-C03-32-M28.md","CO","c3803b422bd50b758aced107fd182cde4d1439278c52e299af67661c5d4a9093","a2251d4ab5d2265d4c88781a854f3ecaed48d12066b1fb4ec23d36f0b33b2a56","1","0"
"_待确认\27_王道408\02 - CO\03 - 存储系统\1-MCQ\CO-C03-32-M35.md","CO","67b63a8296fb8f997a8186342207d41378a09211b682b60916ca9dc8b8f53bff","8f480cbc3e84d087dd717bbc550c09595027b49d5ca24721eb03e0147b8177d4","1","0"
"_待确认\27_王道408\02 - CO\03 - 存储系统\1-MCQ\CO-C03-34-M03.md","CO","4742c39bc2fac47741f1a990f96dbb5c70ec0dc5982b976d4222c6e06657e78f","ea272bb47b72143a40fd2878ba3f53ac945e17e3ba1e7bccf5bde02c3a49eb41","1","0"
"_待确认\27_王道408\02 - CO\03 - 存储系统\1-MCQ\CO-C03-34-M07.md","CO","f76017437a84ff7e9f0fec33bc858c14d357f14e397736c740e1d38c31ce333a","37e3ee05098a11d88933cffb38c4640bd8d0d83d4ec1c9b6031604a4b90f2cca","1","0"
"_待确认\27_王道408\02 - CO\03 - 存储系统\1-MCQ\CO-C03-34-M08.md","CO","5bb4c17846ca9945df4ea647f459dab117fbb1460c6ab9d7bc5e039a1a203f0c","2b542fb838e422962dbd18f63b77bc1d95717756794b8df0e48b2d78c0179923","1","0"
"_待确认\27_王道408\02 - CO\03 - 存储系统\1-MCQ\CO-C03-34-M09.md","CO","8459f98340747e943de98f66fa1c503b9635b7a9c5b5f344e427bb0b7d7efdc7","66fd43dd11df70e0b362999f72027f93b3afc471870b85f1f138c2f2e7805e4a","1","0"
"_待确认\27_王道408\02 - CO\03 - 存储系统\1-MCQ\CO-C03-35-M10.md","CO","1e5546046eb1461e41dba870d8cf1fe6e16cd50c06162d3639c14ff2d159603e","c7fe37a033187f94f81bacc9eb0b224f83711c35e510633c81b6c01567d19872","1","0"
"_待确认\27_王道408\02 - CO\03 - 存储系统\1-MCQ\CO-C03-35-M13.md","CO","743130f8f3d28e192653a211e1f372fe837a107eeafadf45c5c89302038a7f07","5956b77781a22d1a32df53336a55924dfdc9b9d048b13a525d624d4e31378f0d","1","0"
"_待确认\27_王道408\02 - CO\03 - 存储系统\1-MCQ\CO-C03-35-M20.md","CO","29244210f180fb3042aad10f9d05c0f36053ec1d64d462e7b7103f8a0f0d9319","789613504c2b894dce3dac13f971c3d073df44dcc429db10bb85aa8fda4a99a8","1","0"
"_待确认\27_王道408\02 - CO\03 - 存储系统\1-MCQ\CO-C03-35-M24.md","CO","8d2a8f351ed3008f63fb6d5fa61f542f21ad36177033eb85c6cb988592bff4ad","651f79c19b42987ed391d4537782efe8f43f7e881689a3f5dd91a5f1d5c56998","1","0"
"_待确认\27_王道408\02 - CO\03 - 存储系统\1-MCQ\CO-C03-35-M25.md","CO","7cd1d6b82828a94ee4bc2c6e63895f95729f1f9b18413a5b1aca41026497ee24","fc8d23fb64da99cec9b7dceb6e6d324488e8474a38455bb893f927b3d679d0a8","1","0"
"_待确认\27_王道408\02 - CO\03 - 存储系统\1-MCQ\CO-C03-35-M30.md","CO","2487c8ea88342527541f2d779f5b036dac9c47af337790069b659db3624d51ed","e02902cd851218eac8be4089665147bcc44d4ee211549881f46d150b64c81e39","1","0"
"_待确认\27_王道408\02 - CO\03 - 存储系统\1-MCQ\CO-C03-36-M01.md","CO","b3f0a82180b048a859675915bffe0e0a853288baee773e59df31cde2b089cec3","7af42e645ce2fd5cf5c20425c45eb8aa4d2a72030bc48bfe0798d6e6358755d8","1","0"
"_待确认\27_王道408\02 - CO\03 - 存储系统\1-MCQ\CO-C03-36-M02.md","CO","667a0b90db6caf2b69fe83623abc3d747570eac066a6f9eafb73de91890e7940","7d2993af18ce56b5f32299b59ffe7cd650bfa4c7c00ec309f06feda2a1bfd1d6","1","0"
"_待确认\27_王道408\02 - CO\03 - 存储系统\1-MCQ\CO-C03-36-M03.md","CO","288170e01d4893b91e715d48bac880e28a53ccf42051f9c562f46d2f7aaf60c6","1550075093aed24d426a7d0934ae7e8980c1196d5e7cf955144df0749ccc037f","1","0"
"_待确认\27_王道408\02 - CO\03 - 存储系统\1-MCQ\CO-C03-36-M07.md","CO","270d432bd8cefefcb0a65aacfb5bc9688b3621a9cdaa3d5a87a1c69f511dc5a0","c4a1ca42cef669f93f1fd268d3b5cc4309fac5915418d29630b71a9968908a8c","1","0"
"_待确认\27_王道408\02 - CO\03 - 存储系统\1-MCQ\CO-C03-36-M08.md","CO","fc8a9a9fa063bd34d40cdc7c79f9c7dad1af9c88083d0f9f70baa4f1c2578e12","d149796deb0f21b4b537cf02582668fa3748879e02aa3c09e69b18191a22749f","1","0"
"_待确认\27_王道408\02 - CO\03 - 存储系统\1-MCQ\CO-C03-36-M16.md","CO","07590d61fcfae56302bec6022e81aa50401539d15ed79a270c344784f2a90a0b","4118e9e1f97f58af54b56c09b5b98e525304b64832970c523bd9970bdd5a41be","1","0"
"_待确认\27_王道408\02 - CO\03 - 存储系统\1-MCQ\CO-C03-36-M18.md","CO","8fb7c64fe1180e793912508e60abcd729791072942ceee3593ec966d6b95563e","10cdf7bab3c3bd6496f43c38bad459c9fee86d71b721432ff03d6c2aa56def2f","1","0"
"_待确认\27_王道408\02 - CO\03 - 存储系统\3-FRQ\CO-C03-35-F03.md","CO","ae8fde0a018108cbb636ad5c570119aaaf12ad12dbc6f0189d5a8bac564cd9a0","e590ea0bcda7e3e5459d27c245019aa6a6500b31789f34df9d141ed327f93499","1","0"
"_待确认\27_王道408\02 - CO\03 - 存储系统\3-FRQ\CO-C03-35-F05.md","CO","50618c590dd664b0ddb08ee5357caa586490ec42b16cf3bfe2a60d18bb5e8a3b","1c3bd588bbda0c4d773252b57a3e39637e166d8f8a832df05293fe7a49da36eb","1","0"
"_待确认\27_王道408\02 - CO\03 - 存储系统\3-FRQ\CO-C03-36-F03.md","CO","cddbffb31046677a5d4252d4bb23a2b700e68ccfc5d0e7957236363699dfeeae","e3577c1587882a539296f018de61f93897b92cce681f570870b5598a38d7086a","1","0"
"_待确认\27_王道408\02 - CO\05 - 中央处理器\1-MCQ\CO-C05-53-M08.md","CO","e728924f012015cbf7b9134b09ab0a8dbc8b0ea97b9cf01e5be9d2b6da70b422","5b067984117029d6c12c153ececcea70e70d14647899586dfdc27fa8b3d5c672","1","0"
"_待确认\27_王道408\02 - CO\05 - 中央处理器\1-MCQ\CO-C05-55-M11.md","CO","9d29045599915f74e4189deac548fcb36acddbf0c32e7f3e957f6878ee012aa6","8e702ac73dc81f44997ac80fea77f1345e0d6a4b3c72b5e461d631228037a1f0","1","0"
"_待确认\27_王道408\02 - CO\05 - 中央处理器\1-MCQ\CO-C05-56-M01.md","CO","e5e3e3da04a13eb7650ef668ff901c12fc773eed70cd74281a301af42c398b54","80946216c93d8d02ac69a5a1b447ec0481504d88ef99986d71e2caee29f85279","1","0"
"_待确认\27_王道408\02 - CO\05 - 中央处理器\1-MCQ\CO-C05-56-M11.md","CO","0b6604d42dd4b7e3cccaa78350005fca3f5c8e34e2cdd16f3bf80d8bcb1e7242","c0190fc36db72d0908eb6582b861de35a2c37df42c8f8753da6a7aa65abee717","1","0"
"_待确认\27_王道408\02 - CO\05 - 中央处理器\1-MCQ\CO-C05-56-M12.md","CO","a94d02548fa1a87e31a4416358baa57e14fcdb042626f68aa0756ee7e27dabb1","f83c36fd201a1e4d880fb60ac01c03596ca62ce4fc63506cd44ecc76f06c8996","1","0"
"_待确认\27_王道408\02 - CO\05 - 中央处理器\1-MCQ\CO-C05-56-M14.md","CO","8f39945bbca4f23aae2c00fc00c4c93cb1d0b582d803556414dd70118021f9cc","4b560f6a2dbd668ad8ef5d0e9c49ea3eb61aa64df2623d4906a804c08823ee78","1","0"
"_待确认\27_王道408\02 - CO\05 - 中央处理器\1-MCQ\CO-C05-57-M11.md","CO","b82bc67beb22eecbd3dc81799c1fad9c79b06f0744189c2aa77c787626aee2ad","c0c1e0820798e04eb95e491ba0d44fb9a1350d7664764ecee51cc4c6f02ba82b","1","0"
"_待确认\27_王道408\02 - CO\05 - 中央处理器\1-MCQ\CO-C05-57-M12.md","CO","ba9ce2fcf9613fefdb4189ca976f598d842fd08ced00be8d64dae142ed226751","af12bd3b5b4093c3fdc628e3070b51a7088fe0bcc42daf4dd926f413e2224d4c","1","0"
"_待确认\27_王道408\02 - CO\06 - 总线\1-MCQ\CO-C06-61-M06.md","CO","4938e47678537b6de00e5a40916232581cc4002d119a8477e9e3e589ed5ae005","9c325f0612b094cce99033b1d35968f3bc39d1eac44591d22c7546ec1e9058b4","1","0"
"_待确认\27_王道408\02 - CO\06 - 总线\1-MCQ\CO-C06-61-M07.md","CO","15ac74cea96ee5360692bb0fa7d8f2fde3ab3464eef1606e92145d624bdae626","28f35517efc473cedde82f9b96f8072c807a3e0ce21d8136d79b39d50be2f328","1","0"
"_待确认\27_王道408\02 - CO\06 - 总线\1-MCQ\CO-C06-61-M10.md","CO","ec4599b1ab406fbdbb1eb9a375113024cb7508215f8aaf1ea6abe10d165186cf","d1701661fb64d0f06f499808789a70080602300c80e3914dc91a002da086a394","2","0"
"_待确认\27_王道408\02 - CO\06 - 总线\1-MCQ\CO-C06-61-M11.md","CO","660caefea178b9a07ac781157849b4de3d56146ad198443b228ec01b053e2f48","7e7b29fe8a48fac873e06559fd2df4fc409d4a6b23b15d7fa0015d1d8ac73124","1","0"
"_待确认\27_王道408\02 - CO\06 - 总线\1-MCQ\CO-C06-61-M15.md","CO","25e965fbff0af42fb8b8228605cb3fb8e952f8b4447e8853f51ee19797aeb798","1bad1d0c72f7d3435b469efa0db0292fd7f514915654e99a96fb5e889e31c608","1","0"
"_待确认\27_王道408\02 - CO\06 - 总线\1-MCQ\CO-C06-61-M20.md","CO","a06e417860dc419ed981dd52a7ef54af85bd19fe370607ab0a6e0c6aa4684f7d","83965c15205eb84952031830f9c5f85b86954d867b50a9b46a0cecb3e5479eb5","1","0"
"_待确认\27_王道408\02 - CO\06 - 总线\1-MCQ\CO-C06-61-M21.md","CO","155250b1a892fcb072f08e24ccfaf3f0e7d995a0742ec2ef375453071bf67ccd","74ecc03635ca08043cd8858ad575611075da88ffa6b1800bea4aad74f6e41273","2","0"
"_待确认\27_王道408\02 - CO\06 - 总线\1-MCQ\CO-C06-61-M24.md","CO","1a2ebd78112914fb5e3e8da7376591a43afc5fc0b45e913f030d5f06c9f415f0","09cabc04f1cdf5f04d2630dcd8b7cf07e3c7b7bc3697e64885a306bab175898c","1","0"
"_待确认\27_王道408\02 - CO\06 - 总线\1-MCQ\CO-C06-62-M18.md","CO","58287b1b017365ba245a036a84db92cd1817021cc6ed41c2cc6dc2a38aa06c76","10a38857915e7cde6279ae061c147d713e24c2c27aab0b5bdf6c36f925ed6002","1","0"
"_待确认\27_王道408\02 - CO\06 - 总线\1-MCQ\CO-C06-62-M19.md","CO","a0f166a681a23bade9ec2a94b31e3ddeffd71b1fcce6aa7aacf07fc149dc7313","827b32b23e830f0ef5d99a6c88fd7500b1da8398e911df6db11959875a64a585","1","0"
"_待确认\27_王道408\02 - CO\06 - 总线\1-MCQ\CO-C06-62-M20.md","CO","ce2ea642849d892e181417b53ac5de26ad29ee2a4126cd1fe4a1b3749e7e255b","076a5c1f80e5808cb88baf1218b36b8b408e4ae69c228e183d4d6b2571a59595","1","0"
"_待确认\27_王道408\02 - CO\07 - 输入\输出系统\1-MCQ\CO-C07-71-M01.md","CO","f547f8f12dd5d26f81ac115f425cbc16b0e91cf3d6333c2584c99087107c80f3","717436d885203f54fb9fd62d8499ff93f28f4e87ff71bc4224d5c33e07635f38","1","0"
"_待确认\27_王道408\02 - CO\07 - 输入\输出系统\1-MCQ\CO-C07-72-M01.md","CO","11c19427be4bd4ed35b66b8f8a30af4eddbcf8d3120bb50631f9a5e024116f0c","a196a9e57c46cc2f34219a0ba66bc3da9592a868126285cc49cde4ba4d5fd439","1","0"
"_待确认\27_王道408\02 - CO\07 - 输入\输出系统\1-MCQ\CO-C07-72-M02.md","CO","04c30698b5929012b6d1254b594a09dfb36ab1806d9cc4598c0b2b3f89e1c0a2","d397541d0af4dcc53c3c38297251ad77f136679c159dc4f3a677fc3e839497e9","1","0"
"_待确认\27_王道408\02 - CO\07 - 输入\输出系统\1-MCQ\CO-C07-72-M03.md","CO","122fc7c0a8bc7566eba8c32c0c9aaf6c761d8257e279aec43d3203a9ca28ffda","9ee65e72c1f4ff3ac05847e986b8a9f2e65458f359a1a7a58fa6b71b75453d2d","1","0"
"_待确认\27_王道408\02 - CO\07 - 输入\输出系统\1-MCQ\CO-C07-72-M04.md","CO","7c635c0776400e0fd8e1d2aa7b25c5a0df7d6e8f501d87ac8ede9968fcb382f6","a9b6182db96c70a96739de334db7a49c95e51ab3deefb6c5caa3d6b7bdb0e4c7","1","0"
"_待确认\27_王道408\02 - CO\07 - 输入\输出系统\1-MCQ\CO-C07-72-M05.md","CO","7b6a0a74ad1357b4a9ae5665752ec27c7811ae5d1ba1fc1ea4dd23bfdc02d0f2","e7e150193af4c7f50c72c8ae0eed392d75fa6d36bbc3bbbf92825c55510b30af","1","0"
"_待确认\27_王道408\02 - CO\07 - 输入\输出系统\1-MCQ\CO-C07-72-M06.md","CO","941c3a0fe6b6f9833a0138c0cb99a666a73df761c322c05f78f3ef37e3c98c93","59623595d6be1936687f0359c8ed683cd7aed4fadc8146c7f7f7a1c6f80c3c33","1","0"
"_待确认\27_王道408\02 - CO\07 - 输入\输出系统\1-MCQ\CO-C07-72-M07.md","CO","e39ddff33626f47de9cbee7969db5e18f9b3253eb740863a83615df5d94bb62a","7fda8e54f69b931d8dd8a79c184b0c124a8ebcb2210e224c8a786af713769290","1","0"
"_待确认\27_王道408\02 - CO\07 - 输入\输出系统\1-MCQ\CO-C07-72-M08.md","CO","91bf5567d7f412de6bc50ad293ca3de10ceee0a58dc84adcac574128d8f0d675","cd82718e80d705674217cba3d106964e4919f0f8a40aad40b3333168704251cb","1","0"
"_待确认\27_王道408\02 - CO\07 - 输入\输出系统\1-MCQ\CO-C07-72-M09.md","CO","b4379b5143bf25a57f76afe7f4ef2fa532fb5f51421b5c691851e798e121610b","90919fe169a8b63e0aeb205c24763d86469ed5d98256ce48313e17b12fa8853b","1","0"
"_待确认\27_王道408\02 - CO\07 - 输入\输出系统\1-MCQ\CO-C07-72-M11.md","CO","acd291818faf60a1a0e9ad96aa170bdb6805f2a344945aa991254b0e246fb8c2","4ef91be49e690315d43d3537bcda3ee3c91a6c3c4c429362c14d2f0282e25848","1","0"
"_待确认\27_王道408\02 - CO\07 - 输入\输出系统\1-MCQ\CO-C07-72-M12.md","CO","ac7a39a86666a761dc67bec4c3f496e69323ae6223db855dc55b7f82826fe7eb","23a4b19508c9feb599407be18537cf05b9768611c4cd2e365e7866bdc523502d","2","0"
"_待确认\27_王道408\02 - CO\07 - 输入\输出系统\1-MCQ\CO-C07-72-M13.md","CO","7b13d781a7a96c6e96be3beb549733d26b09cafdba6ac316bb772e02015dd863","ddfac532ff614085271cacbae51453d846ff50587ea153fce75f2ea71dbfbb47","1","0"
"_待确认\27_王道408\02 - CO\07 - 输入\输出系统\1-MCQ\CO-C07-72-M14.md","CO","c9866d9e44ffa8dfe2e2ee0364866a83d8b9531bf3ae75e9c31b8d697251bf51","89d508c6d1bdc4a3e09f2c72d379a0f7032eadc0ad14348f13261d60834f7c14","1","0"
"_待确认\27_王道408\02 - CO\07 - 输入\输出系统\1-MCQ\CO-C07-72-M15.md","CO","90dabcab1bcfcabf6434e02f72c5c2ab76580dfc7178ede8d80455d18d01dea5","af6b51ad8ebe618ab96fd613b78cb238ed5442fb17257473f8914441b5b9793d","2","0"
"_待确认\27_王道408\02 - CO\07 - 输入\输出系统\1-MCQ\CO-C07-72-M16.md","CO","7ee49233010e41eb1b0b60e7ecc15bc09a4dec3c76c81f8774ae64c050b8c1ef","5d79f2cb5517dee872ac2a31faaa94688ab4bafecf8bfabea7beec15615bc69a","2","0"
"_待确认\27_王道408\02 - CO\07 - 输入\输出系统\1-MCQ\CO-C07-72-M17.md","CO","11cb59f80228d3da080a6ad0c26a3d94133ab373e9936d74615992fcb8aadd37","d31af9238c3adadebb5c21ca48c26176f87619674e12f8bfb09b1b12b296e0de","2","0"
"_待确认\27_王道408\02 - CO\07 - 输入\输出系统\1-MCQ\CO-C07-73-M04.md","CO","8a8e5bec094ce4f3f87d9617aa5e9f6f78e93b51de5e19b4bb02d4fcf55599a5","ee0e85072bb6eb67d4521aed8cc1611842984b1b04354be5318c42e5c364bfe3","1","0"
"_待确认\27_王道408\02 - CO\07 - 输入\输出系统\1-MCQ\CO-C07-73-M20.md","CO","b557d2b5f380a92f79f02c1e45fc898ba47fae70397bbbba30a9c366ba69bd8f","fa27a8ca64d18e8dceb87bae23515aad0797384f139e56beeccaad32a839a364","1","0"
"_待确认\27_王道408\02 - CO\07 - 输入\输出系统\1-MCQ\CO-C07-73-M21.md","CO","874642f658ebf5cc93e36d5c84c4b2d6bcc9d6fcca944d1a109ae0a46c397275","b85115213c7ae463561c01a0b1bd31bfca7c1436744dbfce07cce01790bfd8f7","2","0"
"_待确认\27_王道408\02 - CO\07 - 输入\输出系统\1-MCQ\CO-C07-73-M23.md","CO","a89b75b4d7c676fb845dafd4c177bf11a86cd5f80b7a2565ac16f95b0ef8b039","78e3873d9c0625ad3002eaca3054bc1af89ac687a02109aa7a11fbeec61f54ad","1","0"
"_待确认\27_王道408\02 - CO\07 - 输入\输出系统\1-MCQ\CO-C07-73-M26.md","CO","fec6d3a77e8c41bd36f714ca874f166a304cfe7af870c22e60f060344fd1f319","efa88cb49158eaaaf5896983c594084e41ebdce89c25c14ee17f8358dd18e495","1","0"
"_待确认\27_王道408\02 - CO\07 - 输入\输出系统\1-MCQ\CO-C07-73-M30.md","CO","a325bf1b6bbf89310591db107aff5a30bc53751d4a2c7a62d1138f8baff946eb","75b76899aba5739d470d3e3f1ef56409fa7fad0539d89655d6dd7a51bc62197f","1","0"
"_待确认\27_王道408\02 - CO\07 - 输入\输出系统\1-MCQ\CO-C07-73-M31.md","CO","bddc7c104653fab5311f53d81fd14d63f5cf42f572e0d0f23106658a57c3e285","800029afc4c64198e0a849a93961bd2de83f440632c04c082f7f77a0c3c5b7f7","2","0"
"_待确认\27_王道408\02 - CO\07 - 输入\输出系统\1-MCQ\CO-C07-73-M32.md","CO","9a25b9b90962630d3d2d992a382c2f04e1ff5536720dd9e67408b5717eadb200","9b01458808bd3d0ca129747971eb7ec57c56df06c6081e6d19cba825a4bb8afc","1","0"
"_待确认\27_王道408\02 - CO\07 - 输入\输出系统\1-MCQ\CO-C07-73-M38.md","CO","b7777b759dbea6ce07512d60f8fcd786226ccc544a1233aad123c8da4339046e","5037d8e5d2dd293bfa0d9429b0eb313e1f850b122a061c750d57e26656c0e25e","2","0"
"_待确认\27_王道408\02 - CO\07 - 输入\输出系统\1-MCQ\CO-C07-73-M39.md","CO","c476a957e2bb9d6db766b26a01c246b5d75777bb4223882e78da27cdade024c2","ea6f591df6cc09f1684d61ff05fef1d222f3239f94f08a8ee14edf5ae22a70e7","1","0"
"_待确认\27_王道408\02 - CO\07 - 输入\输出系统\1-MCQ\CO-C07-73-M40.md","CO","c99df52b7894318adf68580a0e4718fd96807054c3a2f120d4811fbc84260b2c","17d4a355e4ceba4179e679969d854c3e4c10bbc3f85534ca09f57832f0161955","2","0"
"_待确认\27_王道408\02 - CO\07 - 输入\输出系统\1-MCQ\CO-C07-73-M49.md","CO","9565535fd7adb39c33ba4a2a02e47c507cbe7233c1ec0be095a23d296259a6da","b94822b5c24d9e6e7a794381507fb711df0cec6282ad778df6d06d0f62de03c0","1","0"
"_待确认\27_王道408\02 - CO\07 - 输入\输出系统\1-MCQ\CO-C07-73-M51.md","CO","dd816fa64038ea44dc33f0de46d4f84a3371a0798eaa7eb3ecd3dde3afd7a82c","f3120deaa875e7abac48c0a12b8efa1340062388c1279ff3f3c8e4bf2a0b5e51","2","0"
"_待确认\27_王道408\02 - CO\07 - 输入\输出系统\1-MCQ\CO-C07-73-M54.md","CO","0c22dbd5084ab6518b9754381f20e518a7e7ac71248e46ea083beff778e61bac","3a46510cfe0312abf0583cfc63bb3e177bfd9774217b1beab28651094032d4dd","1","0"
"_待确认\27_王道408\02 - CO\07 - 输入\输出系统\1-MCQ\CO-C07-73-M55.md","CO","e64e0cab4e152c71c551574a3ccd803a824255d3279c060985274e055d1ddc9b","3c7d4ce357ff24d12c1ee1914edd3b4c29c172b6a1f11127abea499a45534d34","1","0"
"_待确认\27_王道408\02 - CO\07 - 输入\输出系统\3-FRQ\CO-C07-73-F02.md","CO","3764e7a4a9077ed7b686aed72acf352be7e6430823e77db68e59f298c7626951","5bb205dc57264d0897f7370301cce4ca51a91999553c7d04d4a8baf6bf64c5b4","1","0"
"_待确认\27_王道408\02 - CO\07 - 输入\输出系统\3-FRQ\CO-C07-73-F03.md","CO","66f6fa14f961fc11525e01cc779f4dfa89300594606858f6f770d648628cf0e2","15d3eae4d592022ba3d12bd7805319d17e0f491aa0663bc030a6aed9c744e923","1","0"
"_待确认\27_王道408\02 - CO\07 - 输入\输出系统\3-FRQ\CO-C07-73-F05.md","CO","fb78f468570e788e75129b0ac865e19146fcb12dba1e4082c2a9e45dca0a156c","96e1908ad4233d335cee65ccb5cb7c65fb165561a690f7ae82bc91582f99fb3d","1","0"
"_待确认\27_王道408\02 - CO\07 - 输入\输出系统\3-FRQ\CO-C07-73-F06.md","CO","980c66113f9b60cd3b50df81fb806f89e3fe2308adb4341cc448078068fc466e","1b75993450fec04a8ff2837243d51b65cfb4d10ecfac6dc2cfd05b99b83efe65","1","0"
"_待确认\27_王道408\02 - CO\07 - 输入\输出系统\3-FRQ\CO-C07-73-F08.md","CO","5fd48f4d4ab482b754f5e195305d4d8d3f8d1092877c9f7b39e01a40a3df0d6f","db7ab16e1fccc56c6ad5aec567ce46fb4d1d4e004f05e6ac40ae00fa96524f35","1","0"
"_待确认\27_王道408\02 - CO\07 - 输入\输出系统\3-FRQ\CO-C07-73-F10.md","CO","a0a33052b0c1d9955299d7036343fae030ca3528b735dddbdd5125ca1a985328","adc2ebc94b55f5af78f55d3a79daa5ed88fe787031bf1ab4d88d1e08da36fda3","2","0"
"_待确认\27_王道408\03 - OS\1-MCQ\WDOS-2027-MCQ-C01-S01-Q006.md","OS","6c125e898b47d2a44d5948f2b80fcc22f196eafd5d960ad572f7f552f2c44140","5c243c92327372db96f15a4efb8955cc13e18afe836514220490b7a12b3152a0","1","0"
"_待确认\27_王道408\03 - OS\1-MCQ\WDOS-2027-MCQ-C01-S01-Q010.md","OS","99f22f12514612351d75a8ef1fe79a7f2bf3cf32a794afc189be7594d3654448","48497ed62af96bad23678466f99ea257220a5848aad5b2996c06ad05526c5366","1","0"
"_待确认\27_王道408\03 - OS\1-MCQ\WDOS-2027-MCQ-C01-S02-Q001.md","OS","48524087b98e1c03b8da9d95946530b41b209af85335b8e2548f0dd0b70227a7","7c392b4c7f46cd313a61744b10a46bbb6f7911f7df4b0994ae9683ddad917acb","1","0"
"_待确认\27_王道408\03 - OS\1-MCQ\WDOS-2027-MCQ-C01-S02-Q018.md","OS","3833583b98c9286313e243b059aba1aea1ca190185a73cbdaf8cd3c1d25dda72","be35e19aca8e558f61d21f5edeffd4aa1ebdc3364fa4cb289e26a11cc696b6b5","1","0"
"_待确认\27_王道408\03 - OS\1-MCQ\WDOS-2027-MCQ-C01-S03-Q010.md","OS","bc90d93ce7d4ea249b56b7dfa8fc2f8c46e5fb1bde0db2960310c0469109e077","13043ae2d30ed9dce4ee0694c38af8cda5d201f0fae96ec953369c1c4c60a083","2","0"
"_待确认\27_王道408\03 - OS\1-MCQ\WDOS-2027-MCQ-C01-S03-Q016.md","OS","c77173979b91d3a8175a591a9651ffcd310db5f90d53c539ac7cbf6d5654cfe6","33fda8e74bec1de603b7fab507030b0dc88767e43c0a02b09ba45f22553fadde","1","0"
"_待确认\27_王道408\03 - OS\1-MCQ\WDOS-2027-MCQ-C01-S03-Q017.md","OS","6798aece7249d02141ab0d1f5685b7d198c89d1e7e66dc111a22b68a31a497dc","2c0bb8fbfce5f75da5dd3fbcc53ea892b7f7f855b1965bcee166d41a99a18296","1","0"
"_待确认\27_王道408\03 - OS\1-MCQ\WDOS-2027-MCQ-C01-S03-Q028.md","OS","126bf3a994b32265f3a906a09643e06afe7dc70ce72cb313f26a3c68f8dea33d","a4c2931d518386f14adfc9eea7d6d04283ecb72a7a2747b30e01a4b5c94dd965","1","0"
"_待确认\27_王道408\03 - OS\1-MCQ\WDOS-2027-MCQ-C01-S03-Q029.md","OS","04040b16164660e1e36c2e534c3577b046691bfd3cb27a2ab883065b09434f03","e7849999a709b3961e06eac071b31d97d87a90549567e2976809d4fa0b043bba","1","0"
"_待确认\27_王道408\03 - OS\1-MCQ\WDOS-2027-MCQ-C01-S06-Q005.md","OS","40c92de5f36577d3b0eb25d756cc1f07a3613d8c99f56d39d4f9f5af73f18eff","140ae6c94a92cd50a077434ded02c249a9a1eebee14cdbe3a23ba914a5071f17","1","0"
"_待确认\27_王道408\03 - OS\1-MCQ\WDOS-2027-MCQ-C01-S06-Q010.md","OS","c78623a7eafdf70b9da40478c4f44bc8bd8ed6ed2f211deff469667556100cb1","cded4330ef519e9d629ab0248169d23a19cb12b16c69e41e95b8b4089a20550b","1","0"
"_待确认\27_王道408\03 - OS\1-MCQ\WDOS-2027-MCQ-C02-S01-Q001.md","OS","a5fda2a0ea68aa14cf32b0d1a803f67ce5ef686423f420f33187ee46e11c2673","05ebc81906475b1346b94857607b54de52b67fb7fa34f9e96e7c9dd540fba12f","1","0"
"_待确认\27_王道408\03 - OS\1-MCQ\WDOS-2027-MCQ-C02-S01-Q004.md","OS","b6acba45823acf0278219ef19c38691567e98d4fff7efa254a53eb5784201bdd","a9979610a4cd9361cd0a65dd12fcffcf09c8b553bc8503e9071c99391256bf02","1","0"
"_待确认\27_王道408\03 - OS\1-MCQ\WDOS-2027-MCQ-C02-S01-Q008.md","OS","cdb968ef73b7dea52f6aaabf8a01b001ec09130865e4c20e6bea8a90fcd7b427","b69a951a06a68c2e05eca6b71c6a924c315f60375353a0828c6ef5f274500e92","2","0"
"_待确认\27_王道408\03 - OS\1-MCQ\WDOS-2027-MCQ-C02-S01-Q010.md","OS","39e1e6f08d150f75f9de95a03881961ca008a4ae8d9a6271784054939b00f572","0f1a59678668a396227328eb8d100413c16dd6d8dd4aec5854375d93303e69da","1","0"
"_待确认\27_王道408\03 - OS\1-MCQ\WDOS-2027-MCQ-C02-S01-Q011.md","OS","b6178a27fd9790e10c7ce6b9d9141734d8f90f97c951ece7f7e19017bb95731b","0f990ad9ccf6423ca9385a89baf5d1b9cc3f0ec4149a6f8b5a138869a0989b92","1","1"
"_待确认\27_王道408\03 - OS\1-MCQ\WDOS-2027-MCQ-C02-S01-Q012.md","OS","a5b60f7e18799a0950afcdcd6cd052501eda4f95fc5f7120277514452d372371","45b4860ecbcffa7d24a46c80cbc28d1c7f04102da2ea91b3612170c2f40211fc","1","0"
"_待确认\27_王道408\03 - OS\1-MCQ\WDOS-2027-MCQ-C02-S01-Q015.md","OS","cfcbed814e341961e73373600f68a3ba5f002a0de48a7e396a32f4757f972be1","eb83a9264da421b4848dd33ed289ce4183d19d41b4fb69baf03ad8b4cddf6959","1","0"
"_待确认\27_王道408\03 - OS\1-MCQ\WDOS-2027-MCQ-C02-S01-Q022.md","OS","1e469d3ee61e894883489fc5c3c2193cdbe23f6788689799d869c03e55c52b59","e7e569cbb36f87507279acb7ad8910a986f53b23ac4573df82ff7c250bdc6517","1","0"
"_待确认\27_王道408\03 - OS\1-MCQ\WDOS-2027-MCQ-C02-S01-Q023.md","OS","7f4bf9b1d6d53402e3ca4dac678f46503ced57b449fd431cecf6e28ab1f956c1","d7592d6d5e6c2f63da08adc1e80030c6ee177e28a6cb57cf26522a44ffc66a8a","1","0"
"_待确认\27_王道408\03 - OS\1-MCQ\WDOS-2027-MCQ-C02-S01-Q026.md","OS","04f020383d2443b5714815cb783710105596a6573e2badbcf97515bb5850c07d","c308167274fab0a4c48778deb7b7fb248104e3cd38ea3cc8fd8da03750918cbc","1","0"
"_待确认\27_王道408\03 - OS\1-MCQ\WDOS-2027-MCQ-C02-S01-Q044.md","OS","6ee22456b5a3f924d1ed7a9b55825101882e9b53f1d561865731b22a7628fb51","d8aa04d057b8f6effd3acfb9c1f093e0d15a0c8db7bd57537f43667c2323cb23","1","0"
"_待确认\27_王道408\03 - OS\1-MCQ\WDOS-2027-MCQ-C02-S01-Q046.md","OS","f85472116607266d46387178387a1bf822d9e525ba16da7c9fd3a4ea5746327d","3a802fe4ba56bc18c2c7b8e685111dab8e69751791b6570a5790c551e88a80b9","1","0"
"_待确认\27_王道408\03 - OS\1-MCQ\WDOS-2027-MCQ-C02-S01-Q047.md","OS","000dbdf14a92295da6f51ce223a5dc2189eb8e5813afc829e761ecca0f4a07a3","b6a34d8cd111deb63cce8c6d5f40670ca629dd2d30f324af0751fdafd954248e","1","0"
"_待确认\27_王道408\03 - OS\1-MCQ\WDOS-2027-MCQ-C02-S01-Q061.md","OS","9113b6713e074e8d1c78d70c0e9a177e72a79caa63b03faeda32bed06c655378","02ceddaeed893e9cef686011da242cd94cb998bd07d6c7a9798f76610f5765f4","1","0"
"_待确认\27_王道408\03 - OS\1-MCQ\WDOS-2027-MCQ-C02-S01-Q063.md","OS","3745f49fb1ca7dc654e0932ed9e30ee14913d4dd6d7ac0f3101b58c70495b1d9","b52dccdc4480b025b6b88d59cb3e9944bd5d93623e997eae878f04b1ee6c6490","1","0"
"_待确认\27_王道408\03 - OS\1-MCQ\WDOS-2027-MCQ-C02-S01-Q065.md","OS","607075d949b6d086b07b00438e3975c2b14a506f3f18893b95ea6e2fe545cda7","6dd3a025daf73e65c74ae7ffd728a8852342106e34af90e89ab97f722c6f2216","1","0"
"_待确认\27_王道408\03 - OS\1-MCQ\WDOS-2027-MCQ-C02-S01-Q069.md","OS","1f5752f82a8b9809cc76b3d11957f3cf2d42e3e76f10aa107d3cfa78052ea380","2a86a81b35f1c9677f863939239b0794a8ef75491a4dd6e56f029e8a31caa367","1","0"
"_待确认\27_王道408\03 - OS\1-MCQ\WDOS-2027-MCQ-C02-S02-Q001.md","OS","1a3274aafbf93a39338f07f12b5cc7c9319e230978bcb229dcb02c477189f97e","49f95cf599bc25a1ab7261ddf18131db8e518c6df894e5c1320d775e49f94cd4","2","1"
"_待确认\27_王道408\03 - OS\1-MCQ\WDOS-2027-MCQ-C02-S02-Q004.md","OS","a307bd34ec786e5b134f4e3f21932c41888c38984a12c7c3814b9aae4c04c822","fe830eb2825e7eb0789bf2bf71a35ac22895540f0fd9183a1ebd775b599ab197","1","1"
"_待确认\27_王道408\03 - OS\1-MCQ\WDOS-2027-MCQ-C02-S02-Q005.md","OS","0305a145e9d9831b5e6fb7d37d485e4199f76ebae4d71a752ab0e390f2442e9f","38294e684398e5fd0f06063682f787d0d3a060ea416ebe65a05d20f8d32d4a7e","1","1"
"_待确认\27_王道408\03 - OS\1-MCQ\WDOS-2027-MCQ-C02-S02-Q006.md","OS","4b5bac2041674f46f11fbfdd546d198cc3dea34978d912082d28d7f712b34651","21c87661e0a31ddb7a273f62a67a5e2e6bec6d2087ff2631eb191a05a291b044","1","1"
"_待确认\27_王道408\03 - OS\1-MCQ\WDOS-2027-MCQ-C02-S02-Q012.md","OS","686802285afd067bf882e870feda376f499a1a0701d8439aeb0513f5c97b0c2c","9b749b60eac35308bb8a361ee7613356032d027dc4757cd7ebab5868803fe7e6","1","1"
"_待确认\27_王道408\03 - OS\1-MCQ\WDOS-2027-MCQ-C02-S02-Q013.md","OS","7232daeef0f90bc512997cd32d0e05bffc5b66ddfed4c5116fc2076e03210b80","1fe40fa51361ff0f402b8552a43ac37d1ba60b17a0c46c5d0837b75111addfea","1","1"
"_待确认\27_王道408\03 - OS\1-MCQ\WDOS-2027-MCQ-C02-S02-Q017.md","OS","bcdac6927be0544b1d3088b0081229f2168942d749b566f776d6f6124d8350ef","82afe5b0eef4f341ef3ea56ded9583218e6b991c275fdc94c569ee1126dfce90","1","1"
"_待确认\27_王道408\03 - OS\1-MCQ\WDOS-2027-MCQ-C02-S02-Q022.md","OS","ecaccf18c823b47e9326e2a6099af5b0d51e188e5734de02d0af9f5c63a07309","ee4dbacde433707c434331559da4f9739c3797fd44a6536671a1cebcbf03d872","2","1"
"_待确认\27_王道408\03 - OS\1-MCQ\WDOS-2027-MCQ-C02-S02-Q024.md","OS","0e70e66652f6526706db48c8aaf58f30591128a9e44ef3835a021e1bab2c9e7f","9d6fcd658a42b6dbc60b33f5cf9daa9ba445b00d148a99080d27ac1707c1ae97","1","1"
"_待确认\27_王道408\03 - OS\1-MCQ\WDOS-2027-MCQ-C02-S02-Q025.md","OS","b7f67a1d39978e57a2d75c9997d35ebdf688b7ce9f12a33ef2100c6302957814","6422b83db11dac4108448f46645549e99d8f8fd359651c8aad127f2b2988f898","1","1"
"_待确认\27_王道408\03 - OS\1-MCQ\WDOS-2027-MCQ-C02-S02-Q028.md","OS","d955cc63e2a9419bc3fb06a6bcfa64d57f467a16ddc17f1b0eae5febef9d8491","edc44948abe4b053d016f8b2151aa6e7154fd1c0ecf0c2694855f1b46ec4d5dd","1","1"
"_待确认\27_王道408\03 - OS\1-MCQ\WDOS-2027-MCQ-C02-S02-Q029.md","OS","ee68381f8f207204a74906121ec94ee14c9d5c3e690f28c70b6db5600ce72ea6","378409944007c9a2fe4dcf55687df5d7b802123b288d0014c921d60f689a28e9","1","1"
"_待确认\27_王道408\03 - OS\1-MCQ\WDOS-2027-MCQ-C02-S02-Q030.md","OS","31f928c07cee4245adf0364534430f21f309f7588d84855bf0fce5e77fbd92dc","1ea4bcdd9aec1cf765a369124a88bb1ad05183bda2a48b024209ffdfb9034615","1","1"
"_待确认\27_王道408\03 - OS\1-MCQ\WDOS-2027-MCQ-C02-S02-Q031.md","OS","3e26ca084edf79d35720a2734b6f7cdee1785f294b1eaad39576cffa25245689","224c05f11aba5bad1bbe90744b0fd072865688a7ac59cc1564f2d2e92199ea92","1","1"
"_待确认\27_王道408\03 - OS\1-MCQ\WDOS-2027-MCQ-C02-S02-Q032.md","OS","75cb76d16dcd66dfc594d4566e5d19311b059f90148fc226cfd53e3a49048977","7373583a1a1006876b1ea3f547f125c690895063d77402790e3e9757aa80d2e2","1","1"
"_待确认\27_王道408\03 - OS\1-MCQ\WDOS-2027-MCQ-C02-S02-Q033.md","OS","89cc43ddf585b8af88384f3ea8c7638665f137b31db040c67cfcf20a39da83c2","faeaa43c37a8e3955bbbba6f2fd708e3971d630f81e60f7123ab563b54d18831","1","1"
"_待确认\27_王道408\03 - OS\1-MCQ\WDOS-2027-MCQ-C02-S02-Q035.md","OS","2bff31af6380c19ce3aa8fbd4bdaa19eca37ff5b52c806c1cb8118e4583ac985","44f51cbddcc2971fbb09ec93d4f8f6b6ea9893524d13b226b94e18df4a592cbf","1","1"
"_待确认\27_王道408\03 - OS\1-MCQ\WDOS-2027-MCQ-C02-S02-Q037.md","OS","1a9970910af6645846cf002a81ccc7c1677926ab66a8fb8929b5b475f2058a07","a6f8446a89c5d4baf04b56cb7cfbbd218cca34d4b348ca33f76d202ac23f811e","1","1"
"_待确认\27_王道408\03 - OS\1-MCQ\WDOS-2027-MCQ-C02-S02-Q038.md","OS","87d5c93d7822417c350cc5182838bf5a4eec5315adf89523cafe104037a9dc7a","85b713fee27fc667ef9903066ddb50171e4b3c6148328877b49a9f1c4b89df9e","1","0"
"_待确认\27_王道408\03 - OS\1-MCQ\WDOS-2027-MCQ-C02-S02-Q040.md","OS","869b591a6d483f4b228b2c66afdd5497762a0b59a3aef66925f9a3f1a88e7939","39365e4aa34ad64eac972a473410b2a440ab74ff6f4f5d9e057a1d503e47b7b8","1","0"
"_待确认\27_王道408\03 - OS\1-MCQ\WDOS-2027-MCQ-C02-S02-Q050.md","OS","9f7a5f7236fffaecb275187c7724552f835725d0f750bc7773922506e34510d1","f3058326be009761c6577d6bc7bbbbb097a42df4c7e9f2fe134c7d769553a2be","1","0"
"_待确认\27_王道408\03 - OS\1-MCQ\WDOS-2027-MCQ-C02-S02-Q056.md","OS","bb30579f7f3eb3c870f0fbf03b3c4b2ff120e09bda6793998c34c8ca9f564d47","4121377343886f9bd0e7a0e693037b0f765a1f7a29d264bd5bda61efc1ee6033","1","1"
"_待确认\27_王道408\03 - OS\1-MCQ\WDOS-2027-MCQ-C02-S03-Q004.md","OS","6121b74c413171425c5cee9f3b2da95a49f8c2202f057805126d01dceeaefb08","16eebf65093eda3521fc94c790c68dfd8d62519bddcc396be4c4e2270399b40c","2","0"
"_待确认\27_王道408\03 - OS\1-MCQ\WDOS-2027-MCQ-C02-S03-Q018.md","OS","19d01f34bec9ae2e8d94d9290414f03792e3dd2eb4fc86089ca4bef75a4ade0e","d71d66975694cb64fbc0a22fb3710f07f423d9ca21cf5c065ead0ffc13cd7ee6","1","1"
"_待确认\27_王道408\03 - OS\1-MCQ\WDOS-2027-MCQ-C02-S03-Q023.md","OS","4b7df79c160cf181c98c9bd1e3ee9e244d462774d1b48b69656cedbea876092d","33107b62230ecf7ec97eb34e8c4b202e9ca589e67b23cd3d9704990c464f81db","1","1"
"_待确认\27_王道408\03 - OS\1-MCQ\WDOS-2027-MCQ-C02-S03-Q039.md","OS","071ffd396b08fb37fd72a757077355372676b4464c3e1cfb6b3914757c002629","bb1017460316a5819bb4fbd072b3a552e6e69dee834af1387238f71ae1f497e8","1","1"
"_待确认\27_王道408\03 - OS\1-MCQ\WDOS-2027-MCQ-C02-S04-Q023.md","OS","379104e5a9484e89a1b83d32d340e828f8e26a83cffd51845b6b94ae5bac718f","09d54a55ff9020b3682c78f0535b281ee1a39edf466a7b509a6fd19c996d5f81","1","1"
"_待确认\27_王道408\03 - OS\1-MCQ\WDOS-2027-MCQ-C03-S01-Q004.md","OS","7540ff7453222cd48d1dac266f1d410e7513ec7921a2e2551208409c31ac5fb3","b69f59c4fd2489b7122ffb0198097c465bc9ddeb06c38db459a261eacb614808","1","0"
"_待确认\27_王道408\03 - OS\1-MCQ\WDOS-2027-MCQ-C03-S01-Q009.md","OS","7d23495a5e0a2cb9cac950919ef2fad2a0e0e8f2e2b5216a18a7f63d5ef64eb8","e122c140af1a428323cbca653df6af9234820f4d340630a28c3373c5fbaebfb8","1","0"
"_待确认\27_王道408\03 - OS\1-MCQ\WDOS-2027-MCQ-C03-S01-Q010.md","OS","d73ccaf0bd0f396c455b6a9ca8bd30d4a909d308fe2efa6ccd6b6f921135ce59","9a80401f91c62ff408b28d6f68631b95dd96971cde8659a7ad60fcdd887e304f","1","0"
"_待确认\27_王道408\03 - OS\1-MCQ\WDOS-2027-MCQ-C03-S01-Q011.md","OS","1d57c21d93768928cfae4de7fd3cd2b523670b34da649c1d96abd70ac5a2931c","8e2a617fea3b1ce449bfc190d2dd81be83c901d3c99b3bd5fffef4f15a8e3049","1","0"
"_待确认\27_王道408\03 - OS\1-MCQ\WDOS-2027-MCQ-C03-S01-Q014.md","OS","bc5eb7ab9be1d164e11e140b3e95ff9e9a21c188b395b8a103162b7a6fed1fb2","a64e9013d3d6417fe97b683c60e970de4ff93b9d3b5fad200defa8137f0e8e3d","1","0"
"_待确认\27_王道408\03 - OS\1-MCQ\WDOS-2027-MCQ-C03-S01-Q016.md","OS","aa3478fe5e7419b14c5e558c112476306f2d3b0c6014d814a89b643f15b04e16","0ab6157aac23f27f67d1cfe12a83228eef08a34b0051e211817e97e9c4ed104b","1","0"
"_待确认\27_王道408\03 - OS\1-MCQ\WDOS-2027-MCQ-C03-S01-Q018.md","OS","b566b5ca1b48ba9b762a2b62f94d743ef7d0d5cb33f90ef82c8d34372fc79b6c","66f84241caf9d75b961714d44b857a458b8d467049d5f69d17fac292b5ef9619","1","0"
"_待确认\27_王道408\03 - OS\1-MCQ\WDOS-2027-MCQ-C03-S01-Q024.md","OS","4d50574a5078fc8731a1b47c9c1c66af9925fe8a327999cf44b8be7733c7315c","50e3587b7c2932d78bc3faa689ae69d824e00d43ba3be5a93e30367e7db0eb13","1","0"
"_待确认\27_王道408\03 - OS\1-MCQ\WDOS-2027-MCQ-C03-S01-Q025.md","OS","816333a17e0349065dccb7470e3573ddce1f17244f7fba80be15c7b7faaedd10","8d90757c369047a56d3782d7bf2adf1e1268fee76c8c2679192ab3b66468c59d","2","0"
"_待确认\27_王道408\03 - OS\1-MCQ\WDOS-2027-MCQ-C03-S01-Q026.md","OS","614ed3ec1e986b14ce3b3ce104f76ed7ea913a3a456c2838d00d434d3df1b001","9c253f916580eb74cf347507fa4ed28a93115215a6a9a1f17cff22072a9061d7","1","0"
"_待确认\27_王道408\03 - OS\1-MCQ\WDOS-2027-MCQ-C03-S01-Q027.md","OS","23ec9ad10057b6b60273cd48e08ef6e67c3c52c53d0743698691cb04d5a4b8b7","3e3df29bf7d08c40d7fe573dbcf2ab12efbb08ab834da08b23bb7ed6e45fc64d","1","0"
"_待确认\27_王道408\03 - OS\1-MCQ\WDOS-2027-MCQ-C03-S01-Q030.md","OS","c78fb4f1c1b5e5e69c1af94780ce2f56cc67e835e57ec34995de4e25d92fa122","e4475a7b7fe90d0b81b688a9cc62f71530a213ee722cf2faf607ae898c41fc2c","1","0"
"_待确认\27_王道408\03 - OS\1-MCQ\WDOS-2027-MCQ-C03-S01-Q031.md","OS","4e564f75ba11f3b5a58e161d815634a4f546a80152a70f9f34001cb5ebac3ab0","fa25b3cdc69cb6517b919e46379dec7863a10e7007ccf322817603a9adbb9e90","1","0"
"_待确认\27_王道408\03 - OS\1-MCQ\WDOS-2027-MCQ-C03-S01-Q032.md","OS","a57d9f9c1c225289357cbe2e616a45075ab0c00967e85b8c2d3758a1f4ed2a17","0b6314783765cb07616dbb8788c1cddf890d0751ff4847726fc1c993c14acd2f","1","0"
"_待确认\27_王道408\03 - OS\1-MCQ\WDOS-2027-MCQ-C03-S01-Q033.md","OS","0a268d0c49255d1aeccc74e79719f8ff81166cced43546997fbeb8a2b04439f5","031a82410c2aac2b6d8e2cf0ec2589a104d39de7df8dfc9239ee758521c05162","1","1"
"_待确认\27_王道408\03 - OS\1-MCQ\WDOS-2027-MCQ-C03-S01-Q035.md","OS","edcae923110bf10442b2a45b50e40f0e47359c303c8738335039af0f3e5d5254","347bce72810362b54427aff132d2a0e1e95b166425d84a296072f5aa90e6cf57","1","1"
"_待确认\27_王道408\03 - OS\1-MCQ\WDOS-2027-MCQ-C03-S01-Q036.md","OS","83cb5dc87f14192bd0eee4bab93664a25ab98e470444b37d1dece616f55092b6","80be69aea146257ceb92908c4eaba7b1801586195c7a7c0c4deda5b67657ea45","1","0"
"_待确认\27_王道408\03 - OS\1-MCQ\WDOS-2027-MCQ-C03-S01-Q037.md","OS","586fd7fed62e3ccefb6f7be83d61828d0b0d0da34d3614613a164cc591c44bca","001e8f83047c4b170c6492ff42d29062c80272cb42462c2a8cf41a0c4a34920d","1","1"
"_待确认\27_王道408\03 - OS\1-MCQ\WDOS-2027-MCQ-C03-S01-Q038.md","OS","02673138efaf43e4445c003b368d9bf8b4b67f5e3a9d9ae0985acb5bafc61677","f69125718abb5a261264d4f5f1232af19a5e920754d49e86dd008cdb51509960","1","0"
"_待确认\27_王道408\03 - OS\1-MCQ\WDOS-2027-MCQ-C03-S01-Q039.md","OS","29c1be6f3a8975ef49dba427f9cd53d13852fe439027fb5f45f6f38b27060938","a094611d97065178922dfaa7f49c1dd79afb1f9caba8712679c0d7a10a125b69","2","0"
"_待确认\27_王道408\03 - OS\1-MCQ\WDOS-2027-MCQ-C03-S01-Q040.md","OS","a7a38ae38331043d1a3ebe66d747454ac82d4e814841703f2b067f610d3e5326","b0e5d07df8513a0166c8b0991741619e33b2930867e459b8a821d838a45e2d8b","1","0"
"_待确认\27_王道408\03 - OS\1-MCQ\WDOS-2027-MCQ-C03-S01-Q041.md","OS","470f3d480e853aaf4d947e97d10958488838e1091efbee91311360a06afff00a","91fa92443b1078f1288c99e22617b7ea81657294ad535421995efd1d345efa09","1","0"
"_待确认\27_王道408\03 - OS\1-MCQ\WDOS-2027-MCQ-C03-S01-Q045.md","OS","1695e203701d2507382530315bfdfc38c8d845fba298cfbc5006754762b0ed23","4449c3971490ec0b42e631f290220e6e03f163bf76f61577d8a7774f24ed5f28","1","1"
"_待确认\27_王道408\03 - OS\1-MCQ\WDOS-2027-MCQ-C03-S01-Q048.md","OS","3063c966c2f89a3103083835e67fc9e29c4d15219a7cc843bc4449af4423b71a","be71ba76692ba74c341bd897431f70b7d06a71f1cef17b085992b9e2f9d0a7bc","1","0"
"_待确认\27_王道408\03 - OS\1-MCQ\WDOS-2027-MCQ-C03-S01-Q050.md","OS","ca157bf5d7e88206a7668d4388fbf63626d179d96843e25fe5043a207582de7a","58bedaff856c2ba423b28e2dea3a38ecaec886db4486d2c2b397de772dee6f16","1","0"
"_待确认\27_王道408\03 - OS\1-MCQ\WDOS-2027-MCQ-C03-S01-Q053.md","OS","2d5e87ca585f9333eaa0946ea6935d8bc76d926874d88cbc7f4bca0d072d2754","92306c6c1f3223b080309f22d579be0264e44f94cfca08a43883a4801c81dab4","1","0"
"_待确认\27_王道408\03 - OS\1-MCQ\WDOS-2027-MCQ-C03-S01-Q055.md","OS","37145898316eacb2d67f227142524125108a5dd5429cf0669649e3c7c93d623a","e8223642859197005da4c330b5b378378ed80ee0742bce457bfe84fdcce91915","1","0"
"_待确认\27_王道408\03 - OS\1-MCQ\WDOS-2027-MCQ-C03-S01-Q063.md","OS","5b0735e8b2f70dced7476d72c8c7414113226d20142d5db962590c595e7cbb40","1b846119583fa09c3421c73f3d1368beff58559802fc72223eb4650d25e4d224","1","0"
"_待确认\27_王道408\03 - OS\1-MCQ\WDOS-2027-MCQ-C03-S01-Q064.md","OS","c15d3e86739ce7205d57d27101375075eee635eb16338bba2f3bc47e30bffacf","91f83d40ca7a28f552be755614dc457bd7b60764091d10b095ba3b3802731db8","1","0"
"_待确认\27_王道408\03 - OS\1-MCQ\WDOS-2027-MCQ-C03-S01-Q065.md","OS","04bbd686c902cc03398285fbde97c0a24d7b0702deda2b8e1c531c9c49ecfa91","6646fb5d5bc64384822a3d4ccb2a38f0f6bcb3547f96150f91fe6f58333cae6c","1","0"
"_待确认\27_王道408\03 - OS\1-MCQ\WDOS-2027-MCQ-C03-S01-Q070.md","OS","8c2fc3170dd27a128d3db2a969dca72c2ec5e4c39603845320f45e0296116695","ea367910e70d4eb3801cf63eee0517aef35d480bf433faa5038e5572394baa38","1","1"
"_待确认\27_王道408\03 - OS\1-MCQ\WDOS-2027-MCQ-C03-S02-Q003.md","OS","dcfc55f43b2cf9f979407f901b9230221160324aa3153ecf1a831fcb8a794b02","93ef81ad35c5250f5a9ce3a7fe6bbb6d33f07cb8d0c166494b28d9ff83455bd7","1","0"
"_待确认\27_王道408\03 - OS\1-MCQ\WDOS-2027-MCQ-C03-S02-Q004.md","OS","f07e117942717c16943b58f0d689ff65272535fc26b40816924fc1b8cc8789d0","ae52808ad69a482310fc4d9925ab1155222132b5a7c4a0adbd68e479faadf156","1","1"
"_待确认\27_王道408\03 - OS\1-MCQ\WDOS-2027-MCQ-C03-S02-Q005.md","OS","b6112258fde05cc5c054cdf617d34fec7eb28f0f4a71c6256669a87ed353beae","8b46f7ca428ec93d79bac03d267b7dd9899824e9275595bb0ae9537f7cc668b1","1","1"
"_待确认\27_王道408\03 - OS\1-MCQ\WDOS-2027-MCQ-C03-S02-Q007.md","OS","bb694b0d7cd3626b7de6de9f4c0b8ac68058526256f1392d5f6f90540ecc3e72","11a84f8b5cc3e963cb8e913913fd997ee6f4188ccf3414af606a9909a6ec1d85","1","1"
"_待确认\27_王道408\03 - OS\1-MCQ\WDOS-2027-MCQ-C03-S02-Q010.md","OS","6f5dc019bf551424c4864668f5eb8d50956ad21a31c72b6060b25ea7fd4fc018","42228ba516a0fc956a88261a09403eee523642703dabf784e42b4ba676940566","1","0"
"_待确认\27_王道408\03 - OS\1-MCQ\WDOS-2027-MCQ-C03-S02-Q011.md","OS","07f669568048cfa5038fe22d5efac29a519b22b7cdce88e874fefd0999342b8f","02a79a0aa327f62d4275ce2f7e38bce1417019aa6e9df7829606fb0ed0ee8f81","1","0"
"_待确认\27_王道408\03 - OS\1-MCQ\WDOS-2027-MCQ-C03-S02-Q012.md","OS","62a55d4659c081c27475582d95f0c1586c8add48b1fa69fca94b4a07319f076a","a2c8300dee4b9ccbbc5d36ccce6efc669241c348598d4c0640031b3d1cbbbd11","1","0"
"_待确认\27_王道408\03 - OS\1-MCQ\WDOS-2027-MCQ-C03-S02-Q014.md","OS","96762cba51c277c31135f867bd82665640b6fd83740e40d38ecc7099d76a5b1e","d85572312f7316c84bae00beb63eab0cdea6154cb07b1f0eb461276450018ad0","1","0"
"_待确认\27_王道408\03 - OS\1-MCQ\WDOS-2027-MCQ-C03-S02-Q015.md","OS","58b28b20fa3c850651c8930a8e4e8fa62667b18c0086194c450a7e9ab7b97e74","ebf04c3e4e88768e41a27a6f10d895582952a2d4ba14846e2c4c3562d9b052fb","3","0"
"_待确认\27_王道408\03 - OS\1-MCQ\WDOS-2027-MCQ-C03-S02-Q016.md","OS","1d35bfe39a90935ec1c3740fdd48f101a647d4295d9f8527a9dff5f55f76e4b6","790b2b9c6fdedcaa6b0384de54cb5a7cd6dc4fc6ae77f3c10903a7f883e5a735","1","0"
"_待确认\27_王道408\03 - OS\1-MCQ\WDOS-2027-MCQ-C03-S02-Q018.md","OS","22b30d51ea8c7400be50fe65e984d8ad224f70a4976305626d229901f2f22a77","076fb9e7d891840c57ce8b31a020576909bc097cd635953c80b580af748179c5","1","1"
"_待确认\27_王道408\03 - OS\1-MCQ\WDOS-2027-MCQ-C03-S02-Q021.md","OS","fa71b95f1e3f1960aee1f98ab2b96ee7085e81e858f090b4ec5b3d76de0a6b76","c63a3ffcc9ddeef3578c3a9f97d7a9927d8a094181fe30bcc2acf59481de89df","1","0"
"_待确认\27_王道408\03 - OS\1-MCQ\WDOS-2027-MCQ-C03-S02-Q022.md","OS","daf6ded962dcd7cb1858685ccfb276ad64a820fae3eec72a721d77206faf3be7","2942acb8252604cd7503b2a0f44cbc38dbfc4cff69d506ca62e00ef4cb7c88e5","1","0"
"_待确认\27_王道408\03 - OS\1-MCQ\WDOS-2027-MCQ-C03-S02-Q023.md","OS","53c0a6a54cccbb04078e1d975fd0f75036d198a6d14acd801988fce4d49f94a2","30bee82f5ea3dc066f2288b7c2c2096366fc0951663f1353004021c7bb5ffc00","1","0"
"_待确认\27_王道408\03 - OS\1-MCQ\WDOS-2027-MCQ-C03-S02-Q024.md","OS","50533774bec8899e6b7b5014ac22b8c13daf33542c57bd61aff498c5ef03ded2","be2a787443523d256b7f057c3fd9cea9dea5a14c166da3427d4770565225d890","1","1"
"_待确认\27_王道408\03 - OS\1-MCQ\WDOS-2027-MCQ-C03-S02-Q025.md","OS","87fe9f5693f7515f6175a958b87b7198905a5f3cfe6c7706338395bba0063487","8f181479c1ccf498f038daaec91606ae25634df9e2e7e0da2c47f28eef3fb56f","3","0"
"_待确认\27_王道408\03 - OS\1-MCQ\WDOS-2027-MCQ-C03-S02-Q026.md","OS","7f2216e6452f53a04af39291a7b5382adaf3c77a2d2d689da9dbb131798b68d3","1d4ee40dc88a37c3706cadc003abe5b76a987a4a5b27b1e5af21d852de236531","1","1"
"_待确认\27_王道408\03 - OS\1-MCQ\WDOS-2027-MCQ-C03-S02-Q027.md","OS","9995b3f935d75c3324422f4572f80a56db715c03c97b91e5f39a6c62407da45f","2f0cb25e6a14bc5122daaafd19259fed4bddadef4ed0992e976b282a93e68670","1","1"
"_待确认\27_王道408\03 - OS\1-MCQ\WDOS-2027-MCQ-C03-S02-Q028.md","OS","d56095e82a1e948906fcf59fb0cb0f54aea808409bb631cb524ca8eded339138","fecfb6ec68deac5bc5f35a39fd318b41f8c9e20734eddd4e75f84fc725ef075a","1","0"
"_待确认\27_王道408\03 - OS\1-MCQ\WDOS-2027-MCQ-C03-S02-Q031.md","OS","5a88ef487175123b4cfc25064696c9a1e23e8c8b1f16296e80472303a094ba92","85cf45bf1ce273d3bb7ce21584888dd6eb8a4515cf15d52af086c5ab0f3519d7","2","0"
"_待确认\27_王道408\03 - OS\1-MCQ\WDOS-2027-MCQ-C03-S02-Q034.md","OS","cd96183a7b2c0d92c44033d5b0dd1dff1482eb5dfd9c6d0fcfdfe4cf2f75c6de","930cc662cdde6cf0b814c2a4721baa369c2c76a6b05d253719269fe8727fcf40","3","1"
"_待确认\27_王道408\03 - OS\1-MCQ\WDOS-2027-MCQ-C03-S02-Q035.md","OS","fbd9da4dd1b6a4d95b9097ba5f7ced732b78bb631c6d0e3ccd2872b4b422a716","eb56414b97a0967a56a0b5b8db358aa28404ff918d7034177a6064b61cc685d2","1","1"
"_待确认\27_王道408\03 - OS\1-MCQ\WDOS-2027-MCQ-C03-S02-Q039.md","OS","983e17c978ab863c7fd22c56fe1234c80f8689a6fe05d61494f48ca35012c4e5","f9c83af60601873a92715e6f8287418812d80f5cea455c843fe1fe9d687bb4eb","3","1"
"_待确认\27_王道408\03 - OS\1-MCQ\WDOS-2027-MCQ-C03-S02-Q043.md","OS","f62fec2d5f541eca9fb7ad0b222d8162db5b735c0ca3dd01df95c3bd42b0a4d3","3c60c6355c2aed4fcd6ead454ac5302cdcd749af64ecc04863a2f7e48cfc7855","1","0"
"_待确认\27_王道408\03 - OS\1-MCQ\WDOS-2027-MCQ-C03-S02-Q045.md","OS","fa37110c68a9ea5236d809a6a288459034546ea8aea9cd53488ab2771a7a1698","83b3df0f99c496f0e3a5875934368dc194ec574fc780a5836eb53fd62483b026","1","1"
"_待确认\27_王道408\03 - OS\1-MCQ\WDOS-2027-MCQ-C03-S02-Q048.md","OS","406bc06934b1447b76a2fad7caabcbd91267aa2f89074fa1c6b81d6643c27c1d","d5826df62b987e2570c7bf57e7993d779f1853becd3196f551d5089b259e8b7e","2","0"
"_待确认\27_王道408\03 - OS\1-MCQ\WDOS-2027-MCQ-C03-S02-Q050.md","OS","12b0335f2731b0e217c0c16623ab275473c9ba99fa3d48bb582bb9594a2a8a4b","91a78f6fc18b019fc816392aaebc84d4caac93a94e0f96a978ed05b2ada55eb1","1","0"
"_待确认\27_王道408\03 - OS\1-MCQ\WDOS-2027-MCQ-C03-S02-Q051.md","OS","109444ab34126a6a74bb9d0b4444abad6b775e34d2dbf4642db9b18235b21133","c725ca5e316b29558df114b01c80b97c5665bb27ee5ca8aeee50ac0390c821c5","1","0"
"_待确认\27_王道408\03 - OS\1-MCQ\WDOS-2027-MCQ-C03-S02-Q052.md","OS","d4b5d309349cb2670c6a4f8ad041d56af2ae4d4b37e3d6fc75211fde05c88f9b","ad0e21bf591a736d50f7540dbbc5fdb0a5a1e8cac72118f44b341ea9051c6b4c","1","0"
"_待确认\27_王道408\03 - OS\1-MCQ\WDOS-2027-MCQ-C03-S02-Q055.md","OS","10911805795183ed9adbadd9c21435697947cd3dc6d8562b84fd4ad157f9924f","c87975ac886041a22676237913965325d151c0ba4b9ba2ce9e0f010c3eb9fac9","1","0"
"_待确认\27_王道408\03 - OS\1-MCQ\WDOS-2027-MCQ-C03-S02-Q057.md","OS","33a1d066d2b80d2736bb754b9128a4752f436ca9ffb136f96c0f3643de81b16c","b7bbf884907bd1902375813f19e11d0442f5128aec89a7d16236c9a443081c43","1","0"
"_待确认\27_王道408\03 - OS\1-MCQ\WDOS-2027-MCQ-C03-S02-Q059.md","OS","6286d08fb967cbc947547bb9c7d7e2004aa928b4f0056d20b954871aa2c37d79","8ff948de9511728877352727b0d3f9590ce2a4c549df09f0fb2dc4871cee284e","1","0"
"_待确认\27_王道408\03 - OS\1-MCQ\WDOS-2027-MCQ-C04-S02-Q002.md","OS","7d5c19545081db529ff463a19fb7d996dbbe01adb987a9b05b12f4ac8d43762d","bb78c8b65ffe569f9e6210adc6147e39287b10d5da6c57710e2aab8e3ce7c78d","1","0"
"_待确认\27_王道408\03 - OS\1-MCQ\WDOS-2027-MCQ-C04-S02-Q004-R02.md","OS","b1061ccbc97e2a0926774550aa019381f9f301d9a6d004086e48053675b2c3cc","16098b277d1d658ddd1bddb163f677867afb13c97e4defb7da5745a7053c16ff","1","1"
"_待确认\27_王道408\03 - OS\1-MCQ\WDOS-2027-MCQ-C04-S02-Q004.md","OS","465af2e9126d7546b323a17a20b1520eace7920f4c2522dc7485bb927141023f","fa66d52f706030166ca8ae5095395bd4729b43a063607fdf3ebd754f0f3c2618","2","0"
"_待确认\27_王道408\03 - OS\1-MCQ\WDOS-2027-MCQ-C04-S02-Q005.md","OS","54f54ee9d4de4b05697c1b56b1482040d5b5245e02923bd61f5a57fc9ed79892","9600d188359a25f59492e6209956bf1ddf675ade526ec2c4cad3deba2b067012","1","0"
"_待确认\27_王道408\03 - OS\1-MCQ\WDOS-2027-MCQ-C04-S02-Q009.md","OS","81154db4774943694552592abaa3ad97cfc47191cabef0e43f8d3af2249938ca","e832c09830d6fa681a41a2f354da74c89fa84ec11ac5409815ddb386b2ee30b8","1","0"
"_待确认\27_王道408\03 - OS\1-MCQ\WDOS-2027-MCQ-C04-S02-Q010-R02.md","OS","cfbf1ea80d9ff829c185a6a1aea0c51960e1a42d3ae307b581b8f71bf3cca900","4fbe34964b403993e9f40c344a3a8db07b79f9f20fcca96556e1a2397fb4e856","1","0"
"_待确认\27_王道408\03 - OS\1-MCQ\WDOS-2027-MCQ-C04-S02-Q010.md","OS","3ec29fa2cd42ca527e0f604ba6c2c5b4027f065d5577ad31ec52407fc0b824f9","918a2748d023434f94f1927d205d8f6560a5af087b21d5ea0b8a2c84e7ae3652","1","0"
"_待确认\27_王道408\03 - OS\1-MCQ\WDOS-2027-MCQ-C04-S02-Q011.md","OS","21101ec6ff3e5910abd34e9da96d4499e4ee9133b77dc74e222b1b09773f967b","784976e78b0f6f22d9830263ae04be90438ba3d2288932fab45cf15a7c4c09e7","1","0"
"_待确认\27_王道408\03 - OS\1-MCQ\WDOS-2027-MCQ-C04-S02-Q012-R02.md","OS","c175f47d7be61f1a13d5393b1313b38e66eeb1fa504cafd6c3d436fdff2fe55b","62fb000ca2c8546a60b5f930e5da64995daa8f522308f4799d529892099f83b4","1","0"
"_待确认\27_王道408\03 - OS\1-MCQ\WDOS-2027-MCQ-C04-S02-Q015-R02.md","OS","bb50d46cadc9e96d3f1044d4b0fece4d65f1e75a462051ceadf09b92f1e510e5","a4ac53e01bb1e012687d0546e8e7b9dbfe59f4ed9769066e61e2b3788137c6ec","1","0"
"_待确认\27_王道408\03 - OS\1-MCQ\WDOS-2027-MCQ-C04-S02-Q016-R02.md","OS","ed420b8012a26048834b6c02d2ba50db72fb3dbd646a6c47ebc9c5f69929d713","7aee5df46c51cc2d45d98427c40a24c8fac55a14507004ac5b4167420ab6842f","1","0"
"_待确认\27_王道408\03 - OS\1-MCQ\WDOS-2027-MCQ-C04-S02-Q024.md","OS","da03a91756cc178115cca47f64b3520a4dc9704ddc4e521530ca8121eee4826d","eb132d0847bd4b0684ea36ecd49c0ca223973b97939444f6ac1521dac58d401f","1","0"
"_待确认\27_王道408\03 - OS\1-MCQ\WDOS-2027-MCQ-C04-S02-Q027.md","OS","474b8531da31622c3d018f448ec3e0b721f7125e6b82766de20a8c2ed183430b","b0140f8f189b0d62c3d41caee2b167c1e3ceb9583223ee7175020e48823d4c72","1","0"
"_待确认\27_王道408\03 - OS\1-MCQ\WDOS-2027-MCQ-C04-S02-Q036.md","OS","cbd3d9e9a994fd93799eca8877a64e0c68efc8feb34397d9d28adc4b296f051a","9e9ec7cc71837ba723b1902c76186e50db2e8c9735935d013b8af2d7eb003255","1","1"
"_待确认\27_王道408\03 - OS\1-MCQ\WDOS-2027-MCQ-C04-S02-Q040.md","OS","1212ad599003830a775a6306ac7de2bdb139530427186af34d706082cfff1938","bf188b7e9abc479e00a178a7fcb379975c040c038e341d5fb78cd522969c8bb0","1","0"
"_待确认\27_王道408\03 - OS\1-MCQ\WDOS-2027-MCQ-C04-S02-Q043.md","OS","10e4ef1c0e5c79594ec54fc09ef3ef4786af13d1b5b7ffbe13951f867d48bc4a","b752d1d344de9a2da5a8eb3a562d15679d3a4d839d50f2c087c26b7e1fafe8c4","1","0"
"_待确认\27_王道408\03 - OS\1-MCQ\WDOS-2027-MCQ-C04-S02-Q044.md","OS","899416d53815f21bd99319ede0b1a868c2246274122c1b3cd849f2bb63ded541","ac8853e1ba9c6aa53b3b1a37827d49b198a6f133e743a49daa05ddeecba4b3d7","1","0"
"_待确认\27_王道408\03 - OS\1-MCQ\WDOS-2027-MCQ-C04-S02-Q049.md","OS","cf4ba6f6aaa8bf5489ad0d010d36b4eef83e54cdaed037a03f182a6158a1665d","23aa538625885d8586335f2221758840d6a4629b11e0222848d7c9c66d3c4a61","1","0"
"_待确认\27_王道408\03 - OS\1-MCQ\WDOS-2027-MCQ-C04-S02-Q051.md","OS","3a537d381733023f16604ca8eeee761cf7a2167972f027a7bcfef7125c56f931","6739a2f4c6e66deac141a15fbfca6addf745f71d4c6fb5534f98fb44149140e8","1","0"
"_待确认\27_王道408\03 - OS\1-MCQ\WDOS-2027-MCQ-C04-S02-Q054.md","OS","ce0f7f13cd90509cecb7f179ddcd660e4041079e17ce6bf6d41a30b23377885d","97b1d7b1202bb4376c918299493b11d0fa5a29eb48ee2558e92bf7dc2704e430","1","0"
"_待确认\27_王道408\03 - OS\1-MCQ\WDOS-2027-MCQ-C04-S02-Q070.md","OS","c37d4c4adab3b52907b3dc389c9a1349f30e0ae0f63b65184646d6840dfb4333","e14163fe6fe47dfab3907b88288a2ca01775e50beaf4c7ef3eeca1e321c27107","1","0"
"_待确认\27_王道408\03 - OS\1-MCQ\WDOS-2027-MCQ-C05-S01-Q003.md","OS","79e99430901f897e563eb604dee0903d332c46328345436845db525e067125cf","bd28ae790a0117a1e4858373b2b3d2b9f9695a7e609017c9b6cc55e92e65ee8e","1","0"
"_待确认\27_王道408\03 - OS\1-MCQ\WDOS-2027-MCQ-C05-S01-Q005.md","OS","4a9cbd707b5fb23fbf5d2405588acd8f4a6f9b37fec4cceabb86d38bb52f1bba","9415256695826f6c797de3bb3aae335ea445a9498cf6d19f5198a7c8ede1a636","1","0"
"_待确认\27_王道408\03 - OS\1-MCQ\WDOS-2027-MCQ-C05-S01-Q006.md","OS","5418b089f32208626c547d9ce71aa98a934d6426d8c8736ec944f507fd650dda","59531c208bcdbdc841a877eacbc3ea88b90e88e4b10a7e8201e6c05192976875","2","0"
"_待确认\27_王道408\03 - OS\1-MCQ\WDOS-2027-MCQ-C05-S01-Q007.md","OS","3206b3f95cb1ea1897d1797966b7c9d970070f6e7001e97fc5c89cf6a4a9d488","c3030d79bb6c6b5028d328f75d3f3fc61841bbe9de6e21e3598287ef5216756c","1","0"
"_待确认\27_王道408\03 - OS\1-MCQ\WDOS-2027-MCQ-C05-S01-Q008.md","OS","7c1c2047469d6a803db14c9fb5ef03e73cad53b0985c9e06495420474e69b77f","bc538ecd0ef1a0e4fe9d89653051f8c7613963d409b696bcc4127735dc6b8c2c","1","0"
"_待确认\27_王道408\03 - OS\1-MCQ\WDOS-2027-MCQ-C05-S01-Q012.md","OS","a47193decb11d0eaeac06c936a97caa2033ec81a5cf37d432dcd9a0643eaf23d","8276d649f2f3e0d2588567c1cdc944a36e2540e83fe1876f49b381e7fd10ac41","1","0"
"_待确认\27_王道408\03 - OS\1-MCQ\WDOS-2027-MCQ-C05-S01-Q013.md","OS","68e3a41e831d57beede78c2ec2fa94b9c4d6e41defdb069af044f5a6321dbc3c","69407a9fd3866c1be79ccb6c23a601d386e185b11ff7cd4bd58e0a59f40f402d","1","0"
"_待确认\27_王道408\03 - OS\1-MCQ\WDOS-2027-MCQ-C05-S01-Q014.md","OS","879e8845650c4d9cfdb60bf29620bf3bad4a5d6ef7f567d3a68585eb8332b665","8da6a5e3a6f468dc26d62077fbb333c86e818b069cb727c4b699311afe882432","1","0"
"_待确认\27_王道408\03 - OS\1-MCQ\WDOS-2027-MCQ-C05-S01-Q015.md","OS","19792799de4a41f30ecdf3d448c0e9b6a19792cb7d4ec5bf4963c571bba26919","4871dfc353f9bcaac9c7e39757ecf73540e4214d13111ea48be8a686b464067e","1","0"
"_待确认\27_王道408\03 - OS\1-MCQ\WDOS-2027-MCQ-C05-S01-Q016.md","OS","30c4dfc6a13ec7eddbe1fdc2815842e3aa11cb520524b1c39fdc8df6f8698ab8","d08e6aaca7c2c6b1e5e6f20268a9c1ee99482840fe738de10d1ac9422643ba1d","1","0"
"_待确认\27_王道408\03 - OS\1-MCQ\WDOS-2027-MCQ-C05-S01-Q017.md","OS","3a86a3dd18b0b5b8280844d9a08b0df460ab17683def6174d39300aed2f85100","25233d33e43eaddcc4803707241d06737c0cf8fe1bff7038a1ad35759014bb1b","2","0"
"_待确认\27_王道408\03 - OS\1-MCQ\WDOS-2027-MCQ-C05-S01-Q018.md","OS","efabf39de669a65032a383c061a3aa2be770d3253a069152d4ef34df8196a604","ada6e8ecdc4db730b8e744f24a3d32e3209f05979f33265e7a98b8d54dc26f07","2","0"
"_待确认\27_王道408\03 - OS\1-MCQ\WDOS-2027-MCQ-C05-S01-Q021.md","OS","044d1cb4298658174b8ef90dd7612ce03f62979511fee8c8d8a2387b98aa9a72","30d46fd46ce894888d7da84b9afcae498bacc36bafcb16a3950e6828a0595c4d","2","0"
"_待确认\27_王道408\03 - OS\1-MCQ\WDOS-2027-MCQ-C05-S01-Q022.md","OS","cfc31cc428e0225345e7b53acb27772b1a785325c5e9d55da94cbfac0fccfa8e","309bd00df70674041af98ee311773667ebadfb021263e447f4521034e4afb571","1","0"
"_待确认\27_王道408\03 - OS\1-MCQ\WDOS-2027-MCQ-C05-S01-Q023.md","OS","8b9d0dbf1163fd7119103e0e4e0fe9bcefe502802fcfd11e886fe3eaf453dffa","4f61cfc7cb6f078f4b87300076c632af96f3728b7de285632acffbf0193f3e91","2","0"
"_待确认\27_王道408\03 - OS\1-MCQ\WDOS-2027-MCQ-C05-S01-Q024.md","OS","f8f9c9feff928dee6eeb9ef296ed44a3840dda471e0bb4c9a16e4ae57622fbaa","9965d550e3d431e8ed12ee7feac82b0b03b09463aac84153bbf0c05439719491","2","0"
"_待确认\27_王道408\03 - OS\1-MCQ\WDOS-2027-MCQ-C05-S01-Q025.md","OS","416da41b8bc481a6517af371185934c95e7f073012bf34f394c107a07221e1fe","aad0ed3beb85d7181d7685144c7fbe67d0fd4e248a54eb6187a9d88c0870edf7","1","0"
"_待确认\27_王道408\03 - OS\1-MCQ\WDOS-2027-MCQ-C05-S01-Q026.md","OS","7902a0e53e2020ac58e0f70a380d1d001c43ea1aaa791b93c2d253e69a5a79a3","6bb6e8331b376975d9344a291659434bb4cba0eb4b9570214e9c5aa75a12f961","1","0"
"_待确认\27_王道408\03 - OS\1-MCQ\WDOS-2027-MCQ-C05-S02-Q001.md","OS","af46aa8b1021ef97c3e7efd394851f9b040f225dd6072676098b5cf5f11d6a23","b6b72ac53914c85b9492c5fa2662a68939705fa8343e1f0a1e91036acda95ef2","1","1"
"_待确认\27_王道408\03 - OS\1-MCQ\WDOS-2027-MCQ-C05-S02-Q002.md","OS","1fcd80d1f462237cfe5a322a3abe559953c54ad4dd301460b3311c42802af0ec","689acaf137eb0f15294f6987dd2544a75789d9d86b5281a9a6a0f0db2df79a73","3","0"
"_待确认\27_王道408\03 - OS\1-MCQ\WDOS-2027-MCQ-C05-S02-Q003.md","OS","0da686fe46df78d34cba0571abc6c405003d6ddb4ffe2dfa42a5ff92c8df3229","1d59130769d7f8a5a5d37946245150bc075c8c98b1d6f8ac0563692d827f20a4","1","0"
"_待确认\27_王道408\03 - OS\1-MCQ\WDOS-2027-MCQ-C05-S02-Q005.md","OS","8b291e5489f1acd05f2f39e49d1de79a98f4bbf3c37142c22fd698d708066d20","6ff3534bc3187751cdd8ae0b51d88db92856c75b2c508d97a4da1005c9675ca0","1","0"
"_待确认\27_王道408\03 - OS\1-MCQ\WDOS-2027-MCQ-C05-S02-Q007.md","OS","558713c74237531c97b20d6d21a1552bd4c676d49c4212ceaf8c80c8aa47ccfb","c4ed935f205867a1b94d0dd47c508be74ae3e979450aa71189f41ff4ad900678","1","0"
"_待确认\27_王道408\03 - OS\1-MCQ\WDOS-2027-MCQ-C05-S02-Q011.md","OS","83626c32e0fddfce7493ba69f102760e855d88d783c562585d383ffb275935ff","0381b69ab97f5728adf2d91efdd27f8d4098b4ae2540808515d6d15a8bd23587","1","0"
"_待确认\27_王道408\03 - OS\1-MCQ\WDOS-2027-MCQ-C05-S02-Q027.md","OS","c0aa428f8f06d229304f81710bfe6315388444cf97a07ba59e33c8805f9ddb2a","1e35f2398a3ca342f2931368d15e658f7672c705e52e1f8f71aae776da84ce56","1","0"
"_待确认\27_王道408\03 - OS\1-MCQ\WDOS-2027-MCQ-C05-S02-Q030.md","OS","8a7f1a89c926b63366bff2885db7645f440c84249d490aaf6594f5c68b922959","acc2484c078bdeca6ac5348d872fe4fb434e146d75bd7cd0fc5808e9be834a33","1","0"
"_待确认\27_王道408\03 - OS\1-MCQ\WDOS-2027-MCQ-C05-S02-Q031.md","OS","7c7094c7f10bf4f313831d7d4a3474e63396b487043ef24b57e5078be847307a","671a31e4a1e5e8eaec47c3641f101612f0a26205d51c68ddf16f2d6ad7d5872a","1","1"
"_待确认\27_王道408\03 - OS\1-MCQ\WDOS-2027-MCQ-C05-S02-Q032.md","OS","850fcef679b6ff11f8be2bb2d724c6292fa5d27ca2bc9adb25a46ff7fcfa6472","8b2b55e2c65279e2e6084e51027dd9748e1c043d8303b11183f7ed19b8853b84","2","1"
"_待确认\27_王道408\03 - OS\1-MCQ\WDOS-2027-MCQ-C05-S02-Q033.md","OS","042b5c6711f61921736987405c8703f4cae9bcf22ea99cb887060694a484a23f","709b2fe86706470c5e0deae6ad5fed6e7bda410214abb351f8a6a8174ab8ffb5","2","1"
"_待确认\27_王道408\03 - OS\1-MCQ\WDOS-2027-MCQ-C05-S02-Q034.md","OS","29c040a1c72d659b39d3907ad4e8eae7d61f34aba3a4c7206a64470134b61b04","e95037b7d0af8a4ccd6c3a83604add2c21760212223f99fe098b928871143c51","1","0"
"_待确认\27_王道408\03 - OS\1-MCQ\WDOS-2027-MCQ-C05-S02-Q037.md","OS","95ff94bbe82345e304a86ff898f32af05f949cd6f44311cf2de597d408fa3a63","fce55df4c77b7601ea8405635bcfbede773b76b705fea673c3ea51b48a76ab35","2","1"
"_待确认\27_王道408\03 - OS\1-MCQ\WDOS-2027-MCQ-C05-S02-Q038.md","OS","a0cd7c2fafc13f122bd05fa5772673f887bff661f6463d6be2e0a641bfea3ba3","90d99a0b199abf5dff5b745c482aa5e6e102fd6e3380ebcad3a48bcb6645b755","2","0"
"_待确认\27_王道408\03 - OS\1-MCQ\WDOS-2027-MCQ-C05-S02-Q040.md","OS","48034ef09e7a54dff2dfa8d5aaa0ed3419bb4ce0de40f127a81d22eccf090fe8","af6b8eb6c3cf014ba3a3b6541ed1aaf15e0a3dfd034e5331e3eb5509b7eba00e","1","0"
"_待确认\27_王道408\03 - OS\1-MCQ\WDOS-2027-MCQ-C05-S02-Q041.md","OS","4afe95179be6126e11c0fd2484d5a4cdfbdddb5225f092e782be3f050ea1bd7d","b6c233677e39979c7484089bf29c8b65777b931842e2b3833eca2ccca2a42183","1","0"
"_待确认\27_王道408\03 - OS\1-MCQ\WDOS-2027-MCQ-C05-S02-Q043.md","OS","1dd354906acab9c5403463a9568662a9a577739a658a210379aeb79ee2b05686","2255ac73febf06d788a39447ed1592721df0ce2e62552f841b553499787deda3","1","1"
"_待确认\27_王道408\03 - OS\1-MCQ\WDOS-2027-MCQ-C05-S02-Q044.md","OS","95a6fe3060b933e1944df33bc71d2f81b25342bc6de7e13286ce43f9064757a1","8cf75593450accd8f3154dea6ee79ecb61b6ae579574e0396a69e51e0afb764d","1","0"
"_待确认\27_王道408\03 - OS\1-MCQ\WDOS-2027-MCQ-C05-S02-Q045.md","OS","1c11c70f83f6e4e50e45e2f2ff4efad8274334017046fe9963f97e408746370b","f53c2cc153c9c27426ff1214f89fcf57e2567c2e4aefb0bd196cfe366ecdb0d3","1","1"
"_待确认\27_王道408\03 - OS\1-MCQ\WDOS-2027-MCQ-C05-S03-Q002.md","OS","3d96edc02d214a7e8ab39991383a4319c93ae38e91cb9d11b55532e49d014235","3e0a711c6510f522f79a9db40fc1a235f95fde83a9393fc309e6fd0c214e4b1d","1","0"
"_待确认\27_王道408\03 - OS\1-MCQ\WDOS-2027-MCQ-C05-S03-Q004.md","OS","0c1b20a5617e666ae3c2698f51945a5004fe3c7176fdbc4981c5538c14467ff1","60d1765934a679aa6fdbf9887acaed383aba7861f234357b917d8fd238aa9411","1","0"
"_待确认\27_王道408\03 - OS\1-MCQ\WDOS-2027-MCQ-C05-S03-Q005.md","OS","a9dfbbfd3ecfd9133be475dbbd20058bca0298fba036228bbf57745bb4c27c13","150effb0ebce1d98ca7945f43ea930702fb7f4b75c5f97c6e3c1cfd7e88b6940","1","0"
"_待确认\27_王道408\03 - OS\1-MCQ\WDOS-2027-MCQ-C05-S03-Q011.md","OS","0ddd732e28d0d344af2081a01ee0ac1fd17ef744e767d82dcf3379774733a8fe","1b45baa7226a363657355610a17a27549c186dc965bc1bc0e934f6996aa50d1d","1","0"
"_待确认\27_王道408\03 - OS\1-MCQ\WDOS-2027-MCQ-C05-S03-Q012.md","OS","d453bcf9fbf1167a9a6b6ebf115a923363aa97a67d454954d4b19070a5278988","ea1ab67b8a72180e5a9578620478ddbc8d089a49c996936ac1f243d287350d8b","1","0"
"_待确认\27_王道408\03 - OS\1-MCQ\WDOS-2027-MCQ-C05-S03-Q013.md","OS","d7f2ba367b72893774f6f688b0dcc36efe274bb613ed9d3d9a566a1da3727556","59f0f8825425b2d3785562298e9a665cb36836db3674fbe61b5749e3e0eb9f90","1","0"
"_待确认\27_王道408\03 - OS\1-MCQ\WDOS-2027-MCQ-C05-S03-Q020.md","OS","45b94c8f91b703410a269dceb87c826245ea861840086fb3f36ec6cda540c841","bff68e7bc8f8e65faf3a60ae6b85914e8fc7bc06690e9ccc74afaf71cf7ced37","1","0"
"_待确认\27_王道408\03 - OS\1-MCQ\WDOS-2027-MCQ-C05-S03-Q022.md","OS","294004fcd499c8b53e7247c24da7ae506bb0c36a6a51cef78416769052cfea92","b0e3f5fbdb4209bb81a425c52234ed4a0c4167ee5c3b2c8a8b01d44a646e96bc","1","0"
"_待确认\27_王道408\03 - OS\1-MCQ\WDOS-2027-MCQ-C05-S03-Q027.md","OS","05a41f863c6ef0f493695dbce7064bbce29ad3f0713c3fa6b0476bb2b428cfa8","1a091fe339be13dc8d1a790854bb93ed9d5dc0621575340257ded1b5b03054c2","1","0"
"_待确认\27_王道408\03 - OS\1-MCQ\WDOS-2027-MCQ-C05-S03-Q028.md","OS","52855f1a64226e66e8629604a628d958a2c19a7ec12f0923f96d02c4bb952117","d799568714f305122cf5c5fea2b50d6611ea162441b14442e44d68d283df5759","1","0"
"_待确认\27_王道408\03 - OS\1-MCQ\WDOS-2027-MCQ-C05-S03-Q029.md","OS","7f0e20761b49a7e04e03a03a5b304186e6c2412929ec48f0ec19b5b18e985c8e","02bf9563d0e2408c0afe93166d6c338f828eeaa7d52f45a1dafa169b9c516028","1","0"
"_待确认\27_王道408\03 - OS\1-MCQ\WDOS-2027-MCQ-C05-S03-Q032.md","OS","2ddeff4e3cc46cc419ee4b627d890ac169df010cd5862fb3db289a3cc61c968e","58165630aa5d6ed50d2085345544d330df5e82b6c83226bb82f85ee273c6fb10","1","0"
"_待确认\27_王道408\03 - OS\1-MCQ\WDOS-2027-MCQ-C05-S03-Q034.md","OS","2d2db59df7173d663948cab66036bd9ecd08c2df6a6ed5feeb045c0347c231bd","5c5c2c78831c4690bc9164cd4343f80ba821136ed70ef4038ef55f5818ce94b4","1","0"
"_待确认\27_王道408\03 - OS\3-FRQ\WDOS-2027-FRQ-C02-S02-Q002.md","OS","7e8158c858016673144cab11a37711b6281bf1e1801a65070992ec2d79b38226","2dd510a07bbbdc19ec548eebcab32e3e2971dc0fbdeae3d8276af55510effa6e","1","0"
"_待确认\27_王道408\03 - OS\3-FRQ\WDOS-2027-FRQ-C02-S02-Q003.md","OS","ec1922650f34e524694dfc4f9564313c08bf41063cb10e19a2be2b77db57cd79","efc9707da7123575d56ebeecefaff091b16ed22a571b1e711d0e33cbd99c031b","1","1"
"_待确认\27_王道408\03 - OS\3-FRQ\WDOS-2027-FRQ-C02-S02-Q005.md","OS","6ec56a163e13669db88da2a5789365d73be20a5d869743e4910fd084a336a700","6e5a0cd8e388da2f0a65345ecc1cc5776a0f0111c285c977471ba5a2c4962004","1","1"
"_待确认\27_王道408\03 - OS\3-FRQ\WDOS-2027-FRQ-C02-S02-Q007.md","OS","19cb011e1e3dd6780c20eca5a6088daf41d40dbe5a7e3f3828b92d6ca99630fe","a7b4f53badcbd57515c3212f5f17eeb647f98f43a80290bdc248b57a1b46a023","1","1"
"_待确认\27_王道408\03 - OS\3-FRQ\WDOS-2027-FRQ-C02-S03-Q003.md","OS","c47aeaa6c4b350b7d58d784404ac1a3fa3b1d251f143c42d009b8eef7ed3ee4a","784016d2affd89679659bc87928421eeb2e777e27c2a804a69968dd03f88100c","1","1"
"_待确认\27_王道408\03 - OS\3-FRQ\WDOS-2027-FRQ-C02-S03-Q004.md","OS","161ce7cebe08d39f2f456d4d27dd1662f50eaa33edebfe334036d1c27d40977c","d5e33559ca635a9d915cca3cb8f1b58be7b9c973f0c3eb42d35e95f176520151","1","1"
"_待确认\27_王道408\03 - OS\3-FRQ\WDOS-2027-FRQ-C02-S03-Q007.md","OS","40a18f40e85b1033b4d64ef0fa33b1d41e91edc5d3e668abb8070b5f25abf0ce","6e816c8ae763a34fc567dd63d6165d2c8fcab27c6b0817e980b77707f9b2074f","1","0"
"_待确认\27_王道408\03 - OS\3-FRQ\WDOS-2027-FRQ-C02-S03-Q008.md","OS","e4d64e787514718b557a7a91bcdec98e167ab7ec07560bb7d83d41b7d2225d1b","6e998dd65fac278db29d4017344573ea07d1cd82db2fa463153fcbd76eb4ad22","1","0"
"_待确认\27_王道408\03 - OS\3-FRQ\WDOS-2027-FRQ-C02-S03-Q009.md","OS","9734d003fc54b048335a0acb0abd9f45ff9ba9e60e5480719a48bdafc95291c4","2b5442e5a3531cdfd16d6c842cce37ef2d64c5870d6a48545b59bf4c896ced9e","1","1"
"_待确认\27_王道408\03 - OS\3-FRQ\WDOS-2027-FRQ-C02-S03-Q011.md","OS","ccce2da62fb99f784f37ecf5acd6f0deacb3d941b3e518c1cc4f57e55a5606f0","193c0a727886faae02dce383cd000288980e806c11a3f5e5c944f9a555519841","1","1"
"_待确认\27_王道408\03 - OS\3-FRQ\WDOS-2027-FRQ-C02-S03-Q012.md","OS","3436e4a7735b750b98ad0be5f9ab1aadb83774322041cc2d0784b60e45255cbb","5d093572c3a64ce99e8b33851c101986ed535dc5886ba146cc04c3fd61a4d4c3","1","1"
"_待确认\27_王道408\03 - OS\3-FRQ\WDOS-2027-FRQ-C02-S03-Q015.md","OS","298964c1aad6642b63f824b882da8273965ec826d4598c03a23447e24ac6a7a2","7eb21556d42037cae9dece84db6da3a8fbf036fbcf5dfe3b7e9318cc0edebcd3","1","1"
"_待确认\27_王道408\03 - OS\3-FRQ\WDOS-2027-FRQ-C02-S03-Q018.md","OS","5238caf30b19faadd8eb60cbce0a15218702034699ee04f7053a92cd0aa0f315","dd49dca4ab249798eda737055951b8828baa03a97313cd4706748866be1d78c1","1","1"
"_待确认\27_王道408\03 - OS\3-FRQ\WDOS-2027-FRQ-C02-S03-Q019.md","OS","7b9e2e56c15ad5dd5e0a4edfe6202a16d9723ea954cc873183b3c14400a3eba0","fe9a0f5a71031ee7b3e7c9ef4a4f5e239ddb168fcfba248c5162a8033c44d378","1","0"
"_待确认\27_王道408\03 - OS\3-FRQ\WDOS-2027-FRQ-C02-S03-Q020.md","OS","83e2a20e7304b5981944eb5ea364718f72b399fdf2b82b0359c354faf2f61027","70cdd8af142acb4e33d23e9553ce12b4521c36ac7acd27d73ce955ee53ef363e","1","1"
"_待确认\27_王道408\03 - OS\3-FRQ\WDOS-2027-FRQ-C02-S03-Q021.md","OS","dbc705bb9b15e2e615a870721417d6f87c4203b53ca41ae40d328d7bca89f066","eea04ed07db3d532310d937ccda1cb49a9c8cecf23e38206f08f9ee1f3a878bc","1","0"
"_待确认\27_王道408\03 - OS\3-FRQ\WDOS-2027-FRQ-C02-S03-Q022.md","OS","c9f53bfc76b0461ee7f8333167868310457b910775e729e8645cec11fee5ff7e","76682b7b5372eb810797b4594d6ff5479bdee3d7fda2edee0ede66809656bf54","1","0"
"_待确认\27_王道408\03 - OS\3-FRQ\WDOS-2027-FRQ-C02-S03-Q023.md","OS","6bb24dff622b4640af37e1d03fe2b924c53649b396221f2cccc354c9c68de616","d59f66ef42e8e5437d69c93f899ca34de85935c04262bcd28ff219b091c9cf06","2","1"
"_待确认\27_王道408\03 - OS\3-FRQ\WDOS-2027-FRQ-C02-S03-Q028.md","OS","071d7503ae32cbede88ee0def8e1954612d1f092e3ffeaa9023f6b1b1478eb32","8bf4357f798b7d65560961878dd3eb709a085e51efef2eac6bc80e1c51915f43","1","1"
"_待确认\27_王道408\03 - OS\3-FRQ\WDOS-2027-FRQ-C02-S03-Q029.md","OS","d3f42769d2fe1e8f64c7568e6ea6370d2161fa116e9a56409b77552b896a2ca5","38e0a1196ae15a458db124d297c756df6fc72269084b7e9f89154376ab4667ab","1","1"
"_待确认\27_王道408\03 - OS\3-FRQ\WDOS-2027-FRQ-C03-S01-Q003.md","OS","03a6a8cc62c2bb4796ed195f02695e9b0cb9f85fabd7de6320c4f40cc922dc0f","37cd9e34a0fbd31554e92340cb4754dbe54086a0929095c9cbad19b2a6176261","1","0"
"_待确认\27_王道408\03 - OS\3-FRQ\WDOS-2027-FRQ-C03-S01-Q004.md","OS","134d3934c7601e30c71e48ba208aeb4a9ccd8df62c3fb6a0500684becca9e9b1","ae439bb61413f9ecf4919f1e810de22148794056d8b76711b0a9ad0289968582","1","0"
"_待确认\27_王道408\03 - OS\3-FRQ\WDOS-2027-FRQ-C03-S01-Q005.md","OS","b33943e57deeeff2334d725bbac26a10803fef871f079760ac3e60a4026399a4","92430b50637d09bdd31c8a7daf1a91af915bf8964f13a27054fd614d1e9ad9e0","1","0"
"_待确认\27_王道408\03 - OS\3-FRQ\WDOS-2027-FRQ-C03-S01-Q007.md","OS","11b2efbdfcee987a81e64f00b3e3848fcaeb904f39a2971800844f2914da0f0a","21fa7e2ccac4f66fa9b77a6265251c5bcfbd9cc7cf590fd13bf81d85f1cf2592","1","0"
"_待确认\27_王道408\03 - OS\3-FRQ\WDOS-2027-FRQ-C03-S01-Q008.md","OS","59f230b951ab9c0f5e43b1effaaa1db63dc7aab2f597051f7a48c156e11a3cba","808e3298a45a6797db1677190e1438ec574db153cc515f31539170e570f0c50b","1","0"
"_待确认\27_王道408\03 - OS\3-FRQ\WDOS-2027-FRQ-C03-S01-Q009.md","OS","2a4e46dd68f823f792026350a0991223817b6e322390a90e091de9e0959981f3","c558049dcff3f3e9d1f2458ac67c1aec8efae848b2f50a4140bedbab435da50f","2","0"
"_待确认\27_王道408\03 - OS\3-FRQ\WDOS-2027-FRQ-C03-S02-Q001.md","OS","0524036e1d0e66ed13a892e331b9fd6522316b66434786647beacf421d91871e","87a6ab18be84ae6a4c732a31526334ae8885cd5ed181661fd60b545350f11cbd","1","0"
"_待确认\27_王道408\03 - OS\3-FRQ\WDOS-2027-FRQ-C03-S02-Q003.md","OS","fdfac96896ceda0e9614d2792e17efd2dac3e2012c06b102e3965df21e5ac6ee","097cc4961d5380318caf03fcc73052a2640659d607b3a56371b0b1a1bf2d0500","3","0"
"_待确认\27_王道408\03 - OS\3-FRQ\WDOS-2027-FRQ-C03-S02-Q012.md","OS","15dccaf47203cbf93a51ba96fd9f0b93835dec3bd54cd3cb6d51a067830b2002","69ee495cc283b242caa483d5dd1412d2d67b6e321c7024c29c7ac0a09f5cf77b","1","1"
"_待确认\27_王道408\03 - OS\3-FRQ\WDOS-2027-FRQ-C03-S02-Q013.md","OS","ae8fcdf35ada1489268f997b432b19b8de22d6c5cd559631b6230cf5b215af10","e7c603a34374b9af3fcbf5309686337e161b5c802d9133a07fdd0acd9c966489","1","0"
"_待确认\27_王道408\03 - OS\3-FRQ\WDOS-2027-FRQ-C03-S02-Q020.md","OS","4470013e973fe7055b9635ef34b48e79b1feb0a6b6463b09893992387dedeff6","3857d263f951dcc54dcb8bb2e2d02b2c07b05f0e13bca29ad6330b7385c74f43","1","0"
"_待确认\27_王道408\03 - OS\3-FRQ\WDOS-2027-FRQ-C05-S01-Q002.md","OS","245e9d64f9dec7b0be01eb31d19b76331cf975a236dcb43f5e36b91cd049febc","4635d0f5487c851bd3396caaf032ee34681e8eec0d386e6b5ad4bca0d08f611f","1","0"
"_待确认\27_王道408\03 - OS\3-FRQ\WDOS-2027-FRQ-C05-S03-Q003.md","OS","a19c81f69b4dab91ff4a244a64f587023c40116e5d0a088ed9c11279499d393b","b110c509df39c12f0ab08bb3f2b7eed1d3e131f4712c094c3ba1f6d035185c2d","3","0"
"_待确认\27_王道408\03 - OS\3-FRQ\WDOS-2027-FRQ-C05-S03-Q006.md","OS","17c5386dfe0e9930c150b4a8c65c5328a5e02e5091256bfd149bb0d50b05ce79","6b2fd079131ef8015c7f65c400b6df6ad245f00e5d515d709caf41b82a9b50bf","1","0"
"_待确认\27_王道408\04 - CN\01 - 计算机网络体系结构\1-MCQ\CN-C01-12-M01.md","CN","cf7cfd7d3358cd25141b6bfd8e6c22a02a2d5a7b697aac57734742e4beab4507","35994217fe81695f5b654505c725b55e7e7ced66045b2b297405043038f2bc0c","2","0"
"_待确认\27_王道408\04 - CN\01 - 计算机网络体系结构\1-MCQ\CN-C01-12-M06.md","CN","78010cd03ec9a0ba445690ce8a24aa9633347f60e41f293894f05257d44478cc","63afb54191405bd5a5577ab81b33dd41bee2eacfb07c7f8cf0a82c63458a5a56","1","0"
"_待确认\27_王道408\04 - CN\01 - 计算机网络体系结构\1-MCQ\CN-C01-12-M12.md","CN","7d4a5dc32e9343768316872a89dfb73ca8411071a3717ca0597ef0c6f09a93be","789911061ef065ab8ce59647a73d15ccf5d793b35c20bc0e7883680fcac76ae6","1","0"
"_待确认\27_王道408\04 - CN\01 - 计算机网络体系结构\1-MCQ\CN-C01-12-M14.md","CN","3d44bf1ae3285d47757cf1b16fc435f23c718bbc9312b25879bf03a83ed03d74","0e9524e98e6b29db38831cebb7cb0a588444f3d06c8fb03fe7d75a883c1e32e7","1","0"
"_待确认\27_王道408\04 - CN\01 - 计算机网络体系结构\1-MCQ\CN-C01-12-M26.md","CN","1b57bfbb5aead8b5157ff8b63c456f284d73d077c97d3439259ae4a761690b05","f7ae696d5b0cc74d4eb85d7b0fa37800162f2ba7c3737fe3bc6b96fc467a5753","1","0"
"_待确认\27_王道408\04 - CN\01 - 计算机网络体系结构\1-MCQ\CN-C01-12-M37.md","CN","eb500c1ee38ccdb0f005174ed0b0faab77e3d0360aa6b53add862a1c1564b4d3","87aa4ee78e46381ef8da1f3ba19dbc6f026aafc9b40b8f7d4597ab2b27fd4dc0","1","0"
"_待确认\27_王道408\04 - CN\02 - 物理层\1-MCQ\CN-C02-21-M09.md","CN","19b56237d445ca5bfe1bde4228cfb473da01cf87e759b7e8bbe4ac8331e22474","3ffbfae5711c2dd67e087f09563703b16ab9212a6887a1c94adc9b64b3002d4a","1","0"
"_待确认\27_王道408\04 - CN\02 - 物理层\1-MCQ\CN-C02-21-M14.md","CN","ff79d7d1efae16a1885ce42faa928c63959e1f293e67a6a181748ecee0270e8e","95c50c4999fc3a45f471d4981fd4713500d18d54771dc1b5ac5d16edf28721de","1","0"
"_待确认\27_王道408\04 - CN\02 - 物理层\1-MCQ\CN-C02-21-M17.md","CN","4b28a111976ade0a7b7fea271f06d213500d9ff107ec137baad17be456559fa2","cc5e2f3472325c7047e12b98529119984f92708964bba15290194d1c54f46320","1","0"
"_待确认\27_王道408\04 - CN\02 - 物理层\1-MCQ\CN-C02-21-M18.md","CN","6cbe1afa4d113df5f02102360fb0a5b78bffa573a6ef83ccb030c6aa794a6fcf","011e15813f97354559b4c80e13d7e152783bf171da01bc4d9b7cb49db188b8af","1","0"
"_待确认\27_王道408\04 - CN\02 - 物理层\1-MCQ\CN-C02-22-M03.md","CN","dc16cb0dda61b7cd44b64b17f9a5655284047c058a986087bf77708add6d4011","f5f491d07c9f559656d3ad45524f1a06d957c6226c71080e53981a01d9642baf","1","0"
"_待确认\27_王道408\04 - CN\03 - 数据链路层\1-MCQ\CN-C03-31-M02.md","CN","316530cc0ecbc7fd1aeb059f5848fd5f60cf89da8ea5b9b6dfe2287dc42397d7","d5f95ff36d0ba65207d50468b500093edbcff9d7639cc4f934dc2c21945bf0fc","1","0"
"_待确认\27_王道408\04 - CN\03 - 数据链路层\1-MCQ\CN-C03-31-M04.md","CN","bb66b66dc4815c57a8e91ecdd72fde996af08da4c8563f66aea3cbd3bc42e5c3","ad2c7d905b5f8c144865c031977fd4cccfba3770e95e99aa18ba36915808ee12","2","0"
"_待确认\27_王道408\04 - CN\03 - 数据链路层\1-MCQ\CN-C03-31-M06.md","CN","f932f6a93f7975de0b6117c5f09c4a53d6bfa180c89382bb0dfd172654a8dfad","aa40a746550a68299e19db86874fe4497a2ec59336f73e21f1e972fcf1316eb1","1","0"
"_待确认\27_王道408\04 - CN\03 - 数据链路层\1-MCQ\CN-C03-34-M03.md","CN","09677f037a0064d2aecc618ede7b0b441341f79b261cbfa7b25a0de69d78be71","5d34d2133dc70752a97fe0d7f65a45dd2044275fb1e0470e3b63db43640c65ee","1","0"
"_待确认\27_王道408\04 - CN\03 - 数据链路层\1-MCQ\CN-C03-34-M04.md","CN","6c41b56eba590f29f2f2371b717970d5a7482cb66ea11baaa9f286431957befc","0f6347d5ffc6c6fe9d8a06ece714d8b92b9ea1eebd5dc454cb166658f4d36f20","1","0"
"_待确认\27_王道408\04 - CN\03 - 数据链路层\1-MCQ\CN-C03-34-M09.md","CN","971a66324551f3dbbc30515ff92d240f2c16942427d77d40b09cde33f8d068f1","5b7472bcd7aca3dd85d05e168e2bdf1a6318aac828c436d54b69494d54456abb","1","0"
"_待确认\27_王道408\04 - CN\03 - 数据链路层\1-MCQ\CN-C03-34-M10.md","CN","70a2ae05312813b7e1cda228a85af7cdcade1d77812364d6c24cf290ae52c0ae","7adcdce362d294dc5623d7bae7434f02212b17c7e4e5f8680497feb6ceee3daf","1","0"
"_待确认\27_王道408\04 - CN\03 - 数据链路层\1-MCQ\CN-C03-34-M11.md","CN","4928b72f5774fff0fe912336e998519931af708d0d6d1af8b90f1f285e903b2e","bf8beff838ff67415a3985ff27fc6646e43951205ca493ae243d8747c4403d85","1","0"
"_待确认\27_王道408\04 - CN\03 - 数据链路层\1-MCQ\CN-C03-34-M12.md","CN","c486f51622926c863421085753bb5cb641c7a9c7257aa0c0877b667fd8b8b826","719582de0552da408092fffa04fcf4a97da5e030f289af4adb1eceda505dd716","1","0"
"_待确认\27_王道408\04 - CN\03 - 数据链路层\1-MCQ\CN-C03-34-M14.md","CN","7073e3eb4a3d87d6bf6162437b0dcc0dafc710e53964194fcf145a68277ff83d","dd0dcc6092361a75221751cf5b7016b02d2f7985dbea9a50748e9d1b48fb7371","1","0"
"_待确认\27_王道408\04 - CN\03 - 数据链路层\1-MCQ\CN-C03-34-M16.md","CN","de76b7c41edb97ab9e8ff0a04ed55326ad787b8a105b52b53b1fd8eab8f5935b","f97c313f54392217844d688fe2432913e2950dcab974500a26ee1eae9fc9dbe3","1","0"
"_待确认\27_王道408\04 - CN\03 - 数据链路层\1-MCQ\CN-C03-34-M20.md","CN","9063f3be87cdf73f4963d1f24ae37dadb292ad394952f6b004449749c0379dd1","b9fcc870b5fe9f92c6e50d6529ed987a6102c53038c240946de4e7bfcc5833c5","1","0"
"_待确认\27_王道408\04 - CN\03 - 数据链路层\1-MCQ\CN-C03-34-M22.md","CN","8b40b6b474832c4ff00216b6622b97160b04ed3384c2ddf7e6960027e7a57426","58a7c1339bed5b54f3f46cbb54dffb63f1e6c19bc9cb240c3087c302b7b203b6","1","0"
"_待确认\27_王道408\04 - CN\03 - 数据链路层\1-MCQ\CN-C03-34-M23.md","CN","c9d48551db7ff453125ae5ce4d113f33ab4a0931c6425c7ed4d8165f1fc146b2","1bcc5e7109c4da5ea75ca29bedcea28c6191a383e0ecf3409f0131c9d85b6c42","1","0"
"_待确认\27_王道408\04 - CN\03 - 数据链路层\1-MCQ\CN-C03-34-M26.md","CN","462f6dd280f74851f82b58b564cb27bbca015c92f00541733fd21dfbcc407d0a","a6016df4aa0d4239c8af2d84c1f566d59a62d7e435bf8b392bc3f4c9bb831c19","1","0"
"_待确认\27_王道408\04 - CN\03 - 数据链路层\1-MCQ\CN-C03-34-M28.md","CN","c4405b03c8c8896b3c5f1fcd33950a664ef03ee831b5b16f2f545301db82b704","484cb54cb04e16cc3472384eec6025859fef069c3a07b14c84248e25e4a5b604","1","0"
"_待确认\27_王道408\04 - CN\03 - 数据链路层\1-MCQ\CN-C03-35-M12.md","CN","72c0baa37a1144f2fbeaf6794c4d67c9ebbc95b1b91a815a02fab2b1f28dbdef","cf4c1d54136079a52768568eb8a7b90ea99e65944e129db06d3f9ccb2e3cf184","1","0"
"_待确认\27_王道408\04 - CN\03 - 数据链路层\1-MCQ\CN-C03-36-M07.md","CN","4afdcb32bb1c3a18b79c9c09be7c3039758e1e36664d33f8e6579df0c146e88f","987b73fdbf6ad3e42c2ffa1768b75b15c117123cef76eb9f77fbb4714f1b1838","1","0"
"_待确认\27_王道408\04 - CN\03 - 数据链路层\1-MCQ\CN-C03-36-M08.md","CN","d9bf758c062b68c7b16c53d188a3d1a08b42a3013c7d7ceb509a4cea8c82d3c4","b29872057998d50949389fb1274854dce819cc062775ddb47107543987dba5d3","1","0"
"_待确认\27_王道408\04 - CN\03 - 数据链路层\1-MCQ\CN-C03-36-M10.md","CN","ba92dc4e878827198c404aef57ef3d3e008558ac941a53002e8351bf5e5a5c43","6545d8e62a33b2f66cccd3415be14bafb1d5968a93c67b94061d7fe512410136","1","0"
"_待确认\27_王道408\04 - CN\03 - 数据链路层\1-MCQ\CN-C03-36-M11.md","CN","226870bd68710afaaab9bd409afa5c7ffac2f38f4a3c27e1cd799e6397dd71e3","f972cd9eeb7e12de1e09c14bec8c702ab7360abe03c784b0159e106a940aede6","1","0"
"_待确认\27_王道408\04 - CN\03 - 数据链路层\1-MCQ\CN-C03-36-M12.md","CN","ca80732b146039be9a950951e3be913a5ccbd3beca8b5367433b101c939a6d51","dce8aa17097bdd1c08011e24609d11882c75892fd11a16e42e793bb40ca0fa65","1","0"
"_待确认\27_王道408\04 - CN\03 - 数据链路层\1-MCQ\CN-C03-36-M13.md","CN","fafea6fb269fd680e57aa620674d11770d6032949a0b97e022064056e7cb791e","450152819db6cbc0efc36c89a8f8b6cf658955b4c1b8cc3937e4aa32152ee66d","1","0"
"_待确认\27_王道408\04 - CN\03 - 数据链路层\1-MCQ\CN-C03-36-M14.md","CN","a3c200508bb6bb5512e4aacc2d9cab1b20a3f50035fcd92c4b1d829417e671a3","e752f9c47291bd85d6c06663d3989993d2b132bb6a5d4ae07f903c7d47d9e7b7","2","0"
"_待确认\27_王道408\04 - CN\03 - 数据链路层\1-MCQ\CN-C03-36-M15.md","CN","2c1216926fb71e2481093f71dc5117648ea3d86f85baa81754752326ad459c8f","be71f5d8f3e1904d2c0f0b9466f2fceadccede89afd24d12fb027a289ce0e161","1","0"
"_待确认\27_王道408\04 - CN\03 - 数据链路层\1-MCQ\CN-C03-36-M16.md","CN","44ae60ac71fa2349d5fa31165e6ed8c4374edff8a483c0e2a5a67d9723411793","b033935f3d920141121f4df913803f893346a1db9c20f5bbbf1036c36852d609","1","0"
"_待确认\27_王道408\04 - CN\03 - 数据链路层\1-MCQ\CN-C03-36-M17.md","CN","c15906db6d91b1ca7ef66fbe4e8625d28fee01c613645e53a568bce4f3020764","ced4d57b08602fd9efa590e9f1f0dcb652f1e4a5c875b7c7e3647ea18c3cefe4","1","0"
"_待确认\27_王道408\04 - CN\03 - 数据链路层\1-MCQ\CN-C03-36-M18.md","CN","ead5c95e9a3ded8ca1e82e4d840dc06b42cf7576e2d8ffe1a54509e5ce1c6e11","3fbf16e68e4a773ada5bfb83c707f4a906cba5c33424b2fee261c83980b76666","1","0"
"_待确认\27_王道408\04 - CN\03 - 数据链路层\1-MCQ\CN-C03-36-M19.md","CN","7bb1c7c2d96177f675fd0960da9408a52272cef2d088073205d421f33324cb43","7a66a4e324aeda73d992298eb3314d7890bb8cf2534154007f7d12dbf171f4f8","1","0"
"_待确认\27_王道408\04 - CN\03 - 数据链路层\1-MCQ\CN-C03-36-M20.md","CN","873d86cd3bdf2c202f07238fa998462b05c3c0f7087521fdf5bee5c24d7785dc","20c98169b0fc56111072b34885d3fa380d57e12c29789439580f95ef128bfcfa","1","0"
"_待确认\27_王道408\04 - CN\03 - 数据链路层\1-MCQ\CN-C03-36-M22.md","CN","2051ed9b53660518af69d5596810951b18f12578c3caef775d96df4812a7bd2d","49b0a8636f18029fff106057808cf7cb59d73b06b10b483cfb3f479d65cc47a5","1","0"
"_待确认\27_王道408\04 - CN\03 - 数据链路层\1-MCQ\CN-C03-36-M24.md","CN","003b41fa879089a93b773729ec5f0f4ea5f71b3eec78515ae0d5652cda6d339d","b9befb1550e600228b32b6bf481e0e5f76ac744255b84cb967cc55ce2ab4eca6","2","0"
"_待确认\27_王道408\04 - CN\03 - 数据链路层\1-MCQ\CN-C03-36-M26.md","CN","539cad46bbb9556c34cac45a9dd653a1cfcf102ae9c7963f36a8f20955ca818b","3f77d3daeceb6266a8b018fc9c2a3c9c48f39f895905c4fac55b3275bfdc9f37","2","0"
"_待确认\27_王道408\04 - CN\03 - 数据链路层\1-MCQ\CN-C03-36-M27.md","CN","9aa8e5b2a135b800f101e8f30a544a52a70480f4479bca9318108b28a4e38c84","5e36438af0a45c1880cedc855fd035b7424d17e4894ff4e3c6118ef2edc02e08","1","0"
"_待确认\27_王道408\04 - CN\03 - 数据链路层\1-MCQ\CN-C03-36-M28.md","CN","93dc5ad56294ca9139a51b4efea51a9b3d51cbcb89e3bee36079f98b680c675a","03ff1834492b5a24d194e3d15360a27e62e8e7383c13a91f10e3538499df4809","3","0"
"_待确认\27_王道408\04 - CN\03 - 数据链路层\1-MCQ\CN-C03-36-M29.md","CN","768388e61dcafccc9bdc78a6e736d1c22405e2f3a941b5a69221e3b796e37862","3b2d0ebdd4c1420727b211fa59bca1305a64c6962099857ceea950d5b8fa66d4","1","0"
"_待确认\27_王道408\04 - CN\03 - 数据链路层\1-MCQ\CN-C03-36-M37.md","CN","87bece99d1a79aef0fe0b6bbd17d701a1018c6614acabe4ad745516819470e1a","56bfb580973329e167cbcfdb3b6ef181cd725adc87036b734939348f79a1f0df","1","0"
"_待确认\27_王道408\04 - CN\03 - 数据链路层\1-MCQ\CN-C03-36-M38.md","CN","0719b88b50b8ac8a18f6a0dab96e96013f0e62bd7837f610beeaa1710163bee7","26f29af5b051b70cf92c4665aa4def59592f2a04d002ba9a9d63da692acb26cd","1","0"
"_待确认\27_王道408\04 - CN\03 - 数据链路层\1-MCQ\CN-C03-36-M39.md","CN","aba78497e76296c47268d2745463a8c8711753ec40169fad277b5ad7370bd2f8","967b9f1956613570bf019be962e20a563cb3d36159115543b531b1f6a1ac93af","1","0"
"_待确认\27_王道408\04 - CN\03 - 数据链路层\1-MCQ\CN-C03-36-M40.md","CN","8d46f5639a625bd484b7f8db628f2eb7ea007e4bcfbcf9b0d62b461779d9ce2e","4fae2676255cbbc239797c680140edca168ca5bc08b4b2dc98438131e65d70d1","2","0"
"_待确认\27_王道408\04 - CN\03 - 数据链路层\1-MCQ\CN-C03-36-M41.md","CN","4bd573b4c5ad33aafbace1aec4c2e92a5a1305919ef712a3627bd5c8890eb66a","a995f150e95eb4ca401c52371f85d98cff3f95b94892c41ab4035fd2e692334d","1","0"
"_待确认\27_王道408\04 - CN\03 - 数据链路层\1-MCQ\CN-C03-36-M43.md","CN","fada0f4fa604943c8f26580b13d7a27d8c48155cde7cb2ad52a0351bee855504","64e1404e035eb1f717724600119c5582eafe8bf12f7b3cbd7b867ae296cce325","2","0"
"_待确认\27_王道408\04 - CN\03 - 数据链路层\1-MCQ\CN-C03-36-M44.md","CN","11c85ac3e62b4b3de989c2b58f052d6482576be9a1c7b605a81c5066f2cc8041","de6c98b7ef166c46acd63f23249c11662d4d71400f391f2044dbeaf31a9536aa","1","0"
"_待确认\27_王道408\04 - CN\03 - 数据链路层\1-MCQ\CN-C03-36-M46.md","CN","51cfd40a82d4b9e849a3ebf7ce7fba1952150ca0d6371980d9c4a79b794c55f8","78a368225ad725ed8aed05cc17bdef6d1555a072a12655344bbf24cc18023472","2","0"
"_待确认\27_王道408\04 - CN\03 - 数据链路层\1-MCQ\CN-C03-36-M47.md","CN","b0ebdbdd54a3d3be78462f79dbcc8a6402e3e5885d8868fc74fa5e346415308f","910b1ed7a6a03b21183e2ba2a8917a093852ae569cffaf2b62bd168668fff314","1","0"
"_待确认\27_王道408\04 - CN\03 - 数据链路层\1-MCQ\CN-C03-36-M48.md","CN","953a1f432125b2339d189e3de99a89ed663d57c3c6d10d31873929924b6bc23a","c8898830167d09d86e47cb066eee80c5b8aa18b8c141011b31011a0604929d53","2","0"
"_待确认\27_王道408\04 - CN\03 - 数据链路层\1-MCQ\CN-C03-36-M49.md","CN","7aad3cf2d4644c974c260dd8b8aa33c6aa117693cc4b2ea0b4bc211d83840914","1123ec4586b4924e804a10427a825d6ce17534d2a92d7147cbaa886c287356bd","1","0"
"_待确认\27_王道408\04 - CN\03 - 数据链路层\1-MCQ\CN-C03-37-M06.md","CN","a360795e5ed7e43ff91d599c95f8cdf0340d6cc7d09ea33d4a4dd88ed494a9d3","33c1ec0f43e5ac4db5e71cd30540a5491065e92c3bdf7a37939bbdb1f893bb76","3","0"
"_待确认\27_王道408\04 - CN\03 - 数据链路层\1-MCQ\CN-C03-37-M07.md","CN","b09750c5ce0e2978c07b5aad4a4e97011364ba412e3a9609ccd6f770b8138d72","a5d92144fb140088e3c1b37c86fc1ebf54b24f9541e675e674ecd1c1e78d6cad","1","0"
"_待确认\27_王道408\04 - CN\03 - 数据链路层\1-MCQ\CN-C03-37-M09.md","CN","5e2861a1fb7e2cee83870b9fdd63ab78bf47038aab7b4eac88a6264a037f376d","e32a1097e6ed62ec35f1a511fe5b3ea6dc99b8090d3a6c6d2ef44f9c1a425b2a","1","0"
"_待确认\27_王道408\04 - CN\03 - 数据链路层\1-MCQ\CN-C03-37-M10.md","CN","4361945e82a4340bcb6ebbf2bf45b3c724ff852bc1c928d3f63e576de494fd46","8cc87b6d3297e8cc85998f315252c741524e68fe34a103317c6155225e00110d","1","0"
"_待确认\27_王道408\04 - CN\03 - 数据链路层\1-MCQ\CN-C03-37-M11.md","CN","6e501b6b9114e0c4374ccf6cb466556ec572de42f9b6845016f90235724d28f4","3ef4e616f738d652db822e4d60621008fa2559c23d29cca6e5d4812dcf6b9f0d","2","0"
"_待确认\27_王道408\04 - CN\03 - 数据链路层\1-MCQ\CN-C03-37-M12.md","CN","0468b4bf611575f8d592af42c4792041af5e51c33a5cb48d44c2d4584afee2ee","34942179d4e477350e29efce004c8dc297978dc47bc5678932f409b5d795e76b","1","0"
"_待确认\27_王道408\04 - CN\03 - 数据链路层\1-MCQ\CN-C03-38-M06.md","CN","c5e0c8240003e9f6f29f274c3479f6fc8307bb8ce832bf69fe76ea470577f137","d80eb891c875c0c2fe84c5bd04ef272874d8952ae9ecab833d2e07240b06b116","1","0"
"_待确认\27_王道408\04 - CN\03 - 数据链路层\1-MCQ\CN-C03-38-M10.md","CN","42d2cad050760ba80275f2e102b8474012bbecdf4a197c89571e6ba9379cc681","b8d3414351c9cd5bcd675188496e0710e309ab7cf56b5ec286ff7b645a80398f","1","0"
"_待确认\27_王道408\04 - CN\03 - 数据链路层\1-MCQ\CN-C03-38-M20.md","CN","7600e999e052074613a092134aab6d8778650045d6c723f8eca35325eb99408b","42d561b9c47f583b869bb384e3446a10a98c0037bfa77a53bdd8f9f8aa0c3a0b","1","0"
"_待确认\27_王道408\04 - CN\03 - 数据链路层\3-FRQ\CN-C03-34-F06.md","CN","2f1c8f851471793bc2b092527788b29518504ce6ab09de6b06c005abf06376d2","58dac83b3762f3520dab5849ec2fb3cb01b2163091141bc7933b9a0bb34ac6b5","1","0"
"_待确认\27_王道408\04 - CN\03 - 数据链路层\3-FRQ\CN-C03-36-F01.md","CN","145f1823d9029a08d4cde86cce102fb10219e6d78a6d14fb4f678560a0b2545e","accd5b3b11676e91783edbb840dfa0c40641f3f09e77e2801805af936894f75e","1","0"
"_待确认\27_王道408\04 - CN\03 - 数据链路层\3-FRQ\CN-C03-36-F02.md","CN","adfaf3c31db03c49ad86bdef061945d24d06f69f5028b94fa75564ab1eb3c0f0","6b7cccdb58c50a1388ad207f660a3788fce2de6b2007bf70fdfe2fa21e43521e","2","0"
"_待确认\27_王道408\04 - CN\03 - 数据链路层\3-FRQ\CN-C03-36-F03.md","CN","a1f5294286c1779c7f023d7fd2b974ee66f80f4938977f626a7fc80b2e3a450f","739db00ac84eeb57f9d801c1411c4d7c34ec660754812d5b791949c696aafd7d","2","0"
"_待确认\27_王道408\04 - CN\03 - 数据链路层\3-FRQ\CN-C03-36-F04.md","CN","fdb0e528fb27a842d2ebb9cd9273b5663e18e5503ce7d974ca36b7e6edb1b41d","d6b55947151bb7249443200512bb5f131f0be18761d989fc82b128d60a12979d","1","0"
"_待确认\27_王道408\04 - CN\03 - 数据链路层\3-FRQ\CN-C03-36-F05.md","CN","ff655e6ea9489a4095d0f49489c73e9afa33525668a0d91ca9b20ef9d92fcd46","e6783a09152d5c45de485840f2ba5e5476ca60ab015c6504b5aabec45b0ee1e6","1","0"
"_待确认\27_王道408\04 - CN\04 - 网络层\1-MCQ\CN-C04-41-M02.md","CN","6fe6e092d63e94636863bb924ca08687cb39bfd0cd428645edc2f2c3e85a3fce","a32bcd3a1ece0a2371298c1282327aff3e415733145af3fc66e664c49f2f93ab","1","0"
"_待确认\27_王道408\04 - CN\04 - 网络层\1-MCQ\CN-C04-41-M08.md","CN","44314666c4ee0ce7427f8d8b1c9f2a99b978ccc986dc68db1b18e31964f82e85","3c98bc9be3fb78c8042d44d677c9b8ac9008cb21290135292510e71fc80c3665","3","0"
"_待确认\27_王道408\04 - CN\04 - 网络层\1-MCQ\CN-C04-41-M19.md","CN","9d67fc72fb829b2006d40bb711c49a49f80516d81e6f7a31139303a649e9d1b3","9c79a7867ae8d8c4bccc17085c53f524b5da90d4125083ece4fa4322dd794eb5","1","0"
"_待确认\27_王道408\04 - CN\04 - 网络层\1-MCQ\CN-C04-42-M01.md","CN","cb8fa6db06a1c8e88c75efe7b0ff84a71354526f0964da0f27f4b0c4a1ab0702","46869cde2680dab266e03e201ef41188f961e3d998ff791917ea7923d18c9d59","1","0"
"_待确认\27_王道408\04 - CN\04 - 网络层\1-MCQ\CN-C04-42-M13.md","CN","7e5ccc891588af855eee04cefd508d69c5d038589336d0a6d08904ea6bfdbca3","ce1000e3af5313ec96520751eeeee1ff7b2876e0b81f908bf489131b96dfe7c0","1","0"
"_待确认\27_王道408\04 - CN\04 - 网络层\1-MCQ\CN-C04-42-M16.md","CN","a4ff4f6d51ad13a53bf06e4195e4f7c4fb5127d402804bca8ca0d4bb1ea95e0b","2b713b805c000b180c7a9d3d16d3e12a3ee3ba7b0427b91f81c76d7eb3f19d82","1","0"
"_待确认\27_王道408\04 - CN\04 - 网络层\1-MCQ\CN-C04-42-M23.md","CN","cc34f10f34421981ddbb60b5f9f9cae580ad3e4e89d0a432edf9fc21088bd7cc","a5a60681374861c89f078b505b265d7814ca3e00aa024d1590f4be672b098f7c","1","0"
"_待确认\27_王道408\04 - CN\04 - 网络层\1-MCQ\CN-C04-42-M51.md","CN","56603e3c8b8acf0af487dfc2acee0574e30ade5442edc3da14a5545deadf7b64","1e9c9dfc7ea62c5f86977d2ddd49b59a37d2b85b168df73c9e5e346e52c48d0d","1","0"
"_待确认\27_王道408\04 - CN\04 - 网络层\1-MCQ\CN-C04-42-M56.md","CN","15a449e872c4b3622b478361d1c23be702e6ae616d7f096734cca7c62e05dd46","9e8008722011032b63cd63df3a3d9d99090c019b1f4fef7c4c502ac0023fedca","3","0"
"_待确认\27_王道408\04 - CN\04 - 网络层\1-MCQ\CN-C04-44-M06.md","CN","468fc4225c465444ef6c24d5d3cd2b27a35cb554ea274bd61be9143a00099476","7fa068ef643295df71f244cb18c8cab08f042b134bb32b9564066cdf46562a9e","1","0"
"_待确认\27_王道408\04 - CN\04 - 网络层\1-MCQ\CN-C04-44-M08.md","CN","3a5e9c542d6e63875a6ac13d89d2e7295445f0ebb09e727b803f06f17f8b6eb7","93276c4e9b972fa25a94260b5b1f7bd8425b1fbcfd01b8bf13e4ffc6a2c43b27","1","0"
"_待确认\27_王道408\04 - CN\04 - 网络层\1-MCQ\CN-C04-44-M09.md","CN","64c5cb94d2f9b8f152180a17df38110140515dc9b657dbf032a3bed1cf5011a6","da55e139b05ff60eae34e3960d251bfab9768819c849b6272e3905130526217f","1","0"
"_待确认\27_王道408\04 - CN\04 - 网络层\1-MCQ\CN-C04-44-M10.md","CN","9c2f515b11f77e9c1a97f5d04a05ca1628c0883ff26868de4fd7d572674b7e4a","ccbbde6ddb454088cee3e73cd048598efd4bb860086ba8ab83cc4565761c2f86","1","0"
"_待确认\27_王道408\04 - CN\04 - 网络层\1-MCQ\CN-C04-44-M14.md","CN","7bcb34bec286cf241ffb8aa9a987c47c74fe8c937e9d2e9f27ae353b33ef1b12","eb4979974c93afef976c67ab83c7a69ff7fdd9e8ee3770095c35756ce564f206","2","0"
"_待确认\27_王道408\04 - CN\04 - 网络层\1-MCQ\CN-C04-44-M15.md","CN","dac064c71efeef1af64dc61b20e6b54dc86f08f844b4dba96b37cf5672c9a16b","40f831f9a472538ab81893c2808d82f339a1fbade1f080e0f4f3581bb38072b8","1","0"
"_待确认\27_王道408\04 - CN\04 - 网络层\1-MCQ\CN-C04-44-M16.md","CN","bafa6c33fb950b079a00ec31de79e62a862c19cdb00e45bde1b15e6f2063439e","45c10f886775f4e96b978029143afb6e63e0e88058589768af66d1ad54df2bba","1","0"
"_待确认\27_王道408\04 - CN\04 - 网络层\1-MCQ\CN-C04-44-M17.md","CN","cdb149b754d024a027a8a2009bae2ce43efeb1ec506db1a34f60ce60e330506c","ba1ebd72e4ecfe0e978cde41d9132c4d6b5de4e16fbfb8ec642c04686b612493","1","0"
"_待确认\27_王道408\04 - CN\04 - 网络层\1-MCQ\CN-C04-44-M21.md","CN","1d09bc81e4224afd9f2e90c449ca80058f6d8dba6d828b4df78c4516b7709c78","6776ebe2fcaaea12317123c368bea9e3637ddfe142a5e50f0543a7d68985744d","1","0"
"_待确认\27_王道408\04 - CN\04 - 网络层\1-MCQ\CN-C04-44-M24.md","CN","6cbd59b9b9eb91807a8cdcba3104561e3831830d79a828bee69877f5d908cf9d","0fd3a402a9e90e8305f48f879d7934a845747279fee39727f5c5c186a5167bf3","1","0"
"_待确认\27_王道408\04 - CN\04 - 网络层\1-MCQ\CN-C04-44-M25.md","CN","7e3435b90b936e95e7e6c09edac09c678a6a572ac8093706af4b9ede58c0f6a9","d66857e39e26ad21498d611cc778d0273fad37c4f0695fd8456cd4523d9c5006","1","0"
"_待确认\27_王道408\04 - CN\04 - 网络层\1-MCQ\CN-C04-44-M27.md","CN","5455e120c57ffa8f5e9986b8336573d643e181af87d12a613e547cc4f53e852d","6cbc7fa561f4365b4515fc66c2873ec52590e9a4bb8da6aa37daf9b10a61d402","1","0"
"_待确认\27_王道408\04 - CN\04 - 网络层\1-MCQ\CN-C04-47-M02.md","CN","3c86b66f46ce61e6c3bb74762da7abbfdabf6bf85f8ccffc0f32c3a1e6bcce61","7f4bf2ac4fc8721dc9235d3538969415418e7e99e069992f70302c90db37e742","1","0"
"_待确认\27_王道408\04 - CN\04 - 网络层\3-FRQ\CN-C04-42-F17.md","CN","03a0e5f5e2c0a115028342c958ffd72c034016bef5685c260e7f7dba78d78d15","1b0db5235f6ea54720c6922f1c598a54d704c8c06d24eb24578da6901e3b0e50","1","0"
"_待确认\27_王道408\04 - CN\04 - 网络层\3-FRQ\CN-C04-44-F01.md","CN","1769f9e0df0b4747778abc847c8659b28f0af2e9a69e4942fdc148a9a3c0c176","c497d0fd220b0628c23f5d11a2af31a308cce15fd2866183820575e1044002aa","3","0"
"_待确认\27_王道408\04 - CN\04 - 网络层\3-FRQ\CN-C04-44-F02.md","CN","b63693933b2722f902abd5b34d338785006896c88ca12676a04c7af0bd439ad6","ccc2373dfb72750ce98a9f18a252d3fa453731702df23d12e8210590dd464828","1","0"
"_待确认\27_王道408\04 - CN\04 - 网络层\3-FRQ\CN-C04-44-F03.md","CN","fe26f974b946fae86d2521f122692d3bb091011f4843472e7051ffb673b60179","adc800adfae05d82160d19254c550741ade96f3b8fad1d0e99daeb650a88cbd1","1","0"
"_待确认\27_王道408\04 - CN\04 - 网络层\3-FRQ\CN-C04-44-F04.md","CN","722a8e15996b2a5ca59bf645b16ae45a77c3050224153f0c4c8215438db808d3","ac3bce1ce99f5512aaff411bdfab1b1f3d00be7a9673dca34f6ce3b51732c03e","1","0"
"_待确认\27_王道408\04 - CN\04 - 网络层\3-FRQ\CN-C04-44-F05.md","CN","4e11b5927b0d02e2ba6aa5954f40ead83442722b3f6b527a3cafc7efdab5d199","0f65833a40bc02dab022aad815c4eff3e21088557ecc952e0d78f781748b0e8e","1","0"
"_待确认\27_王道408\04 - CN\04 - 网络层\3-FRQ\CN-C04-44-F06.md","CN","1ad6cefde3130e6f73b5e00015fce9b713a45713caaa54b490ddbb3be961f798","e231bb8d1ea3be79aae86c09307040969a181c68b2b9a2d78e6e200d5e1110f6","2","0"
"_待确认\27_王道408\04 - CN\05 - 传输层\1-MCQ\CN-C05-51-M04.md","CN","52c5addfd25993e04aae603cbd9f441255aaed859835f639854a3b1a360e54bf","19f93f11c38cc838b8c6d84ce172b7f5cac23426996f4a2c3c89fe8da78e19b6","1","0"
"_待确认\27_王道408\04 - CN\05 - 传输层\1-MCQ\CN-C05-51-M10.md","CN","5fad5a6156d7bcf12f8e7a1705acb09d63ed7c9758288e63c74a051b4d3ff0a0","3267be44800b0f1c90393fd869fcd93f2925a8fa92ffc69b3ac8eade130a267d","1","0"
"_待确认\27_王道408\04 - CN\05 - 传输层\1-MCQ\CN-C05-52-M01.md","CN","95c769c194a37e2e14b94430ebcec822ee73bffd849d8039ca0bed5bd0335e37","9f89c33e16f20fdbdf3ea8fdd50294da7a0acbb197a1700363832ebfafff71f5","2","0"
"_待确认\27_王道408\04 - CN\05 - 传输层\1-MCQ\CN-C05-52-M07.md","CN","1706c0bdbc96e1df2f70801cf2daee7962b5a922fdfe39f8732fad5ffc61db71","dad1476b74eda56801d4a57aa4195c90acf56598cb16f7e2ac92cd48031738ca","1","0"
"_待确认\27_王道408\04 - CN\05 - 传输层\1-MCQ\CN-C05-53-M02.md","CN","4b03d2f720154610169ab91096426d689e80100c178eeffd6e131392488570d4","081a2b8476a7c4516590425f69beb1d190885747aa990e059f0a4cd1261c0e66","1","0"
"_待确认\27_王道408\04 - CN\05 - 传输层\1-MCQ\CN-C05-53-M10.md","CN","24b0217d88103e5e4e920787619e8519fa234e00834b1b7e5f7048751ca4a323","f3dabf01d7b8f920ad56f3a696116d36019eb87a34ba3c0dfa20ea4bba15cce4","1","0"
"_待确认\27_王道408\04 - CN\05 - 传输层\1-MCQ\CN-C05-53-M13.md","CN","a14927c09294160dc1bd0774fe4754b76dd2da4eefa097738a9565e767fa665f","bda7dde56b1334c1f5016353d2bffe030cbb7a23290ba3c02b5ea47bb300e62b","2","0"
"_待确认\27_王道408\04 - CN\05 - 传输层\1-MCQ\CN-C05-53-M16.md","CN","d3e48915612fe6021cb7f73aaf807804cd574e9df0df88855b6c0965aae837b4","bb739a0f220ee7448eaa2314dcb7bf1447c8484caebc3e2ab11ccfda12322553","1","0"
"_待确认\27_王道408\04 - CN\05 - 传输层\1-MCQ\CN-C05-53-M29.md","CN","9592fad1ae701d761b8ab0708fee8d46e787574c4af9437229447dc1a4a4aeb8","807f353dd4ceb922d80a984e43ebc33c05d4721fffbac0b75fc5c83843f22d68","1","0"
"_待确认\27_王道408\04 - CN\05 - 传输层\1-MCQ\CN-C05-53-M31.md","CN","aeef802f2b79b6deac81517c19710e415653513aa986cda3e9fb6a90b3560336","5f0f65d4a48790a1afc096c818a19704443dd6d04ae927f70bb6f2e6c888ee2c","2","0"
"_待确认\27_王道408\04 - CN\05 - 传输层\1-MCQ\CN-C05-53-M34.md","CN","95aadfb0f17304a54c41c7aed1434360dd5de40069dc94198fd3d25f42fb82fe","dedd6d726e27adde9bdecb89ec5881679b63a366f6d5516b8cdffdbfb327e453","1","0"
"_待确认\27_王道408\04 - CN\05 - 传输层\1-MCQ\CN-C05-53-M39.md","CN","451643b653cc167ee7ca09ef022f31b7e09d60152ba1f5fb6294df781020de84","7c7d76b3b5d634c4fc0a7caa4d2a80db203a1c08c325389ebdd246e9ffe81bec","1","0"
"_待确认\27_王道408\04 - CN\05 - 传输层\1-MCQ\CN-C05-53-M42.md","CN","2fb79a045113642019c874a7925cfa3378770c39c872f206db8f1ee56812bb6a","5078b3cd2503b86c6e8d0a5c800f316123d5a8638679f1c7182fc415bcff0465","1","0"
"_待确认\27_王道408\04 - CN\05 - 传输层\1-MCQ\CN-C05-53-M43.md","CN","2fb7a625936e97b7cdb854552a5ab752aae6a28b1688e80f30f0da924d8a55ce","ef3c2236d98bd7069baa1951f6dbcd59ca1fccac06807b8dfb9d9fc97da8fff2","1","0"
"_待确认\27_王道408\04 - CN\05 - 传输层\1-MCQ\CN-C05-53-M46.md","CN","e17269a248b715922b027d3f8e14ae5cabf3cee736b10c13303c33c2a8a9b39c","cec20ae24c111818515936a0e47393ef20a3a900fba47cc6d93b0cb6335c94e5","1","0"
"_待确认\27_王道408\04 - CN\05 - 传输层\1-MCQ\CN-C05-53-M50.md","CN","8275aef5afc827e75c9fca210f9e29981063b5dbfd53e282cd807c4b1b6a98b1","d0927eb91d815b13152737d697e03c4ba7b0f9f758675458911127445fd2bf44","1","0"
"_待确认\27_王道408\04 - CN\05 - 传输层\1-MCQ\CN-C05-53-M52.md","CN","0b40e2180b08e138c8a006babc2c431146707616ba91be6029458d97bac7192c","510cc5462c791275e3e8763c517d605580cc47ad18c604bf5ac7623e3cee2bb3","1","0"
"_待确认\27_王道408\04 - CN\05 - 传输层\3-FRQ\CN-C05-53-F04.md","CN","861770d3e82d20c7e56f2a8895b407cd596165f0efdb1271da139503de85be8f","28e9cc75b7d33ee621a803334a203ffe1c93f8524dc750ac491bf91757ec6bec","1","0"
"_待确认\27_王道408\04 - CN\05 - 传输层\3-FRQ\CN-C05-53-F05.md","CN","e36c0d10159ddbb1cb68f8b6487ca68728c1ce5b7fc0c9e7af7c374235dbf08c","7055ff669e28b3d23f69d7be9fd8ad00f6ce08436e2d168c496ca0290c1733b0","1","0"
"_待确认\27_王道408\04 - CN\05 - 传输层\3-FRQ\CN-C05-53-F06.md","CN","29f9e4c17626948570d88d38d466c751c90176be1377f72658927cf1de921556","47d8dcb005e21cf2476a8c62f4ecc5b9cf334c7c2899a020adf86b6933725c39","1","0"
"_待确认\27_王道408\04 - CN\05 - 传输层\3-FRQ\CN-C05-53-F10.md","CN","e7b3dbd3a54d57a78e7e9469de5ea2371a9a3d96cd891235defa868eb8058aa6","2cd53329b639c3892203d64cdcc6155ee59258ee49725d7f2af44194cae7231e","1","0"
"_待确认\27_王道408\04 - CN\06 - 应用层\1-MCQ\CN-C06-61-M02.md","CN","ce7f1fa525b807da9a3083dc0afcee5e066446af6b49531804d43a3180b138e4","d4a5c350ef45e8fe90fc8c304456213f3110c9c6b660c186e7760d0218c14486","1","0"
"_待确认\27_王道408\04 - CN\06 - 应用层\1-MCQ\CN-C06-61-M03.md","CN","4970a77d1abc3c57cbf58921c9d54dc9f296a634658a641a8934e28f6d765e38","b92071dc1e0463b752d90632853f160e4fc3f868a2b5307acce28efb5f9084c8","1","0"
"_待确认\27_王道408\04 - CN\06 - 应用层\1-MCQ\CN-C06-61-M04.md","CN","f8eb2d98e16863bd0ecacba2ef32bb32797effde44a4c34c3140289133936653","7aca0ce23d0f3932adf7373c065762c3a539523da8d84564b6252a93e0d3ff0d","1","0"
"_待确认\27_王道408\04 - CN\06 - 应用层\1-MCQ\CN-C06-61-M05.md","CN","5200b62b6202dc1eb6959acb5fa0b2f28a1ef00691da036f0aa3e59de12282f3","727355c1e7dbdb84eda1d9b76f6c1cd4462edaff1b93da802ed7b7ed833c4124","1","0"
"_待确认\27_王道408\04 - CN\06 - 应用层\1-MCQ\CN-C06-61-M06.md","CN","81091122e373df6cd6ac66e6fd7e6627d8060c8300a413c8d499457e49841c6d","f3ef04d14cd114f378d2012439abbb9aa6cd45096191a0752acadb5e67dc05a9","1","0"
"_待确认\27_王道408\04 - CN\06 - 应用层\1-MCQ\CN-C06-62-M01.md","CN","a7f1a2de03b598985a3ddb9ce55a72e205a3cbd78237b95227d5943d831c5b5d","edd39b2fbafaa7101727a95065e84ce83f0a9a32a9990670ccd667ecf4e2d790","1","0"
"_待确认\27_王道408\04 - CN\06 - 应用层\1-MCQ\CN-C06-62-M03.md","CN","f3dd96b69bf09fe8c3fa80a5b15d12a940fc6e551abd8ad9d56ea5c004e92c0b","22f4b3ae543803f9e1fa80b0a093e63440af4b67f58ef079b5e57aa35e2e8995","2","0"
"_待确认\27_王道408\04 - CN\06 - 应用层\1-MCQ\CN-C06-62-M05.md","CN","21e8301bd145fdea214a86843b9be38ee094ce7cf2297caec416ef63d52cd63e","9059a556784ff1838e99ae63cb68206c948d63a1aa3e3c711455311a061ce4c1","1","0"
"_待确认\27_王道408\04 - CN\06 - 应用层\1-MCQ\CN-C06-62-M10.md","CN","c8dc793f34d3356ca3e19f28d3794d544c66f205984f6971099fc66ded4810ca","155b662026d241d1699e463d575cc94cca103bc453e7637a87130a2e04973c5a","1","0"
"_待确认\27_王道408\04 - CN\06 - 应用层\1-MCQ\CN-C06-62-M13.md","CN","167a6c922ba244f8f01135b1b2907fb1015c94ac6a236b8c9f41db9cc32cb6ae","c43d9cac2a59ce57ad2dbda3d14ed8122be9dbb73f4356471b73001f16a673c0","2","0"
"_待确认\27_王道408\04 - CN\06 - 应用层\1-MCQ\CN-C06-63-M01.md","CN","f12b28fabe00f5233e479dbe1413d663ac7b821c3338590136afe6df97aa1493","278d75a4a6d18b31952f86809dcbcf1173e4fef4e15933dd7786fc0d2d0a4cbd","1","0"
"_待确认\27_王道408\04 - CN\06 - 应用层\1-MCQ\CN-C06-63-M04.md","CN","377ee8147c979ac610f0f3562ef52cb4af0c2e3ecbb786f35f3910ec81c3fa4a","819571167122aa050850c769a7efb683729bd4977d617f3caeb719d9a8846d3d","1","0"
"_待确认\27_王道408\04 - CN\06 - 应用层\1-MCQ\CN-C06-63-M05.md","CN","eba2edbe3de213f7605983eca4ee07dc78b90e84fafb47937423a89264e75869","8e99e3c8f998f43ba75084e8f371bbccf33cd2992b2304d97ef9a8a6743a7a21","1","0"
"_待确认\27_王道408\04 - CN\06 - 应用层\1-MCQ\CN-C06-63-M06.md","CN","addda6ff454407772a24558a8272beee4812ced27d6de535c026c09f3dcef1b0","1fac3cc95f0166f241cf4496a509d0191287dbbb8786fc1c42c24054dbfa250e","1","0"
"_待确认\27_王道408\04 - CN\06 - 应用层\1-MCQ\CN-C06-63-M09.md","CN","1d4c0400ee323dcec62a24b1e4beb89c25f89428a4a15db9adbabefd513386e8","3e4c0af34bafa1e43abe2b4bcba3f68c7cbb67fb10f672ab47c128297881ceda","1","0"
"_待确认\27_王道408\04 - CN\06 - 应用层\1-MCQ\CN-C06-63-M10.md","CN","997f6ed8d2c309500db42f529aad0ebb88a1f9d96cf17f0851be3a8d3a0dc6ad","fe4b4a4ed133967fe2496930a95e620cc6e6322ae71939e861bb80273f110395","1","0"
"_待确认\27_王道408\04 - CN\06 - 应用层\1-MCQ\CN-C06-63-M12.md","CN","8630ac4f195137b3c7c22ac08c6235ade0f48f448e35c4d50bf3ab4c86bb0b6d","978959cb6522fca266279f684e35040e05fcb59576b226e42f94a4198cc099d8","1","0"
"_待确认\27_王道408\04 - CN\06 - 应用层\1-MCQ\CN-C06-63-M13.md","CN","385c0765c9a6c8d11867040273fd35105a116f256578a73d577c727ef7545b10","74c20eed308e909ce12676c02fc84bf827c855a5849d60acb1545606cf784857","1","0"
"_待确认\27_王道408\04 - CN\06 - 应用层\1-MCQ\CN-C06-63-M14.md","CN","512f250e880b8d766ae49659d99a68167d83c18e51f737fe0f58b203b9218776","721f842f14d3c13294f8cce2cfe2b55282995975d4421b3e8acff983b3ce684a","1","0"
"_待确认\27_王道408\04 - CN\06 - 应用层\1-MCQ\CN-C06-64-M04.md","CN","9b6a815526b62fcf55b251a8bd42544a481a2a0d3f8186ab767f4de020dc434a","44d189e2cb65b52c0925fc1c926d8c6134038aef0a987c390b42bb5564b85ced","2","0"
"_待确认\27_王道408\04 - CN\06 - 应用层\1-MCQ\CN-C06-64-M08.md","CN","bbc4e6fb8523bce1351eee2e0c83caa617cc877045357e5c04d2710cc40428a9","03f740bbbb9c926041c6b2db1aa99f2ddf00e8222d0847943d46069def9574dd","2","0"
"_待确认\27_王道408\04 - CN\06 - 应用层\1-MCQ\CN-C06-64-M10.md","CN","7dc11ad01990b360621164320b83c31c75be7063e663479c464925ab61d5a577","e1bc3a12877173b56495d817a691989463cb6589ad98cd0a730afd87bb1f70ae","1","0"
"_待确认\27_王道408\04 - CN\06 - 应用层\1-MCQ\CN-C06-64-M12.md","CN","c35ec47115815d344ae1960687042aaf0c26e8421154db31bcf675a8beebb21b","76727a74caee15fbf760a3ca8759034bb4365b54c046d26bcdc5a5886ae30608","2","0"
"_待确认\27_王道408\04 - CN\06 - 应用层\1-MCQ\CN-C06-65-M02.md","CN","8e55fc8f6dfa4ebfa866bc5e530e77b642b6a61787fdb3425aeaae9ac93c334a","1deb74616c9f2c95e2eba43608c4a07fdd60d07a89e8f30945e2850a755dc8db","1","0"
"_待确认\27_王道408\04 - CN\06 - 应用层\1-MCQ\CN-C06-65-M03.md","CN","4df69ed072fa0acbe3024d9f3abc80956cf8ccff20f3747c6d11733cc121be5f","ee48bf3ee202e4d41d0baea0fdc74a123cedf5f0777e996a3cb354a5b4dcfac3","1","0"
"_待确认\27_王道408\04 - CN\06 - 应用层\1-MCQ\CN-C06-65-M06.md","CN","3a00416fd05cc02902ef00824f494c23f8fb38d089bdea4b8419138e6dd2955c","f388323ce6af30e1a03aad3d27324bc45412d619e316e37c4b567a5a31a0cb2d","1","0"
"_待确认\27_王道408\04 - CN\06 - 应用层\1-MCQ\CN-C06-65-M11.md","CN","edb0ac5b2ef9b8142140a2c7ee9e61fca0eb86cc1b273daaabe8db54bd56b052","fa11c6976e5843fc6421f1efb837ef72639a34dd6c88ade782794009a026da2a","1","0"
"_待确认\27_王道408\04 - CN\06 - 应用层\3-FRQ\CN-C06-62-F01.md","CN","9cdf17cb2873ce01496bd3b9f08e1cc65484320872a2a27c44989e1ef1c1021f","6741a45c6de926968fff5fc7c9f6e82a1ba3d1f65d38dff3553f8ccd3496f1cf","1","0"
"_待确认\27_王道408\04 - CN\06 - 应用层\3-FRQ\CN-C06-62-F02.md","CN","c68dde74d141f13d8354aa3a1f9dc7f5f6839a72788fcad7350370ab57de9569","87fbb796fb8e2d5fcc8be4383c770f3902334828364c310a743050c7cb399377","1","0"
"_待确认\27_王道408\04 - CN\06 - 应用层\3-FRQ\CN-C06-63-F03.md","CN","a98b6adfed16f9e175fb92b1c5226fbdccf6ba059d66a6d98a80427d1245425c","1a1c5122df04aa9ef4fa7cb4bafab48ffd2d49383c93c844032be48a340e7ff5","2","0"
"_待确认\27_王道408\04 - CN\06 - 应用层\3-FRQ\CN-C06-64-F01.md","CN","ed78544d2d646de404141423498fc1b20a0d09add7699b09c07e467b1f0c0027","2a71ac61c9da59a13b98ad37b9cecf6a4105ac4153444905b7d9e63382f3d1a9","1","0"
"_待确认\27_王道408\04 - CN\06 - 应用层\3-FRQ\CN-C06-64-F03.md","CN","15370a811fda733ed35e755d795aebdd8fdc95f2fb3f9f4df4c7f150e75be563","ce7adcbf8654e3317cf8548ba2f180ee65f5ae53859ee49d35a3a54ede4fb268","1","0"
"_待确认\27_王道408\04 - CN\06 - 应用层\3-FRQ\CN-C06-65-F03.md","CN","716b6c90a3ea31128c754dd5502b5dc0760453b3ea82d6ae16767f47d4856686","c83634006a38b34931ebfeb1af799cf3b89a1c9c21cf41ddc9adc7bcc8551f90","1","0"
"_待确认\27_王道408\04 - CN\06 - 应用层\3-FRQ\CN-C06-65-F04.md","CN","9e04ff85a5bc1af6012140a5829e05d8480d0da8c5e04ddb8945bdc8d5d15ffa","5a34db3ee366317de6638d0254794870540de2236efe00fd3e2faf91d49c11be","1","0"
"_待确认\27_零壹习题册\CO\01 - 基础绪论\1-MCQ\CO-C01-Q002.md","CO","6156f93ce3049eed68222faa7af0376649198631abcbc0806798b1e1d0682965","e08869f661084b45b3329eb0b1fe511c64fa04348e380e79d75d9f492a617cb8","1","0"
"_待确认\27_零壹习题册\CO\03 - 存储器\1-MCQ\CO-C03-Q004.md","CO","4ba66f5f0c9ff8ee60ce4943515592475e8e8a69892552aed5a46f111f915d17","b77e9bfabbf0de4024ff46162d7eac66cf8a44d73e419aaddbcf7d3eea8416d2","1","0"
"_待确认\27_零壹习题册\CO\03 - 存储器\1-MCQ\CO-C03-Q005.md","CO","bfc365ac664e08cc22d4f57d2410743a3e118998a37462512d4e34d04411e1ce","79aaffdb031185435874352e06e1864394fc3b7591a83d6cf8900a63363abcf9","1","0"
"_待确认\27_零壹习题册\CO\03 - 存储器\1-MCQ\CO-C03-Q006.md","CO","9a12afc33838f2ab75491a7e885e1d80df2a113bfda6b18d8db60233bb807666","8efd4a5997284885da365d43c3c5b30278afdc5f0576a825bf73333cadee58c6","1","0"
"_待确认\27_零壹习题册\CO\03 - 存储器\1-MCQ\CO-C03-Q014.md","CO","ea2c43667bf21ca783276145621fdb7f447045360d807e36fad93134511c479f","dee2d8e37a8e52baec207a412b19deaab011bde43f4271ffd8d0abadb3a468fa","1","0"
"_待确认\27_零壹习题册\CO\03 - 存储器\1-MCQ\CO-C03-Q016.md","CO","2e17f2c8d1a1a8c60a89ac565b531dd610e79c6e2652a538cea867e1cfec2e5a","cbe849945c1b589128f421404a5b5ec4570e97945cd5ce02160ac61b3d166586","1","0"
"_待确认\27_零壹习题册\CO\03 - 存储器\1-MCQ\CO-C03-Q021.md","CO","340eb99bba2e9bc10b7146919a90dee5c9fcfb276f75d8bd7232fff06b3c824e","4b298c8264d1816a2dc9feb0b109fb615e9544daae0d3cc5f52fa70b4c2ada17","1","0"
"_待确认\27_零壹习题册\CO\03 - 存储器\1-MCQ\CO-C03-Q022.md","CO","5867b5653b2195ddd202a50ec250cd9c301b9d0ea01d708abbffc1588d158821","9d1bf0be60c0c2f624369e17f9ec2d9f180a277026de58e2cc78bce7c8dc0b9f","1","0"
"_待确认\27_零壹习题册\CO\03 - 存储器\1-MCQ\CO-C03-Q025.md","CO","8a3c2affe3bcca3cd38384f1fc2bb99080db7bf45dcc216d6d55c59762fc1826","39aab7043e20457aaabfc21a1b4cbe6ef18804a9b38e264b27cd369625bfc713","1","0"
"_待确认\27_零壹习题册\CO\03 - 存储器\1-MCQ\CO-C03-Q029.md","CO","9d039027e28bba1c3c2dc09991eec94ac2b11968e8e597054afaf89c55318e58","d788b135141ef1c8fb5ef7a206c69ece8bac636dee12144dd08076d4183b766f","1","0"
"_待确认\27_零壹习题册\CO\03 - 存储器\1-MCQ\CO-C03-Q035.md","CO","3fd547f560904afffe6ef249c524b731ba4bc5da95fcd6a32cb7d39184a903bf","da40cdd9f5a6a04aa922a4cd176c0611f468386ebe59667a3bc0535996a6e05b","1","0"
"_待确认\27_零壹习题册\CO\04 - 指令系统\1-MCQ\CO-C04-Q015.md","CO","3c24b1b7b0e686f5a21d4ec8626076b21c8f719238b85ca09e28b41f2b52a6ce","1997994b1108b980b8e7452f0cc5ae395652056b1e06201426eedd1ac65d78a3","1","0"
"_待确认\27_零壹习题册\CO\05 - CPU\1-MCQ\CO-C05-Q007.md","CO","095d58970271a418ce2c731edddfba7173c1caecd4e306102a80a9c270ee7608","8a0e39be6aa3507225f0775c4b54164f0a086896baba79fc04bada211f4a79b8","1","0"
"_待确认\27_零壹习题册\CO\05 - CPU\1-MCQ\CO-C05-Q025.md","CO","81b9ae85a026ff092069ebabfe9fa17999cb95a813c3be35ddceaeb773467d9e","a26de485049092ada0f2c67e471991b6796f037a48abeadca848bd3458265fbd","1","0"
"_待确认\27_零壹习题册\CO\05 - CPU\1-MCQ\CO-C05-Q028.md","CO","dd859166b85cd221755294dceb53b10a570d883c6dc4763b1cd29a7ceb0639dd","8a5362b270d56da65c63640271fc100e7768efe934f5bd625d7646ae8bdbf809","1","0"
"_待确认\27_零壹习题册\CO\05 - CPU\1-MCQ\CO-C05-Q030.md","CO","30f662f969995819c8640915e1412db18489d2eeaeb488e7460acebc0e452a68","96fb7fe7f3c70b1c0b4961d13759d46ad6350f95eec35caf67238187e5437969","1","0"
"_待确认\27_零壹习题册\CO\05 - CPU\1-MCQ\CO-C05-Q034.md","CO","4b431be28b88dda12c75798748ee56a0510e4ea2a7f1358a08708c09c0f4562c","85be925c44be3e3cdc34385c07b49855005f441e2bd302c9a5c762cd5062dea2","1","0"
"_待确认\27_零壹习题册\CO\05 - CPU\1-MCQ\CO-C05-Q035.md","CO","72aea1e32261f3c1abb6363f479c385b39cdf54ae6da750680a134a02c829b0b","8d397c13db1e816e170ffe7bfd317b83f290b69f66191832da1e486c64307d78","1","0"
"_待确认\27_零壹习题册\CO\05 - CPU\1-MCQ\CO-C05-Q036.md","CO","5f6c82282dd0bfde808da9285f09019ffacd6a61bda3d97c274d7c6c08bc9389","a64540aa3ccf7006dd2c1e4e4eeb5d5989c16da8b9bd5ff415f7d980f7c8e2d3","1","0"
"_待确认\27_零壹习题册\CO\05 - CPU\1-MCQ\CO-C05-Q046.md","CO","2da0d97f9c5054982be9381a53be4f5528a72632dc797b4d60f529ffb2d8a8e3","3a64ae754b650e04c5890fc03945255d5d08ec909eb8114f837bb0161c426da0","2","0"
"_待确认\27_零壹习题册\CO\05 - CPU\1-MCQ\CO-C05-Q058.md","CO","260c17a3aa9d32b30b1d7e0a3c40d07d2538e4b1de4625e98be46c1f037fbaa1","4175131ecaec8a22c352d75090b0e696e3dfe743dd30d4d375d0e60b8eb2474e","1","0"
"_待确认\27_零壹习题册\CO\06 - 总线系统\1-MCQ\CO-C06-Q004.md","CO","69b0f0cfa51b9cfb9a296ab4f884e27d7154d98be0417390a4f228c46dc8c3d5","c2d324463ea6230d237c49a7a58cfd5a1bd252ab7cb2e09175d546c88eb98daa","1","0"
"_待确认\27_零壹习题册\CO\06 - 总线系统\1-MCQ\CO-C06-Q008.md","CO","ae2da85a7d7c559de89372083d90d277c9b89e2954b73a8155883c4c1286396e","951a561ecba02343e049657256add9b1b45025aa0618fba84b5caed8476a60f7","1","0"
"_待确认\27_零壹习题册\CO\06 - 总线系统\1-MCQ\CO-C06-Q009.md","CO","41348b7b9437c98f810ec439e14ac6fa01a3cd62d78a4e009641aaefbf21d62b","9497fa3a1309dc5af2a81f1fe5ee8d47dab8dfbaf7c0553c4cbe9fe2433b7de5","1","0"
"_待确认\27_零壹习题册\CO\07 - 输入输出系统IO\1-MCQ\CO-C07-Q003.md","CO","b1b42788988d073b781f9b3f1cf6336de84c807324b2806117ebbc2d6b81b1bc","6e2565281141ef4d1900b2f9a74c2e2f01d1d92ae73d2c16e5500f626510bb58","1","0"
"_待确认\27_零壹习题册\CO\07 - 输入输出系统IO\1-MCQ\CO-C07-Q004.md","CO","fa60c31d26999190ffa297120aed9b9ad37cf6b2ff7f6ad87c77f47ab7d96762","6204396fc45b108b2bffc665998b718e12d6867cf15afcf84996149e9839ef10","1","0"
"_待确认\27_零壹习题册\CO\07 - 输入输出系统IO\1-MCQ\CO-C07-Q005.md","CO","68f3a522186795d4369a537c685bad6d511e4bade0dbda3aa7af17d5027de1cc","daeecdd633242965e4eaa8382a08e232d8dc1d57d0951bbb48138a167a24487a","2","0"
"_待确认\27_零壹习题册\CO\07 - 输入输出系统IO\1-MCQ\CO-C07-Q006.md","CO","43639d91fa3b428c79da85e7e48ac90f8d52fb26112470c387510376aec7e343","fbe350c86e7bda736246f025d9d685f5eedb16883bdfff23f23c0f71da78babf","1","0"
"_待确认\27_零壹习题册\DS\08 - 数组与矩阵\1-MCQ\DS-C08-Q006.md","DS","501f7b1f21b54d3cae5d8bc7eabb6775a45f94145c16dcd69cd4f753d2afcffe","e667fcce4d97a0357cb07f28c7ef9baf050b9d728c02a808387d51ec30319a34","1","0"
"_待确认\27_零壹习题册\DS\10 - 树与二叉树\1-MCQ\DS-C10-Q001.md","DS","c18de65bf3e5122c3f32d5f14694139a3ab42e503f100eabf699aa5011dd1794","994e5d79efb76dd6e770c627b3b590425f2fae2122fc15e69ccea41391a65ac2","1","0"
"_待确认\27_零壹习题册\DS\10 - 树与二叉树\1-MCQ\DS-C10-Q002.md","DS","383573c9d9a3ce081f0c4a1c6c8e26686cdf29d5733e67781d00c84bb102b074","acdf2edb553236de1fbd297b2e22930a6fe51f43f6a263da9e70a54c8f07ab55","1","0"
"_待确认\27_零壹习题册\DS\10 - 树与二叉树\1-MCQ\DS-C10-Q007.md","DS","c0dc5650499bd447287ace694a3d0a28cc5d2ee6818f900c8a3cd05f698765fb","d539d1833163e0080978ae7c38b6a05472551f502b1be1bdb7005bd68cbadb76","1","0"
"_待确认\27_零壹习题册\DS\13 - 森林、树与二叉树的转换\1-MCQ\DS-C13-Q001.md","DS","b9a5c675a1a02586a205c7e568dbdd520c9f1e130e0344d9a4212b3d215a6dac","b1f2a734442678340d20e3a5d57715c8524120caddd2e9e536695c16007f657f","1","0"
"_待确认\27_零壹习题册\DS\13 - 森林、树与二叉树的转换\1-MCQ\DS-C13-Q003.md","DS","e2852b3d293b5971440fffdce972a9273c151890211ed2a76b17102bcf1e725c","45d7d0452e19eb95be7f2c5665d5d69ef4a4ce1c815d7c14f04cc77e63e91e29","1","0"
"_待确认\27_零壹习题册\DS\13 - 森林、树与二叉树的转换\1-MCQ\DS-C13-Q004.md","DS","e11c944b91923a9301260043881ef5e28251544de3c7ccd46db35681c06fb775","b2b5143287d26ec9c8bcaa418141243e57f03cbd8e4f16dbb3673967635575bc","2","0"
"_待确认\27_零壹习题册\DS\13 - 森林、树与二叉树的转换\1-MCQ\DS-C13-Q006.md","DS","ecce318c3cdb3cf0198734301fa9930abf7916c2385ee770ccb588f7948e96ca","457f403fdc541b6916303338fdc5883d001523acdcc55448097a7b561e6d2662","2","0"
"_待确认\27_零壹习题册\DS\13 - 森林、树与二叉树的转换\1-MCQ\DS-C13-Q007.md","DS","75c785f57080ee46599391ccb0f48093bca6947560b96ee12765183bf8db84bc","be9b497239290e6a9cce29744fbbdb767cfcc96e3dcfd62444a0647a7a901d28","1","0"
"_待确认\27_零壹习题册\DS\14 - 哈夫曼树\1-MCQ\DS-C14-Q001.md","DS","0e30a67f0a1ca2100e6aff4c249338d0d2c2de37977c412d2c010c674c0defba","05345818e6321091bdf577952d84d0f9547e18a4cb8f4115de4482ca3af0cd90","1","0"
"_待确认\27_零壹习题册\DS\14 - 哈夫曼树\1-MCQ\DS-C14-Q008.md","DS","4e957bef7fade7bbeb5a3efb2bf456b43138826539319266c0bd329f22fe4c5c","d2e72c40a5ea39fd6eddb4724e6b60d989e66fa08da0b9df24706303a6b1d40e","1","0"
"_待确认\27_零壹习题册\DS\15 - 平衡二叉树\1-MCQ\DS-C15-Q002.md","DS","59687f0ce04dc652fbef64173e137db5b44a56e050bc40f4f726e7bf5c812ca0","a673291623b8faff016e15d59116db71a91341f28c6208c29311f135657c8c4a","1","0"
"_待确认\27_零壹习题册\DS\18 - 图\1-MCQ\DS-C18-Q008.md","DS","5681ad33d18f61cdc74a9f7b6ed42f026f3457d64faf88cec454497c8a465ba3","ecd29a7c388274ef643120fe6d84e06785aa83883f1eef5083f3666254989069","2","0"
"_待确认\27_零壹习题册\DS\18 - 图\1-MCQ\DS-C18-Q009.md","DS","e92688090f25c5c0525d389e055eda4347482d1e71c05cb8c7f88b212fb46555","b40e9a1676964b1d8b6b6cb121bd98798fa7deaf8c5ee7a3cc6d0a8c4b19d854","2","0"
"_待确认\27_零壹习题册\DS\18 - 图\1-MCQ\DS-C18-Q018.md","DS","def69d97280938faf43177b9b1824c74354844d93bdfb08ccd9f1cb57d535d42","9cca7b3e1437fa5c9d9a24e8b146b7667ffb13bce0df63370ace2c0fed24543b","1","0"
"_待确认\27_零壹习题册\DS\18 - 图\1-MCQ\DS-C18-Q022.md","DS","b422cb47fc910f1637a8b024d6c640bb18b1ad9566532d23acb141c6ef789084","b616adac78fe693ed7f3d05c52d707e5c9350c98f75cc5ef4ae14ea377d5f422","1","0"
"_待确认\27_零壹习题册\DS\18 - 图\1-MCQ\DS-C18-Q023.md","DS","67baca8833ec062d89b69672d6240e96b9bd8140b7a175dd33d897928b0d0c48","5dfecb0f2e4609d11c585503bcc02635d94cd1b3c99fd36f116b707632c8c105","2","0"
"_待确认\27_零壹习题册\DS\19 - B树、B+树、红黑树\1-MCQ\DS-C19-Q006.md","DS","b18013beb336be8fac5dbbb6790616f024343b17fbe35688997032b831a0a4d0","6c59bcf4ac223b3c33ae67cf61615713a1da9a2f745ec615035875fb239963a7","1","0"
"_待确认\27_零壹习题册\DS\20 - 搜索与排序\1-MCQ\DS-C20-Q001.md","DS","06e703f0bd54e67e56d40a41b922fdee395b0199f708b6d32a7e878e2530b687","50291f789709776af8c0ac59aa5860ebe36255367965e64317cc411bfb2ebcb8","1","0"
"_待确认\27_零壹习题册\DS\20 - 搜索与排序\1-MCQ\DS-C20-Q008.md","DS","57f3fbd75af3bc1884b0f7fb9acf49d2028b6e5164d1f0d73b958cfeb1504abc","6d1482206c73e639b4c9c2158ad48e5e6c6305ec4fe88b21c481a6988bc9bc72","1","0"
"_待确认\王道算法应用题打卡表做题本\01-真题训练\3-FRQ\WD-ZT-T14.md","DS","86454776d3c0a165f7afa9b2d09c8ae7ad367bc716b439c96e9571cf59ec9a53","b8d8e9ead508dd1e601833cd22df936730a3897a8544de0e1eabe28a6f99e172","1","0"
"_待确认\王道算法应用题打卡表做题本\02-数组的应用\2.1 对称矩阵的压缩存储\3-FRQ\WD-2.1-T02.md","DS","dd72a9c7bd3fa726715fa5e854f7a7aff64e361074a8dad27be341475eb75199","0421d071842d392b5350d8d7280cd098ffabab827052f227cab0983ac51b5c85","1","0"
"_待确认\王道算法应用题打卡表做题本\02-数组的应用\2.1 对称矩阵的压缩存储\3-FRQ\WD-2.1-T05.md","DS","6f7ce2c30aba67baea0b53c64091e0f3eafd9230f7c5f08e1c4e081035f08729","3eb9b1956d43c7de408752422d3e0a811342cc01176ad9ae53cffa01993325a5","2","0"
"_待确认\王道算法应用题打卡表做题本\02-数组的应用\2.2 上\下三角矩阵的压缩存储\3-FRQ\WD-2.2-T01.md","DS","0f94152f72f365fa5f01817e7ee8003a9123e92c2a993a7f42e52b0c3129be93","18114036bd8c8b5e29153c1f114c4b196c9ad1b03c831eb949513172ccd88d28","1","0"
"_待确认\王道算法应用题打卡表做题本\02-数组的应用\2.2 上\下三角矩阵的压缩存储\3-FRQ\WD-2.2-T02.md","DS","59d57ea0e5d33ff96e5ec24826a730bff8d609400b379306a3bf9c6a1fc4f9d2","263a1e2a1d26f6f3e1d761182f2b95103c338b52b12be36f5980bbec8ec048c9","1","0"
"_待确认\王道算法应用题打卡表做题本\02-数组的应用\2.3 三对角矩阵的压缩存储\3-FRQ\WD-2.3-T02.md","DS","ab992ac2596eb2e8a28f21fb53212b82c3d2bcbf04a4baf06c845311dcb366e4","690db91bd5bfb1228802cbdc8c9b4893f2cc7192379932443325d8adf1cf0a36","1","0"
"_待确认\王道算法应用题打卡表做题本\02-数组的应用\2.3 三对角矩阵的压缩存储\3-FRQ\WD-2.3-T04.md","DS","50eeab0de42b5768041d514e3cb83b06fe478937b8e3260dd9b3dc5b73160ce0","a97ee0067ed4d00a021d5641b1e64a4813f3a228e42bdec4c4c2a5fc616ca0ab","1","0"
"_待确认\王道算法应用题打卡表做题本\03-栈队列的应用\3.1 栈的定义和基本操作实现\3-FRQ\WD-3.1-T05.md","DS","5c2acebbd870685ee79148a13fdddf54f8e4d6b96368a390a71a4ad40b09b13b","b0a1e896499f6335b5f0abda1a3d04974e419f3f0a09c20db9521617769d045e","1","0"
"_待确认\王道算法应用题打卡表做题本\04-树的应用\4.2 二叉树的顺序存储和基本操作实现\3-FRQ\WD-4.2-T06.md","DS","7bf4b87324b9459cd36ced4989557e6111a85a394756674acf5a2131967704ad","a3a0c527a5ae5e966ac23460f1446a9facb99294c0bcb27e0d25481e5efb11e7","1","0"
"_待确认\王道算法应用题打卡表做题本\04-树的应用\4.2 二叉树的顺序存储和基本操作实现\3-FRQ\WD-4.2-T08.md","DS","2ba7f0317e03a8fb8977c18c98c34617485e2056d7ee58bd5280ec62ad5370d1","6caafa2b58501eadd4a92038b14018cbf049ae290f011a67fd7c20211499d272","1","0"
"_待确认\王道算法应用题打卡表做题本\04-树的应用\4.3 树的性质\3-FRQ\WD-4.3-T01.md","DS","4331aff14628a51de166d94e9291440b32a867e90e6d645ed8024e6829437c85","9a9ed35ceb5b01e62c03e0fa72460ad94935415cd09df0330856bda2943a4aaa","1","0"
"_待确认\王道算法应用题打卡表做题本\04-树的应用\4.7 二叉排序树、平衡二叉树的应用\3-FRQ\WD-4.7-T04.md","DS","64d25908c47689190d86dc6b8de956eb355b18250b5e87a488fdbe4781cc0a04","a61ad67dec27d554cb038256174ee85d6a5bc28f0dfd577b4461f9067b5ff18d","1","0"
"_待确认\王道算法应用题打卡表做题本\05-图的应用\5.6 图的应用：关键路径\3-FRQ\WD-5.6-T01.md","DS","ddcbd106e936a6aa1c80ec4d81b8d724fa60fddec06c09dab77a07bf4be24aa8","33a5132c1236ed6e2cd20d808ad1177cacf5f44df3e0870cbb330c25f8fdb8d1","2","0"
"_待确认\王道算法应用题打卡表做题本\06-查找算法的分析和应用\6.3 散列查找\3-FRQ\WD-6.3-T01.md","DS","f33536596229526da4ac3c9d3a621ba09b8cdef4afb14eb0a07eebc1b50cc1bf","eaf15004486c027519803df0870650ba1f9d84ff2c24401eac2d96c0ecae7d98","1","0"
"_待确认\王道算法应用题打卡表做题本\06-查找算法的分析和应用\6.3 散列查找\3-FRQ\WD-6.3-T02.md","DS","d02d948b7b5ac142ab26824ef735ba6f5387d9eda66f4745c68bfb94e4065c56","7d05e70c0e9620aa88da13ae23837530be5d9c7e98f24ed0a8f8bf6e78156a95","1","0"
"_待确认\王道算法应用题打卡表做题本\06-查找算法的分析和应用\6.3 散列查找\3-FRQ\WD-6.3-T03.md","DS","5c5c142a6f85e59cf95b9ec973eaf91cc866b26cd43abd80a55513f7aaea6f3b","6799cefb6879a57a0fccdb9450c52de9965ab54e7033db1f23ef11a3dd11bdca","1","0"
"_待确认\王道算法应用题打卡表做题本\06-查找算法的分析和应用\6.3 散列查找\3-FRQ\WD-6.3-T05.md","DS","b4503bba64013734dcb8603288cfda891b8af38fedf1a8bb335cf7037171d7da","b2f0da0e226d4210c53d1bcdcb8e358151bf67f76a069efadba5af29a00e4266","1","0"
"_待确认\王道算法应用题打卡表做题本\06-查找算法的分析和应用\6.3 散列查找\3-FRQ\WD-6.3-T06.md","DS","c1e4f120ab75fdcb1fe5351d5b752efc3ef9780b41ff1df58a43f562f17647d1","11ab45745f3fe891164abf7d333f832a327c1f0b6610eb6987cd5d53a7691964","1","0"
"_待确认\王道算法应用题打卡表做题本\07-排序算法的分析和应用\7.4 基数排序\3-FRQ\WD-7.4-T02.md","DS","e18de6a16b6a0aa26ffcac0c7c30750f3261547a4da4e48e489221b5f39301e9","1618de54d7a9e9603e9e83c78e63c2b118e76bcf9a5ffa938b10834087f6faf3","1","0"
